,power.feldheim.prod.obs.kw.geco.h
2020-12-31 23:00:00+00:00,0.04292565
2021-01-01 00:00:00+00:00,0.01649985
2021-01-01 01:00:00+00:00,0.0077441
2021-01-01 02:00:00+00:00,0.0009648500000000001
2021-01-01 03:00:00+00:00,0.0009569000000000001
2021-01-01 04:00:00+00:00,0.0
2021-01-01 05:00:00+00:00,0.0009461499999999999
2021-01-01 06:00:00+00:00,0.0
2021-01-01 07:00:00+00:00,0.0
2021-01-01 08:00:00+00:00,0.0027596
2021-01-01 09:00:00+00:00,0.00364075
2021-01-01 10:00:00+00:00,0.0008406
2021-01-01 11:00:00+00:00,0.0
2021-01-01 12:00:00+00:00,0.0
2021-01-01 13:00:00+00:00,0.0
2021-01-01 14:00:00+00:00,0.00256605
2021-01-01 15:00:00+00:00,0.00181065
2021-01-01 16:00:00+00:00,0.00734185
2021-01-01 17:00:00+00:00,0.0083235
2021-01-01 18:00:00+00:00,0.00634285
2021-01-01 19:00:00+00:00,0.0037375
2021-01-01 20:00:00+00:00,0.00565955
2021-01-01 21:00:00+00:00,0.0171233
2021-01-01 22:00:00+00:00,0.010374850000000001
2021-01-01 23:00:00+00:00,0.0037453000000000005
2021-01-02 00:00:00+00:00,0.00644695
2021-01-02 01:00:00+00:00,0.0
2021-01-02 02:00:00+00:00,0.00943545
2021-01-02 03:00:00+00:00,0.0105521
2021-01-02 04:00:00+00:00,0.0183605
2021-01-02 05:00:00+00:00,0.02303055
2021-01-02 06:00:00+00:00,0.0057418
2021-01-02 07:00:00+00:00,0.0018849499999999998
2021-01-02 08:00:00+00:00,0.0
2021-01-02 09:00:00+00:00,0.0
2021-01-02 10:00:00+00:00,0.0
2021-01-02 11:00:00+00:00,0.0
2021-01-02 12:00:00+00:00,0.0
2021-01-02 13:00:00+00:00,0.0
2021-01-02 14:00:00+00:00,0.0
2021-01-02 15:00:00+00:00,0.0
2021-01-02 16:00:00+00:00,0.00071815
2021-01-02 17:00:00+00:00,0.0044137000000000004
2021-01-02 18:00:00+00:00,0.01135335
2021-01-02 19:00:00+00:00,0.0212411
2021-01-02 20:00:00+00:00,0.04673265
2021-01-02 21:00:00+00:00,0.04468405
2021-01-02 22:00:00+00:00,0.068126
2021-01-02 23:00:00+00:00,0.09155295
2021-01-03 00:00:00+00:00,0.0956308
2021-01-03 01:00:00+00:00,0.1544916
2021-01-03 02:00:00+00:00,0.17392625
2021-01-03 03:00:00+00:00,0.2092268
2021-01-03 04:00:00+00:00,0.29121825
2021-01-03 05:00:00+00:00,0.30776565
2021-01-03 06:00:00+00:00,0.22192444999999997
2021-01-03 07:00:00+00:00,0.23585075000000003
2021-01-03 08:00:00+00:00,0.23373855
2021-01-03 09:00:00+00:00,0.21719520000000003
2021-01-03 10:00:00+00:00,0.21424340000000003
2021-01-03 11:00:00+00:00,0.21122074999999998
2021-01-03 12:00:00+00:00,0.1770552
2021-01-03 13:00:00+00:00,0.1691728
2021-01-03 14:00:00+00:00,0.1133891
2021-01-03 15:00:00+00:00,0.10460540000000002
2021-01-03 16:00:00+00:00,0.09175565000000001
2021-01-03 17:00:00+00:00,0.08295965
2021-01-03 18:00:00+00:00,0.08305295
2021-01-03 19:00:00+00:00,0.0710904
2021-01-03 20:00:00+00:00,0.0717819
2021-01-03 21:00:00+00:00,0.07378295
2021-01-03 22:00:00+00:00,0.08937885
2021-01-03 23:00:00+00:00,0.0862346
2021-01-04 00:00:00+00:00,0.0773969
2021-01-04 01:00:00+00:00,0.0743254
2021-01-04 02:00:00+00:00,0.04603685
2021-01-04 03:00:00+00:00,0.0448806
2021-01-04 04:00:00+00:00,0.04279325
2021-01-04 05:00:00+00:00,0.032067200000000004
2021-01-04 06:00:00+00:00,0.03392215
2021-01-04 07:00:00+00:00,0.024382749999999998
2021-01-04 08:00:00+00:00,0.02115815
2021-01-04 09:00:00+00:00,0.0095579
2021-01-04 10:00:00+00:00,0.0054004
2021-01-04 11:00:00+00:00,0.0061845
2021-01-04 12:00:00+00:00,0.0125711
2021-01-04 13:00:00+00:00,0.01478415
2021-01-04 14:00:00+00:00,0.0151079
2021-01-04 15:00:00+00:00,0.01089495
2021-01-04 16:00:00+00:00,0.0092265
2021-01-04 17:00:00+00:00,0.0057247
2021-01-04 18:00:00+00:00,0.0083126
2021-01-04 19:00:00+00:00,0.0085622
2021-01-04 20:00:00+00:00,0.0093276
2021-01-04 21:00:00+00:00,0.0120139
2021-01-04 22:00:00+00:00,0.010396800000000001
2021-01-04 23:00:00+00:00,0.01801745
2021-01-05 00:00:00+00:00,0.013655549999999999
2021-01-05 01:00:00+00:00,0.013816
2021-01-05 02:00:00+00:00,0.01697625
2021-01-05 03:00:00+00:00,0.01868595
2021-01-05 04:00:00+00:00,0.008959749999999999
2021-01-05 05:00:00+00:00,0.00423445
2021-01-05 06:00:00+00:00,0.0032852
2021-01-05 07:00:00+00:00,0.00145045
2021-01-05 08:00:00+00:00,0.0
2021-01-05 09:00:00+00:00,0.0
2021-01-05 10:00:00+00:00,0.0
2021-01-05 11:00:00+00:00,0.00091925
2021-01-05 12:00:00+00:00,0.0009041
2021-01-05 13:00:00+00:00,0.00566825
2021-01-05 14:00:00+00:00,0.0065761
2021-01-05 15:00:00+00:00,0.0115069
2021-01-05 16:00:00+00:00,0.01052745
2021-01-05 17:00:00+00:00,0.01245385
2021-01-05 18:00:00+00:00,0.0076419
2021-01-05 19:00:00+00:00,0.0086582
2021-01-05 20:00:00+00:00,0.00674815
2021-01-05 21:00:00+00:00,0.00576865
2021-01-05 22:00:00+00:00,0.0038688499999999996
2021-01-05 23:00:00+00:00,0.0077456
2021-01-06 00:00:00+00:00,0.0038835000000000002
2021-01-06 01:00:00+00:00,0.00778025
2021-01-06 02:00:00+00:00,0.013600600000000001
2021-01-06 03:00:00+00:00,0.006788150000000001
2021-01-06 04:00:00+00:00,0.00968875
2021-01-06 05:00:00+00:00,0.011673000000000001
2021-01-06 06:00:00+00:00,0.007767400000000001
2021-01-06 07:00:00+00:00,0.010645650000000001
2021-01-06 08:00:00+00:00,0.0038421999999999996
2021-01-06 09:00:00+00:00,0.00188705
2021-01-06 10:00:00+00:00,0.0
2021-01-06 11:00:00+00:00,0.0
2021-01-06 12:00:00+00:00,0.0009637000000000001
2021-01-06 13:00:00+00:00,0.0029025500000000003
2021-01-06 14:00:00+00:00,0.0019248999999999998
2021-01-06 15:00:00+00:00,0.00385165
2021-01-06 16:00:00+00:00,0.0038785499999999997
2021-01-06 17:00:00+00:00,0.0125936
2021-01-06 18:00:00+00:00,0.01065525
2021-01-06 19:00:00+00:00,0.011626649999999999
2021-01-06 20:00:00+00:00,0.01066705
2021-01-06 21:00:00+00:00,0.00485475
2021-01-06 22:00:00+00:00,0.0067848
2021-01-06 23:00:00+00:00,0.0029055
2021-01-07 00:00:00+00:00,0.0058424
2021-01-07 01:00:00+00:00,0.01071855
2021-01-07 02:00:00+00:00,0.0058501
2021-01-07 03:00:00+00:00,0.0058363500000000006
2021-01-07 04:00:00+00:00,0.00487
2021-01-07 05:00:00+00:00,0.006813249999999999
2021-01-07 06:00:00+00:00,0.00388955
2021-01-07 07:00:00+00:00,0.001947
2021-01-07 08:00:00+00:00,0.00584525
2021-01-07 09:00:00+00:00,0.00488685
2021-01-07 10:00:00+00:00,0.01268555
2021-01-07 11:00:00+00:00,0.010740099999999999
2021-01-07 12:00:00+00:00,0.0156071
2021-01-07 13:00:00+00:00,0.0107195
2021-01-07 14:00:00+00:00,0.00974115
2021-01-07 15:00:00+00:00,0.0145883
2021-01-07 16:00:00+00:00,0.008757250000000001
2021-01-07 17:00:00+00:00,0.007802450000000001
2021-01-07 18:00:00+00:00,0.013645750000000002
2021-01-07 19:00:00+00:00,0.011666
2021-01-07 20:00:00+00:00,0.00970155
2021-01-07 21:00:00+00:00,0.00777685
2021-01-07 22:00:00+00:00,0.00582415
2021-01-07 23:00:00+00:00,0.009731749999999999
2021-01-08 00:00:00+00:00,0.00583955
2021-01-08 01:00:00+00:00,0.00680655
2021-01-08 02:00:00+00:00,0.00486895
2021-01-08 03:00:00+00:00,0.00485965
2021-01-08 04:00:00+00:00,0.00291175
2021-01-08 05:00:00+00:00,0.0058136
2021-01-08 06:00:00+00:00,0.0077123
2021-01-08 07:00:00+00:00,0.0028843
2021-01-08 08:00:00+00:00,0.0
2021-01-08 09:00:00+00:00,0.0
2021-01-08 10:00:00+00:00,0.0
2021-01-08 11:00:00+00:00,0.0
2021-01-08 12:00:00+00:00,0.0037116
2021-01-08 13:00:00+00:00,0.0066268
2021-01-08 14:00:00+00:00,0.00757925
2021-01-08 15:00:00+00:00,0.0134066
2021-01-08 16:00:00+00:00,0.01734015
2021-01-08 17:00:00+00:00,0.00670275
2021-01-08 18:00:00+00:00,0.0037828000000000002
2021-01-08 19:00:00+00:00,0.013413550000000002
2021-01-08 20:00:00+00:00,0.0210323
2021-01-08 21:00:00+00:00,0.01829505
2021-01-08 22:00:00+00:00,0.0095742
2021-01-08 23:00:00+00:00,0.01446815
2021-01-09 00:00:00+00:00,0.00964515
2021-01-09 01:00:00+00:00,0.00772725
2021-01-09 02:00:00+00:00,0.01348915
2021-01-09 03:00:00+00:00,0.0047988
2021-01-09 04:00:00+00:00,0.00376815
2021-01-09 05:00:00+00:00,0.0037272
2021-01-09 06:00:00+00:00,0.0027564499999999997
2021-01-09 07:00:00+00:00,0.0
2021-01-09 08:00:00+00:00,0.0
2021-01-09 09:00:00+00:00,0.0026255
2021-01-09 10:00:00+00:00,0.0036808999999999995
2021-01-09 11:00:00+00:00,0.0084305
2021-01-09 12:00:00+00:00,0.0075595
2021-01-09 13:00:00+00:00,0.01235235
2021-01-09 14:00:00+00:00,0.0171547
2021-01-09 15:00:00+00:00,0.02120825
2021-01-09 16:00:00+00:00,0.019287600000000002
2021-01-09 17:00:00+00:00,0.01928955
2021-01-09 18:00:00+00:00,0.02224365
2021-01-09 19:00:00+00:00,0.02797405
2021-01-09 20:00:00+00:00,0.0240829
2021-01-09 21:00:00+00:00,0.0191907
2021-01-09 22:00:00+00:00,0.0046463500000000005
2021-01-09 23:00:00+00:00,0.000932
2021-01-10 00:00:00+00:00,0.0
2021-01-10 01:00:00+00:00,0.0
2021-01-10 02:00:00+00:00,0.0
2021-01-10 03:00:00+00:00,0.0
2021-01-10 04:00:00+00:00,0.0
2021-01-10 05:00:00+00:00,0.0
2021-01-10 06:00:00+00:00,0.0
2021-01-10 07:00:00+00:00,0.0
2021-01-10 08:00:00+00:00,0.0
2021-01-10 09:00:00+00:00,0.0009160500000000001
2021-01-10 10:00:00+00:00,0.00275025
2021-01-10 11:00:00+00:00,0.0
2021-01-10 12:00:00+00:00,0.0018086500000000002
2021-01-10 13:00:00+00:00,0.00182895
2021-01-10 14:00:00+00:00,0.007611799999999999
2021-01-10 15:00:00+00:00,0.02042215
2021-01-10 16:00:00+00:00,0.02925485
2021-01-10 17:00:00+00:00,0.017544149999999998
2021-01-10 18:00:00+00:00,0.029228699999999996
2021-01-10 19:00:00+00:00,0.0282704
2021-01-10 20:00:00+00:00,0.0361344
2021-01-10 21:00:00+00:00,0.03326225
2021-01-10 22:00:00+00:00,0.03423205
2021-01-10 23:00:00+00:00,0.0342034
2021-01-11 00:00:00+00:00,0.0488995
2021-01-11 01:00:00+00:00,0.05183055
2021-01-11 02:00:00+00:00,0.045982350000000005
2021-01-11 03:00:00+00:00,0.04404045
2021-01-11 04:00:00+00:00,0.03417355
2021-01-11 05:00:00+00:00,0.0380947
2021-01-11 06:00:00+00:00,0.0439883
2021-01-11 07:00:00+00:00,0.04208295
2021-01-11 08:00:00+00:00,0.04305615
2021-01-11 09:00:00+00:00,0.14864545
2021-01-11 10:00:00+00:00,0.15849645
2021-01-11 11:00:00+00:00,0.15849315
2021-01-11 12:00:00+00:00,0.15070755
2021-01-11 13:00:00+00:00,0.1457889
2021-01-11 14:00:00+00:00,0.17417915
2021-01-11 15:00:00+00:00,0.20432645
2021-01-11 16:00:00+00:00,0.25214405
2021-01-11 17:00:00+00:00,0.2255471
2021-01-11 18:00:00+00:00,0.30839175
2021-01-11 19:00:00+00:00,0.33075315
2021-01-11 20:00:00+00:00,0.3189238
2021-01-11 21:00:00+00:00,0.1903362
2021-01-11 22:00:00+00:00,0.2430072
2021-01-11 23:00:00+00:00,0.3010165
2021-01-12 00:00:00+00:00,0.46814875
2021-01-12 01:00:00+00:00,0.38281545
2021-01-12 02:00:00+00:00,0.47524004999999997
2021-01-12 03:00:00+00:00,0.5218425
2021-01-12 04:00:00+00:00,0.5775027500000001
2021-01-12 05:00:00+00:00,0.56599235
2021-01-12 06:00:00+00:00,0.5460489
2021-01-12 07:00:00+00:00,0.49581329999999996
2021-01-12 08:00:00+00:00,0.4210322
2021-01-12 09:00:00+00:00,0.3716662
2021-01-12 10:00:00+00:00,0.33266325
2021-01-12 11:00:00+00:00,0.2597978
2021-01-12 12:00:00+00:00,0.20812440000000001
2021-01-12 13:00:00+00:00,0.1800566
2021-01-12 14:00:00+00:00,0.14957235
2021-01-12 15:00:00+00:00,0.2376343
2021-01-12 16:00:00+00:00,0.19755635
2021-01-12 17:00:00+00:00,0.21516799999999997
2021-01-12 18:00:00+00:00,0.18773625
2021-01-12 19:00:00+00:00,0.46021985000000004
2021-01-12 20:00:00+00:00,0.4733196
2021-01-12 21:00:00+00:00,0.41874385000000003
2021-01-12 22:00:00+00:00,0.65249385
2021-01-12 23:00:00+00:00,0.5571296
2021-01-13 00:00:00+00:00,0.6527889
2021-01-13 01:00:00+00:00,0.7997127
2021-01-13 02:00:00+00:00,0.6722042
2021-01-13 03:00:00+00:00,0.51618025
2021-01-13 04:00:00+00:00,0.51116295
2021-01-13 05:00:00+00:00,0.7323939500000001
2021-01-13 06:00:00+00:00,0.7422805
2021-01-13 07:00:00+00:00,0.5695085
2021-01-13 08:00:00+00:00,0.4287462
2021-01-13 09:00:00+00:00,0.2979563
2021-01-13 10:00:00+00:00,0.2941022
2021-01-13 11:00:00+00:00,0.38595045
2021-01-13 12:00:00+00:00,0.55828925
2021-01-13 13:00:00+00:00,0.4231876
2021-01-13 14:00:00+00:00,0.5324578000000001
2021-01-13 15:00:00+00:00,0.677855
2021-01-13 16:00:00+00:00,0.64048395
2021-01-13 17:00:00+00:00,0.7797336
2021-01-13 18:00:00+00:00,0.7779399
2021-01-13 19:00:00+00:00,0.5725265500000001
2021-01-13 20:00:00+00:00,0.40883015
2021-01-13 21:00:00+00:00,0.63298365
2021-01-13 22:00:00+00:00,0.7222060499999999
2021-01-13 23:00:00+00:00,0.80489945
2021-01-14 00:00:00+00:00,0.9451212
2021-01-14 01:00:00+00:00,0.8538095499999999
2021-01-14 02:00:00+00:00,0.7582297
2021-01-14 03:00:00+00:00,0.3907735
2021-01-14 04:00:00+00:00,0.36921495
2021-01-14 05:00:00+00:00,0.25421005
2021-01-14 06:00:00+00:00,0.14771245
2021-01-14 07:00:00+00:00,0.19852014999999998
2021-01-14 08:00:00+00:00,0.14081269999999999
2021-01-14 09:00:00+00:00,0.13101559999999998
2021-01-14 10:00:00+00:00,0.09684835
2021-01-14 11:00:00+00:00,0.08304755
2021-01-14 12:00:00+00:00,0.09373505
2021-01-14 13:00:00+00:00,0.09186675
2021-01-14 14:00:00+00:00,0.0801188
2021-01-14 15:00:00+00:00,0.10064605
2021-01-14 16:00:00+00:00,0.10935815
2021-01-14 17:00:00+00:00,0.0731183
2021-01-14 18:00:00+00:00,0.06339125
2021-01-14 19:00:00+00:00,0.061320150000000004
2021-01-14 20:00:00+00:00,0.041646550000000004
2021-01-14 21:00:00+00:00,0.033575549999999996
2021-01-14 22:00:00+00:00,0.0239088
2021-01-14 23:00:00+00:00,0.01929255
2021-01-15 00:00:00+00:00,0.023222200000000002
2021-01-15 01:00:00+00:00,0.017364599999999997
2021-01-15 02:00:00+00:00,0.02889875
2021-01-15 03:00:00+00:00,0.0476185
2021-01-15 04:00:00+00:00,0.0710384
2021-01-15 05:00:00+00:00,0.03581505
2021-01-15 06:00:00+00:00,0.05826130000000001
2021-01-15 07:00:00+00:00,0.0348641
2021-01-15 08:00:00+00:00,0.037791000000000005
2021-01-15 09:00:00+00:00,0.0477322
2021-01-15 10:00:00+00:00,0.06435905
2021-01-15 11:00:00+00:00,0.06241875
2021-01-15 12:00:00+00:00,0.0526395
2021-01-15 13:00:00+00:00,0.053623699999999996
2021-01-15 14:00:00+00:00,0.05756005
2021-01-15 15:00:00+00:00,0.0769648
2021-01-15 16:00:00+00:00,0.07197855
2021-01-15 17:00:00+00:00,0.0593084
2021-01-15 18:00:00+00:00,0.0604901
2021-01-15 19:00:00+00:00,0.0976404
2021-01-15 20:00:00+00:00,0.06342275
2021-01-15 21:00:00+00:00,0.09960925
2021-01-15 22:00:00+00:00,0.06024625
2021-01-15 23:00:00+00:00,0.0424854
2021-01-16 00:00:00+00:00,0.05143755
2021-01-16 01:00:00+00:00,0.027807549999999997
2021-01-16 02:00:00+00:00,0.0228208
2021-01-16 03:00:00+00:00,0.039253699999999996
2021-01-16 04:00:00+00:00,0.07434070000000001
2021-01-16 05:00:00+00:00,0.10689195
2021-01-16 06:00:00+00:00,0.1452686
2021-01-16 07:00:00+00:00,0.17645825
2021-01-16 08:00:00+00:00,0.10527864999999999
2021-01-16 09:00:00+00:00,0.11890595000000001
2021-01-16 10:00:00+00:00,0.1366918
2021-01-16 11:00:00+00:00,0.10821420000000001
2021-01-16 12:00:00+00:00,0.14050764999999998
2021-01-16 13:00:00+00:00,0.16202335
2021-01-16 14:00:00+00:00,0.11681099999999998
2021-01-16 15:00:00+00:00,0.08946130000000001
2021-01-16 16:00:00+00:00,0.07204825
2021-01-16 17:00:00+00:00,0.04667975
2021-01-16 18:00:00+00:00,0.03864695
2021-01-16 19:00:00+00:00,0.03650795
2021-01-16 20:00:00+00:00,0.035199
2021-01-16 21:00:00+00:00,0.01708945
2021-01-16 22:00:00+00:00,0.0098582
2021-01-16 23:00:00+00:00,0.0
2021-01-17 00:00:00+00:00,0.0
2021-01-17 01:00:00+00:00,0.0
2021-01-17 02:00:00+00:00,0.0
2021-01-17 03:00:00+00:00,0.0
2021-01-17 04:00:00+00:00,0.0
2021-01-17 05:00:00+00:00,0.0
2021-01-17 06:00:00+00:00,0.0
2021-01-17 07:00:00+00:00,0.0
2021-01-17 08:00:00+00:00,0.0
2021-01-17 09:00:00+00:00,0.0
2021-01-17 10:00:00+00:00,0.0
2021-01-17 11:00:00+00:00,0.0
2021-01-17 12:00:00+00:00,0.0
2021-01-17 13:00:00+00:00,0.0
2021-01-17 14:00:00+00:00,0.0
2021-01-17 15:00:00+00:00,0.0
2021-01-17 16:00:00+00:00,0.0079062
2021-01-17 17:00:00+00:00,0.0103376
2021-01-17 18:00:00+00:00,0.052767949999999994
2021-01-17 19:00:00+00:00,0.054260850000000006
2021-01-17 20:00:00+00:00,0.06394905
2021-01-17 21:00:00+00:00,0.0601262
2021-01-17 22:00:00+00:00,0.06506765
2021-01-17 23:00:00+00:00,0.031020600000000002
2021-01-18 00:00:00+00:00,0.02024595
2021-01-18 01:00:00+00:00,0.007626399999999999
2021-01-18 02:00:00+00:00,0.0009314999999999999
2021-01-18 03:00:00+00:00,0.0018636
2021-01-18 04:00:00+00:00,0.00089695
2021-01-18 05:00:00+00:00,0.0018576
2021-01-18 06:00:00+00:00,0.00561875
2021-01-18 07:00:00+00:00,0.0123631
2021-01-18 08:00:00+00:00,0.01733445
2021-01-18 09:00:00+00:00,0.06494455
2021-01-18 10:00:00+00:00,0.11875455
2021-01-18 11:00:00+00:00,0.18063305
2021-01-18 12:00:00+00:00,0.0888802
2021-01-18 13:00:00+00:00,0.07618955
2021-01-18 14:00:00+00:00,0.08504325
2021-01-18 15:00:00+00:00,0.12326785
2021-01-18 16:00:00+00:00,0.1584526
2021-01-18 17:00:00+00:00,0.1798178
2021-01-18 18:00:00+00:00,0.2802843
2021-01-18 19:00:00+00:00,0.302667
2021-01-18 20:00:00+00:00,0.31146
2021-01-18 21:00:00+00:00,0.18665879999999999
2021-01-18 22:00:00+00:00,0.24514564999999996
2021-01-18 23:00:00+00:00,0.21019735
2021-01-19 00:00:00+00:00,0.23750529999999997
2021-01-19 01:00:00+00:00,0.288139
2021-01-19 02:00:00+00:00,0.26965605
2021-01-19 03:00:00+00:00,0.19251669999999999
2021-01-19 04:00:00+00:00,0.175871
2021-01-19 05:00:00+00:00,0.1555027
2021-01-19 06:00:00+00:00,0.2450464
2021-01-19 07:00:00+00:00,0.23549050000000002
2021-01-19 08:00:00+00:00,0.15927455
2021-01-19 09:00:00+00:00,0.1417829
2021-01-19 10:00:00+00:00,0.27750735
2021-01-19 11:00:00+00:00,0.262594
2021-01-19 12:00:00+00:00,0.23040259999999999
2021-01-19 13:00:00+00:00,0.2555962
2021-01-19 14:00:00+00:00,0.33189430000000003
2021-01-19 15:00:00+00:00,0.3583685
2021-01-19 16:00:00+00:00,0.30576735
2021-01-19 17:00:00+00:00,0.3292851
2021-01-19 18:00:00+00:00,0.29669735
2021-01-19 19:00:00+00:00,0.3296401
2021-01-19 20:00:00+00:00,0.32087045
2021-01-19 21:00:00+00:00,0.48446409999999995
2021-01-19 22:00:00+00:00,0.3739139
2021-01-19 23:00:00+00:00,0.47788215
2021-01-20 00:00:00+00:00,0.51234555
2021-01-20 01:00:00+00:00,0.4203647
2021-01-20 02:00:00+00:00,0.41241809999999995
2021-01-20 03:00:00+00:00,0.2430005
2021-01-20 04:00:00+00:00,0.3569584
2021-01-20 05:00:00+00:00,0.32771885
2021-01-20 06:00:00+00:00,0.20591005
2021-01-20 07:00:00+00:00,0.2635134
2021-01-20 08:00:00+00:00,0.39295945
2021-01-20 09:00:00+00:00,0.34943939999999996
2021-01-20 10:00:00+00:00,0.31386965
2021-01-20 11:00:00+00:00,0.42120375000000004
2021-01-20 12:00:00+00:00,0.38043355
2021-01-20 13:00:00+00:00,0.32307179999999996
2021-01-20 14:00:00+00:00,0.13571765
2021-01-20 15:00:00+00:00,0.09867645
2021-01-20 16:00:00+00:00,0.20779965000000003
2021-01-20 17:00:00+00:00,0.25645675
2021-01-20 18:00:00+00:00,0.27208935
2021-01-20 19:00:00+00:00,0.34883339999999996
2021-01-20 20:00:00+00:00,0.1512258
2021-01-20 21:00:00+00:00,0.13861500000000002
2021-01-20 22:00:00+00:00,0.17244215
2021-01-20 23:00:00+00:00,0.2454399
2021-01-21 00:00:00+00:00,0.2571888
2021-01-21 01:00:00+00:00,0.22732890000000003
2021-01-21 02:00:00+00:00,0.1738399
2021-01-21 03:00:00+00:00,0.12892075
2021-01-21 04:00:00+00:00,0.30727
2021-01-21 05:00:00+00:00,0.37806305
2021-01-21 06:00:00+00:00,0.24267945
2021-01-21 07:00:00+00:00,0.42254719999999996
2021-01-21 08:00:00+00:00,0.37217505
2021-01-21 09:00:00+00:00,0.64905685
2021-01-21 10:00:00+00:00,0.7937742
2021-01-21 11:00:00+00:00,0.807248
2021-01-21 12:00:00+00:00,0.5392757499999999
2021-01-21 13:00:00+00:00,0.4807408
2021-01-21 14:00:00+00:00,0.15644055
2021-01-21 15:00:00+00:00,0.35980995
2021-01-21 16:00:00+00:00,0.2946301
2021-01-21 17:00:00+00:00,0.22255904999999998
2021-01-21 18:00:00+00:00,0.2030261
2021-01-21 19:00:00+00:00,0.26466419999999996
2021-01-21 20:00:00+00:00,0.16986220000000002
2021-01-21 21:00:00+00:00,0.1818734
2021-01-21 22:00:00+00:00,0.34017159999999996
2021-01-21 23:00:00+00:00,0.46316660000000004
2021-01-22 00:00:00+00:00,0.76540795
2021-01-22 01:00:00+00:00,0.978941
2021-01-22 02:00:00+00:00,0.8625278000000001
2021-01-22 03:00:00+00:00,0.797583
2021-01-22 04:00:00+00:00,0.6415892
2021-01-22 05:00:00+00:00,0.8150417999999999
2021-01-22 06:00:00+00:00,0.5515015999999999
2021-01-22 07:00:00+00:00,0.47720215
2021-01-22 08:00:00+00:00,0.45717034999999995
2021-01-22 09:00:00+00:00,0.1485951
2021-01-22 10:00:00+00:00,0.055235950000000006
2021-01-22 11:00:00+00:00,0.05264615
2021-01-22 12:00:00+00:00,0.02379995
2021-01-22 13:00:00+00:00,0.03673715
2021-01-22 14:00:00+00:00,0.0367344
2021-01-22 15:00:00+00:00,0.055251549999999996
2021-01-22 16:00:00+00:00,0.034966250000000004
2021-01-22 17:00:00+00:00,0.036086200000000006
2021-01-22 18:00:00+00:00,0.02638435
2021-01-22 19:00:00+00:00,0.05178995
2021-01-22 20:00:00+00:00,0.0730728
2021-01-22 21:00:00+00:00,0.007746899999999999
2021-01-22 22:00:00+00:00,0.0228591
2021-01-22 23:00:00+00:00,0.03745725
2021-01-23 00:00:00+00:00,0.03303785
2021-01-23 01:00:00+00:00,0.00961865
2021-01-23 02:00:00+00:00,0.028823500000000002
2021-01-23 03:00:00+00:00,0.01534555
2021-01-23 04:00:00+00:00,0.02202435
2021-01-23 05:00:00+00:00,0.03182345
2021-01-23 06:00:00+00:00,0.0065643
2021-01-23 07:00:00+00:00,0.007365000000000001
2021-01-23 08:00:00+00:00,0.034965449999999995
2021-01-23 09:00:00+00:00,0.04197925
2021-01-23 10:00:00+00:00,0.05369765
2021-01-23 11:00:00+00:00,0.035996850000000004
2021-01-23 12:00:00+00:00,0.01822
2021-01-23 13:00:00+00:00,0.0018810500000000002
2021-01-23 14:00:00+00:00,0.0
2021-01-23 15:00:00+00:00,0.0025871500000000003
2021-01-23 16:00:00+00:00,0.0232062
2021-01-23 17:00:00+00:00,0.04007385
2021-01-23 18:00:00+00:00,0.04400245
2021-01-23 19:00:00+00:00,0.03221215
2021-01-23 20:00:00+00:00,0.0116676
2021-01-23 21:00:00+00:00,0.0115437
2021-01-23 22:00:00+00:00,0.0199224
2021-01-23 23:00:00+00:00,0.02021105
2021-01-24 00:00:00+00:00,0.02413195
2021-01-24 01:00:00+00:00,0.028111900000000002
2021-01-24 02:00:00+00:00,0.0553737
2021-01-24 03:00:00+00:00,0.10621984999999999
2021-01-24 04:00:00+00:00,0.1044943
2021-01-24 05:00:00+00:00,0.1092015
2021-01-24 06:00:00+00:00,0.1266157
2021-01-24 07:00:00+00:00,0.07655035
2021-01-24 08:00:00+00:00,0.0560313
2021-01-24 09:00:00+00:00,0.03842125
2021-01-24 10:00:00+00:00,0.02431185
2021-01-24 11:00:00+00:00,0.01939355
2021-01-24 12:00:00+00:00,0.00606125
2021-01-24 13:00:00+00:00,0.0
2021-01-24 14:00:00+00:00,0.0
2021-01-24 15:00:00+00:00,0.0
2021-01-24 16:00:00+00:00,0.00078655
2021-01-24 17:00:00+00:00,0.0053882
2021-01-24 18:00:00+00:00,0.0147899
2021-01-24 19:00:00+00:00,0.01208155
2021-01-24 20:00:00+00:00,0.0362009
2021-01-24 21:00:00+00:00,0.03738405
2021-01-24 22:00:00+00:00,0.03135295
2021-01-24 23:00:00+00:00,0.041134
2021-01-25 00:00:00+00:00,0.0306826
2021-01-25 01:00:00+00:00,0.0534147
2021-01-25 02:00:00+00:00,0.02511715
2021-01-25 03:00:00+00:00,0.023775499999999998
2021-01-25 04:00:00+00:00,0.00855085
2021-01-25 05:00:00+00:00,0.013043899999999999
2021-01-25 06:00:00+00:00,0.01721585
2021-01-25 07:00:00+00:00,0.0278145
2021-01-25 08:00:00+00:00,0.018007099999999998
2021-01-25 09:00:00+00:00,0.0142197
2021-01-25 10:00:00+00:00,0.01025665
2021-01-25 11:00:00+00:00,0.0130047
2021-01-25 12:00:00+00:00,0.02105615
2021-01-25 13:00:00+00:00,0.0377608
2021-01-25 14:00:00+00:00,0.032695999999999996
2021-01-25 15:00:00+00:00,0.0366195
2021-01-25 16:00:00+00:00,0.046610399999999996
2021-01-25 17:00:00+00:00,0.0397805
2021-01-25 18:00:00+00:00,0.0671774
2021-01-25 19:00:00+00:00,0.10634595
2021-01-25 20:00:00+00:00,0.1238248
2021-01-25 21:00:00+00:00,0.14815150000000002
2021-01-25 22:00:00+00:00,0.09735805
2021-01-25 23:00:00+00:00,0.07311235
2021-01-26 00:00:00+00:00,0.07531845
2021-01-26 01:00:00+00:00,0.0477072
2021-01-26 02:00:00+00:00,0.04283785
2021-01-26 03:00:00+00:00,0.0448093
2021-01-26 04:00:00+00:00,0.0691874
2021-01-26 05:00:00+00:00,0.08986255
2021-01-26 06:00:00+00:00,0.0477849
2021-01-26 07:00:00+00:00,0.02722285
2021-01-26 08:00:00+00:00,0.011513200000000001
2021-01-26 09:00:00+00:00,0.0
2021-01-26 10:00:00+00:00,0.0
2021-01-26 11:00:00+00:00,0.00252995
2021-01-26 12:00:00+00:00,0.010996500000000001
2021-01-26 13:00:00+00:00,0.03464155
2021-01-26 14:00:00+00:00,0.061118650000000004
2021-01-26 15:00:00+00:00,0.1220202
2021-01-26 16:00:00+00:00,0.16235895
2021-01-26 17:00:00+00:00,0.17697885000000002
2021-01-26 18:00:00+00:00,0.33456529999999995
2021-01-26 19:00:00+00:00,0.4056817
2021-01-26 20:00:00+00:00,0.37435585
2021-01-26 21:00:00+00:00,0.2592164
2021-01-26 22:00:00+00:00,0.21991044999999998
2021-01-26 23:00:00+00:00,0.16994025
2021-01-27 00:00:00+00:00,0.1670297
2021-01-27 01:00:00+00:00,0.12412764999999999
2021-01-27 02:00:00+00:00,0.07803275
2021-01-27 03:00:00+00:00,0.0429313
2021-01-27 04:00:00+00:00,0.0449003
2021-01-27 05:00:00+00:00,0.0448335
2021-01-27 06:00:00+00:00,0.0427506
2021-01-27 07:00:00+00:00,0.04683995
2021-01-27 08:00:00+00:00,0.04873385
2021-01-27 09:00:00+00:00,0.0389149
2021-01-27 10:00:00+00:00,0.03291195
2021-01-27 11:00:00+00:00,0.04952745
2021-01-27 12:00:00+00:00,0.01447045
2021-01-27 13:00:00+00:00,0.0462613
2021-01-27 14:00:00+00:00,0.0877631
2021-01-27 15:00:00+00:00,0.051745349999999996
2021-01-27 16:00:00+00:00,0.043040249999999995
2021-01-27 17:00:00+00:00,0.0439899
2021-01-27 18:00:00+00:00,0.04985975
2021-01-27 19:00:00+00:00,0.0616467
2021-01-27 20:00:00+00:00,0.07636085000000001
2021-01-27 21:00:00+00:00,0.0752809
2021-01-27 22:00:00+00:00,0.075286
2021-01-27 23:00:00+00:00,0.0782278
2021-01-28 00:00:00+00:00,0.09192725
2021-01-28 01:00:00+00:00,0.08900175
2021-01-28 02:00:00+00:00,0.12820135
2021-01-28 03:00:00+00:00,0.16137135
2021-01-28 04:00:00+00:00,0.1702141
2021-01-28 05:00:00+00:00,0.17222415000000002
2021-01-28 06:00:00+00:00,0.14283285
2021-01-28 07:00:00+00:00,0.0663626
2021-01-28 08:00:00+00:00,0.04385725
2021-01-28 09:00:00+00:00,0.025948500000000003
2021-01-28 10:00:00+00:00,0.0036661000000000003
2021-01-28 11:00:00+00:00,0.0
2021-01-28 12:00:00+00:00,0.0
2021-01-28 13:00:00+00:00,0.0024742
2021-01-28 14:00:00+00:00,0.01282565
2021-01-28 15:00:00+00:00,0.0200662
2021-01-28 16:00:00+00:00,0.03403415
2021-01-28 17:00:00+00:00,0.04188305
2021-01-28 18:00:00+00:00,0.02518875
2021-01-28 19:00:00+00:00,0.01546095
2021-01-28 20:00:00+00:00,0.02172365
2021-01-28 21:00:00+00:00,0.0037611
2021-01-28 22:00:00+00:00,0.0
2021-01-28 23:00:00+00:00,0.0
2021-01-29 00:00:00+00:00,0.0
2021-01-29 01:00:00+00:00,0.0
2021-01-29 02:00:00+00:00,0.0
2021-01-29 03:00:00+00:00,0.0
2021-01-29 04:00:00+00:00,0.0120287
2021-01-29 05:00:00+00:00,0.05210404999999999
2021-01-29 06:00:00+00:00,0.0806654
2021-01-29 07:00:00+00:00,0.058198400000000004
2021-01-29 08:00:00+00:00,0.06699075
2021-01-29 09:00:00+00:00,0.08275940000000001
2021-01-29 10:00:00+00:00,0.1385168
2021-01-29 11:00:00+00:00,0.09842619999999999
2021-01-29 12:00:00+00:00,0.08368065000000001
2021-01-29 13:00:00+00:00,0.0913937
2021-01-29 14:00:00+00:00,0.07104790000000001
2021-01-29 15:00:00+00:00,0.06543325
2021-01-29 16:00:00+00:00,0.06444815
2021-01-29 17:00:00+00:00,0.09162265
2021-01-29 18:00:00+00:00,0.10142240000000001
2021-01-29 19:00:00+00:00,0.09764315
2021-01-29 20:00:00+00:00,0.09064705
2021-01-29 21:00:00+00:00,0.06731555
2021-01-29 22:00:00+00:00,0.063417
2021-01-29 23:00:00+00:00,0.05844919999999999
2021-01-30 00:00:00+00:00,0.0623712
2021-01-30 01:00:00+00:00,0.11814355
2021-01-30 02:00:00+00:00,0.12404984999999999
2021-01-30 03:00:00+00:00,0.0634253
2021-01-30 04:00:00+00:00,0.06329715
2021-01-30 05:00:00+00:00,0.11390064999999999
2021-01-30 06:00:00+00:00,0.0730262
2021-01-30 07:00:00+00:00,0.0788381
2021-01-30 08:00:00+00:00,0.0337791
2021-01-30 09:00:00+00:00,0.0151961
2021-01-30 10:00:00+00:00,0.0099353
2021-01-30 11:00:00+00:00,0.0
2021-01-30 12:00:00+00:00,0.0
2021-01-30 13:00:00+00:00,0.0
2021-01-30 14:00:00+00:00,0.0
2021-01-30 15:00:00+00:00,0.0
2021-01-30 16:00:00+00:00,0.0
2021-01-30 17:00:00+00:00,0.0
2021-01-30 18:00:00+00:00,0.0
2021-01-30 19:00:00+00:00,0.0
2021-01-30 20:00:00+00:00,0.0
2021-01-30 21:00:00+00:00,0.0
2021-01-30 22:00:00+00:00,0.0
2021-01-30 23:00:00+00:00,0.0
2021-01-31 00:00:00+00:00,0.0
2021-01-31 01:00:00+00:00,0.0
2021-01-31 02:00:00+00:00,0.0
2021-01-31 03:00:00+00:00,0.0
2021-01-31 04:00:00+00:00,0.0
2021-01-31 05:00:00+00:00,0.0062524
2021-01-31 06:00:00+00:00,0.028898649999999998
2021-01-31 07:00:00+00:00,0.0360219
2021-01-31 08:00:00+00:00,0.0125403
2021-01-31 09:00:00+00:00,0.0028626999999999997
2021-01-31 10:00:00+00:00,0.0
2021-01-31 11:00:00+00:00,0.0
2021-01-31 12:00:00+00:00,0.0
2021-01-31 13:00:00+00:00,0.0
2021-01-31 14:00:00+00:00,0.0
2021-01-31 15:00:00+00:00,0.0042193
2021-01-31 16:00:00+00:00,0.0112163
2021-01-31 17:00:00+00:00,0.03059015
2021-01-31 18:00:00+00:00,0.06473150000000001
2021-01-31 19:00:00+00:00,0.05514685
2021-01-31 20:00:00+00:00,0.0837771
2021-01-31 21:00:00+00:00,0.08778935
2021-01-31 22:00:00+00:00,0.13097265
2021-01-31 23:00:00+00:00,0.19565285
2021-02-01 00:00:00+00:00,0.17230295
2021-02-01 01:00:00+00:00,0.19769704999999999
2021-02-01 02:00:00+00:00,0.26785
2021-02-01 03:00:00+00:00,0.31375990000000004
2021-02-01 04:00:00+00:00,0.29594065
2021-02-01 05:00:00+00:00,0.43700344999999996
2021-02-01 06:00:00+00:00,0.4400889
2021-02-01 07:00:00+00:00,0.44730339999999996
2021-02-01 08:00:00+00:00,0.2757431
2021-02-01 09:00:00+00:00,0.25024775
2021-02-01 10:00:00+00:00,0.1711413
2021-02-01 11:00:00+00:00,0.14765585
2021-02-01 12:00:00+00:00,0.11105754999999999
2021-02-01 13:00:00+00:00,0.11302195
2021-02-01 14:00:00+00:00,0.0747755
2021-02-01 15:00:00+00:00,0.060110000000000004
2021-02-01 16:00:00+00:00,0.059389300000000006
2021-02-01 17:00:00+00:00,0.0839886
2021-02-01 18:00:00+00:00,0.0889236
2021-02-01 19:00:00+00:00,0.06942809999999999
2021-02-01 20:00:00+00:00,0.047802449999999996
2021-02-01 21:00:00+00:00,0.03897625
2021-02-01 22:00:00+00:00,0.02336735
2021-02-01 23:00:00+00:00,0.026281150000000003
2021-02-02 00:00:00+00:00,0.05372045
2021-02-02 01:00:00+00:00,0.0488557
2021-02-02 02:00:00+00:00,0.0497303
2021-02-02 03:00:00+00:00,0.049762400000000005
2021-02-02 04:00:00+00:00,0.050712900000000005
2021-02-02 05:00:00+00:00,0.03701265
2021-02-02 06:00:00+00:00,0.0291019
2021-02-02 07:00:00+00:00,0.0182465
2021-02-02 08:00:00+00:00,0.0173073
2021-02-02 09:00:00+00:00,0.00368615
2021-02-02 10:00:00+00:00,0.0
2021-02-02 11:00:00+00:00,0.0
2021-02-02 12:00:00+00:00,0.0
2021-02-02 13:00:00+00:00,0.00404645
2021-02-02 14:00:00+00:00,0.0110327
2021-02-02 15:00:00+00:00,0.021570449999999998
2021-02-02 16:00:00+00:00,0.037343799999999996
2021-02-02 17:00:00+00:00,0.033563350000000006
2021-02-02 18:00:00+00:00,0.03657535
2021-02-02 19:00:00+00:00,0.024011349999999997
2021-02-02 20:00:00+00:00,0.01911245
2021-02-02 21:00:00+00:00,0.0094649
2021-02-02 22:00:00+00:00,0.029950349999999997
2021-02-02 23:00:00+00:00,0.07000365
2021-02-03 00:00:00+00:00,0.08884715
2021-02-03 01:00:00+00:00,0.13014794999999998
2021-02-03 02:00:00+00:00,0.08706169999999999
2021-02-03 03:00:00+00:00,0.1722388
2021-02-03 04:00:00+00:00,0.16047265
2021-02-03 05:00:00+00:00,0.14470165
2021-02-03 06:00:00+00:00,0.1563705
2021-02-03 07:00:00+00:00,0.21204755
2021-02-03 08:00:00+00:00,0.21601030000000002
2021-02-03 09:00:00+00:00,0.21707150000000003
2021-02-03 10:00:00+00:00,0.1594183
2021-02-03 11:00:00+00:00,0.0812092
2021-02-03 12:00:00+00:00,0.044913600000000005
2021-02-03 13:00:00+00:00,0.045887
2021-02-03 14:00:00+00:00,0.02331045
2021-02-03 15:00:00+00:00,0.043618000000000004
2021-02-03 16:00:00+00:00,0.11799024999999999
2021-02-03 17:00:00+00:00,0.10758735
2021-02-03 18:00:00+00:00,0.150524
2021-02-03 19:00:00+00:00,0.2704716
2021-02-03 20:00:00+00:00,0.48867495
2021-02-03 21:00:00+00:00,0.64087375
2021-02-03 22:00:00+00:00,0.55875825
2021-02-03 23:00:00+00:00,0.637317
2021-02-04 00:00:00+00:00,0.26287665000000005
2021-02-04 01:00:00+00:00,0.1232951
2021-02-04 02:00:00+00:00,0.11533840000000001
2021-02-04 03:00:00+00:00,0.13671305
2021-02-04 04:00:00+00:00,0.08003275
2021-02-04 05:00:00+00:00,0.035794349999999996
2021-02-04 06:00:00+00:00,0.027865249999999998
2021-02-04 07:00:00+00:00,0.01039245
2021-02-04 08:00:00+00:00,0.0021812000000000003
2021-02-04 09:00:00+00:00,0.0
2021-02-04 10:00:00+00:00,0.0
2021-02-04 11:00:00+00:00,0.0
2021-02-04 12:00:00+00:00,0.0
2021-02-04 13:00:00+00:00,0.0
2021-02-04 14:00:00+00:00,0.0
2021-02-04 15:00:00+00:00,0.0
2021-02-04 16:00:00+00:00,0.0027275
2021-02-04 17:00:00+00:00,0.0074492000000000004
2021-02-04 18:00:00+00:00,0.00732655
2021-02-04 19:00:00+00:00,0.0175285
2021-02-04 20:00:00+00:00,0.03292035
2021-02-04 21:00:00+00:00,0.025968900000000003
2021-02-04 22:00:00+00:00,0.0229849
2021-02-04 23:00:00+00:00,0.024136
2021-02-05 00:00:00+00:00,0.0243195
2021-02-05 01:00:00+00:00,0.02564785
2021-02-05 02:00:00+00:00,0.02308225
2021-02-05 03:00:00+00:00,0.02510905
2021-02-05 04:00:00+00:00,0.03186935
2021-02-05 05:00:00+00:00,0.0288839
2021-02-05 06:00:00+00:00,0.0348944
2021-02-05 07:00:00+00:00,0.048508249999999996
2021-02-05 08:00:00+00:00,0.06426045
2021-02-05 09:00:00+00:00,0.0563785
2021-02-05 10:00:00+00:00,0.058263
2021-02-05 11:00:00+00:00,0.06539400000000001
2021-02-05 12:00:00+00:00,0.0938114
2021-02-05 13:00:00+00:00,0.12411969999999999
2021-02-05 14:00:00+00:00,0.1124558
2021-02-05 15:00:00+00:00,0.1056158
2021-02-05 16:00:00+00:00,0.1133511
2021-02-05 17:00:00+00:00,0.11443185
2021-02-05 18:00:00+00:00,0.08014410000000001
2021-02-05 19:00:00+00:00,0.12909405
2021-02-05 20:00:00+00:00,0.11638625
2021-02-05 21:00:00+00:00,0.1115385
2021-02-05 22:00:00+00:00,0.13494165
2021-02-05 23:00:00+00:00,0.1339523
2021-02-06 00:00:00+00:00,0.1614262
2021-02-06 01:00:00+00:00,0.18980715
2021-02-06 02:00:00+00:00,0.15939275
2021-02-06 03:00:00+00:00,0.1790449
2021-02-06 04:00:00+00:00,0.2248337
2021-02-06 05:00:00+00:00,0.22097155
2021-02-06 06:00:00+00:00,0.1847634
2021-02-06 07:00:00+00:00,0.1750492
2021-02-06 08:00:00+00:00,0.1661839
2021-02-06 09:00:00+00:00,0.23070225
2021-02-06 10:00:00+00:00,0.32472995
2021-02-06 11:00:00+00:00,0.27565645
2021-02-06 12:00:00+00:00,0.3010567
2021-02-06 13:00:00+00:00,0.2813348
2021-02-06 14:00:00+00:00,0.31351985
2021-02-06 15:00:00+00:00,0.3456686
2021-02-06 16:00:00+00:00,0.42367675
2021-02-06 17:00:00+00:00,0.4913599
2021-02-06 18:00:00+00:00,0.4770366
2021-02-06 19:00:00+00:00,0.48522780000000004
2021-02-06 20:00:00+00:00,0.6292528000000001
2021-02-06 21:00:00+00:00,0.6011828499999999
2021-02-06 22:00:00+00:00,0.68374265
2021-02-06 23:00:00+00:00,0.7712613
2021-02-07 00:00:00+00:00,0.7148911
2021-02-07 01:00:00+00:00,0.78919555
2021-02-07 02:00:00+00:00,0.6879105
2021-02-07 03:00:00+00:00,0.55216685
2021-02-07 04:00:00+00:00,0.59635375
2021-02-07 05:00:00+00:00,0.7454408
2021-02-07 06:00:00+00:00,0.7523973
2021-02-07 07:00:00+00:00,0.72274665
2021-02-07 08:00:00+00:00,0.7526264500000001
2021-02-07 09:00:00+00:00,0.8792668499999999
2021-02-07 10:00:00+00:00,0.92989295
2021-02-07 11:00:00+00:00,0.8480144500000001
2021-02-07 12:00:00+00:00,0.8926079
2021-02-07 13:00:00+00:00,0.77461905
2021-02-07 14:00:00+00:00,0.71007265
2021-02-07 15:00:00+00:00,0.4492383
2021-02-07 16:00:00+00:00,0.67437155
2021-02-07 17:00:00+00:00,0.5938106
2021-02-07 18:00:00+00:00,0.6462521
2021-02-07 19:00:00+00:00,0.52599435
2021-02-07 20:00:00+00:00,0.5180586
2021-02-07 21:00:00+00:00,0.32550085
2021-02-07 22:00:00+00:00,0.29438115
2021-02-07 23:00:00+00:00,0.243784
2021-02-08 00:00:00+00:00,0.15823675
2021-02-08 01:00:00+00:00,0.22454724999999998
2021-02-08 02:00:00+00:00,0.25678845
2021-02-08 03:00:00+00:00,0.21790845
2021-02-08 04:00:00+00:00,0.21302390000000002
2021-02-08 05:00:00+00:00,0.26796975
2021-02-08 06:00:00+00:00,0.1711281
2021-02-08 07:00:00+00:00,0.1907723
2021-02-08 08:00:00+00:00,0.14578585
2021-02-08 09:00:00+00:00,0.1495308
2021-02-08 10:00:00+00:00,0.12999570000000002
2021-02-08 11:00:00+00:00,0.09260855
2021-02-08 12:00:00+00:00,0.07316425
2021-02-08 13:00:00+00:00,0.05928465
2021-02-08 14:00:00+00:00,0.0279192
2021-02-08 15:00:00+00:00,0.0248447
2021-02-08 16:00:00+00:00,0.0246821
2021-02-08 17:00:00+00:00,0.0277777
2021-02-08 18:00:00+00:00,0.02738285
2021-02-08 19:00:00+00:00,0.01773245
2021-02-08 20:00:00+00:00,0.02264465
2021-02-08 21:00:00+00:00,0.02929655
2021-02-08 22:00:00+00:00,0.02725455
2021-02-08 23:00:00+00:00,0.0148757
2021-02-09 00:00:00+00:00,0.0053341000000000005
2021-02-09 01:00:00+00:00,0.0025329999999999997
2021-02-09 02:00:00+00:00,0.0
2021-02-09 03:00:00+00:00,0.0
2021-02-09 04:00:00+00:00,0.0
2021-02-09 05:00:00+00:00,0.0
2021-02-09 06:00:00+00:00,0.0
2021-02-09 07:00:00+00:00,0.0
2021-02-09 08:00:00+00:00,0.0
2021-02-09 09:00:00+00:00,0.0
2021-02-09 10:00:00+00:00,0.0
2021-02-09 11:00:00+00:00,0.0
2021-02-09 12:00:00+00:00,0.0
2021-02-09 13:00:00+00:00,0.0
2021-02-09 14:00:00+00:00,0.0
2021-02-09 15:00:00+00:00,0.0
2021-02-09 16:00:00+00:00,0.0
2021-02-09 17:00:00+00:00,0.0
2021-02-09 18:00:00+00:00,0.0
2021-02-09 19:00:00+00:00,0.0
2021-02-09 20:00:00+00:00,0.0
2021-02-09 21:00:00+00:00,0.0
2021-02-09 22:00:00+00:00,0.0
2021-02-09 23:00:00+00:00,0.0024882999999999997
2021-02-10 00:00:00+00:00,0.0043024000000000005
2021-02-10 01:00:00+00:00,0.0
2021-02-10 02:00:00+00:00,0.00203615
2021-02-10 03:00:00+00:00,0.0033927
2021-02-10 04:00:00+00:00,0.0
2021-02-10 05:00:00+00:00,0.0
2021-02-10 06:00:00+00:00,0.0
2021-02-10 07:00:00+00:00,0.0
2021-02-10 08:00:00+00:00,0.0
2021-02-10 09:00:00+00:00,0.0
2021-02-10 10:00:00+00:00,0.0
2021-02-10 11:00:00+00:00,0.0
2021-02-10 12:00:00+00:00,0.006982599999999999
2021-02-10 13:00:00+00:00,0.02938115
2021-02-10 14:00:00+00:00,0.0208208
2021-02-10 15:00:00+00:00,0.0132423
2021-02-10 16:00:00+00:00,0.0240644
2021-02-10 17:00:00+00:00,0.0213947
2021-02-10 18:00:00+00:00,0.03018945
2021-02-10 19:00:00+00:00,0.0272195
2021-02-10 20:00:00+00:00,0.013446950000000001
2021-02-10 21:00:00+00:00,0.00853805
2021-02-10 22:00:00+00:00,0.03598965
2021-02-10 23:00:00+00:00,0.0535121
2021-02-11 00:00:00+00:00,0.04472885
2021-02-11 01:00:00+00:00,0.05852039999999999
2021-02-11 02:00:00+00:00,0.09086785
2021-02-11 03:00:00+00:00,0.08305789999999999
2021-02-11 04:00:00+00:00,0.06640795000000001
2021-02-11 05:00:00+00:00,0.0664446
2021-02-11 06:00:00+00:00,0.07911065
2021-02-11 07:00:00+00:00,0.0840617
2021-02-11 08:00:00+00:00,0.07116435
2021-02-11 09:00:00+00:00,0.05243780000000001
2021-02-11 10:00:00+00:00,0.04037955
2021-02-11 11:00:00+00:00,0.04718545
2021-02-11 12:00:00+00:00,0.04407485
2021-02-11 13:00:00+00:00,0.04202495
2021-02-11 14:00:00+00:00,0.0245434
2021-02-11 15:00:00+00:00,0.017629750000000003
2021-02-11 16:00:00+00:00,0.010259550000000001
2021-02-11 17:00:00+00:00,0.02007235
2021-02-11 18:00:00+00:00,0.031893849999999994
2021-02-11 19:00:00+00:00,0.036667700000000004
2021-02-11 20:00:00+00:00,0.036613099999999996
2021-02-11 21:00:00+00:00,0.0210218
2021-02-11 22:00:00+00:00,0.0162231
2021-02-11 23:00:00+00:00,0.01135425
2021-02-12 00:00:00+00:00,0.0031589
2021-02-12 01:00:00+00:00,0.0
2021-02-12 02:00:00+00:00,0.0010348
2021-02-12 03:00:00+00:00,0.00087835
2021-02-12 04:00:00+00:00,0.0
2021-02-12 05:00:00+00:00,0.0
2021-02-12 06:00:00+00:00,0.0
2021-02-12 07:00:00+00:00,0.00026480000000000004
2021-02-12 08:00:00+00:00,0.0
2021-02-12 09:00:00+00:00,0.0
2021-02-12 10:00:00+00:00,0.0040309
2021-02-12 11:00:00+00:00,0.0124866
2021-02-12 12:00:00+00:00,0.0070916
2021-02-12 13:00:00+00:00,0.014346449999999998
2021-02-12 14:00:00+00:00,0.0017556999999999998
2021-02-12 15:00:00+00:00,0.012069
2021-02-12 16:00:00+00:00,0.03615765
2021-02-12 17:00:00+00:00,0.0445486
2021-02-12 18:00:00+00:00,0.05862555
2021-02-12 19:00:00+00:00,0.1456038
2021-02-12 20:00:00+00:00,0.0702348
2021-02-12 21:00:00+00:00,0.0419448
2021-02-12 22:00:00+00:00,0.056677250000000005
2021-02-12 23:00:00+00:00,0.05373465
2021-02-13 00:00:00+00:00,0.0654625
2021-02-13 01:00:00+00:00,0.058580349999999996
2021-02-13 02:00:00+00:00,0.0455887
2021-02-13 03:00:00+00:00,0.030053500000000004
2021-02-13 04:00:00+00:00,0.03691395
2021-02-13 05:00:00+00:00,0.02415095
2021-02-13 06:00:00+00:00,0.01144855
2021-02-13 07:00:00+00:00,0.0009364000000000001
2021-02-13 08:00:00+00:00,0.0
2021-02-13 09:00:00+00:00,0.0
2021-02-13 10:00:00+00:00,0.0
2021-02-13 11:00:00+00:00,0.0
2021-02-13 12:00:00+00:00,0.003372
2021-02-13 13:00:00+00:00,0.0120674
2021-02-13 14:00:00+00:00,0.00851215
2021-02-13 15:00:00+00:00,0.00374415
2021-02-13 16:00:00+00:00,0.0018340499999999998
2021-02-13 17:00:00+00:00,0.014156899999999998
2021-02-13 18:00:00+00:00,0.0287393
2021-02-13 19:00:00+00:00,0.04860965
2021-02-13 20:00:00+00:00,0.0456995
2021-02-13 21:00:00+00:00,0.08686735
2021-02-13 22:00:00+00:00,0.09476725
2021-02-13 23:00:00+00:00,0.07596950000000001
2021-02-14 00:00:00+00:00,0.1022908
2021-02-14 01:00:00+00:00,0.10726569999999999
2021-02-14 02:00:00+00:00,0.1853035
2021-02-14 03:00:00+00:00,0.09800895
2021-02-14 04:00:00+00:00,0.02281695
2021-02-14 05:00:00+00:00,0.00565905
2021-02-14 06:00:00+00:00,0.030480599999999997
2021-02-14 07:00:00+00:00,0.00448035
2021-02-14 08:00:00+00:00,0.0
2021-02-14 09:00:00+00:00,0.00464435
2021-02-14 10:00:00+00:00,0.0009080999999999999
2021-02-14 11:00:00+00:00,0.0
2021-02-14 12:00:00+00:00,0.0008432499999999999
2021-02-14 13:00:00+00:00,0.0
2021-02-14 14:00:00+00:00,0.0
2021-02-14 15:00:00+00:00,0.0
2021-02-14 16:00:00+00:00,0.00361595
2021-02-14 17:00:00+00:00,0.0018216
2021-02-14 18:00:00+00:00,0.00637115
2021-02-14 19:00:00+00:00,0.0056549
2021-02-14 20:00:00+00:00,0.01811055
2021-02-14 21:00:00+00:00,0.01930425
2021-02-14 22:00:00+00:00,0.027218650000000004
2021-02-14 23:00:00+00:00,0.03112555
2021-02-15 00:00:00+00:00,0.038053949999999996
2021-02-15 01:00:00+00:00,0.056680100000000004
2021-02-15 02:00:00+00:00,0.0508024
2021-02-15 03:00:00+00:00,0.0527643
2021-02-15 04:00:00+00:00,0.0731665
2021-02-15 05:00:00+00:00,0.134972
2021-02-15 06:00:00+00:00,0.1212868
2021-02-15 07:00:00+00:00,0.08023545
2021-02-15 08:00:00+00:00,0.1007347
2021-02-15 09:00:00+00:00,0.08022169999999999
2021-02-15 10:00:00+00:00,0.09564175
2021-02-15 11:00:00+00:00,0.053712350000000006
2021-02-15 12:00:00+00:00,0.10273130000000001
2021-02-15 13:00:00+00:00,0.16624695
2021-02-15 14:00:00+00:00,0.13401690000000002
2021-02-15 15:00:00+00:00,0.07633134999999999
2021-02-15 16:00:00+00:00,0.18584275
2021-02-15 17:00:00+00:00,0.3858917
2021-02-15 18:00:00+00:00,0.40151885000000004
2021-02-15 19:00:00+00:00,0.27571
2021-02-15 20:00:00+00:00,0.1545449
2021-02-15 21:00:00+00:00,0.09197235
2021-02-15 22:00:00+00:00,0.1161376
2021-02-15 23:00:00+00:00,0.12475744999999999
2021-02-16 00:00:00+00:00,0.09648685
2021-02-16 01:00:00+00:00,0.1770859
2021-02-16 02:00:00+00:00,0.0961191
2021-02-16 03:00:00+00:00,0.0668339
2021-02-16 04:00:00+00:00,0.06616155
2021-02-16 05:00:00+00:00,0.04288095
2021-02-16 06:00:00+00:00,0.041921
2021-02-16 07:00:00+00:00,0.06929705
2021-02-16 08:00:00+00:00,0.0379337
2021-02-16 09:00:00+00:00,0.033006549999999996
2021-02-16 10:00:00+00:00,0.02412705
2021-02-16 11:00:00+00:00,0.029054899999999998
2021-02-16 12:00:00+00:00,0.0329774
2021-02-16 13:00:00+00:00,0.036933749999999994
2021-02-16 14:00:00+00:00,0.058618100000000006
2021-02-16 15:00:00+00:00,0.0458294
2021-02-16 16:00:00+00:00,0.036969850000000005
2021-02-16 17:00:00+00:00,0.04497605
2021-02-16 18:00:00+00:00,0.050866
2021-02-16 19:00:00+00:00,0.0518593
2021-02-16 20:00:00+00:00,0.07727424999999999
2021-02-16 21:00:00+00:00,0.0479295
2021-02-16 22:00:00+00:00,0.0576577
2021-02-16 23:00:00+00:00,0.1124623
2021-02-17 00:00:00+00:00,0.10266304999999999
2021-02-17 01:00:00+00:00,0.2425074
2021-02-17 02:00:00+00:00,0.2765628
2021-02-17 03:00:00+00:00,0.22872615000000002
2021-02-17 04:00:00+00:00,0.23622175
2021-02-17 05:00:00+00:00,0.18169085
2021-02-17 06:00:00+00:00,0.20512965
2021-02-17 07:00:00+00:00,0.18459775
2021-02-17 08:00:00+00:00,0.2577024
2021-02-17 09:00:00+00:00,0.2694946
2021-02-17 10:00:00+00:00,0.1877124
2021-02-17 11:00:00+00:00,0.19859085
2021-02-17 12:00:00+00:00,0.2161739
2021-02-17 13:00:00+00:00,0.3295375
2021-02-17 14:00:00+00:00,0.14781975
2021-02-17 15:00:00+00:00,0.15663375000000002
2021-02-17 16:00:00+00:00,0.09882655
2021-02-17 17:00:00+00:00,0.06257309999999999
2021-02-17 18:00:00+00:00,0.0879913
2021-02-17 19:00:00+00:00,0.09090445
2021-02-17 20:00:00+00:00,0.06637065
2021-02-17 21:00:00+00:00,0.060523400000000005
2021-02-17 22:00:00+00:00,0.1299699
2021-02-17 23:00:00+00:00,0.1143748
2021-02-18 00:00:00+00:00,0.067398
2021-02-18 01:00:00+00:00,0.03806695
2021-02-18 02:00:00+00:00,0.0643024
2021-02-18 03:00:00+00:00,0.031897
2021-02-18 04:00:00+00:00,0.021328200000000002
2021-02-18 05:00:00+00:00,0.01745095
2021-02-18 06:00:00+00:00,0.03112425
2021-02-18 07:00:00+00:00,0.0194129
2021-02-18 08:00:00+00:00,0.0145589
2021-02-18 09:00:00+00:00,0.0076519000000000005
2021-02-18 10:00:00+00:00,0.0076562
2021-02-18 11:00:00+00:00,0.0217707
2021-02-18 12:00:00+00:00,0.0113975
2021-02-18 13:00:00+00:00,0.06260595
2021-02-18 14:00:00+00:00,0.1061844
2021-02-18 15:00:00+00:00,0.16424565
2021-02-18 16:00:00+00:00,0.30307635
2021-02-18 17:00:00+00:00,0.494649
2021-02-18 18:00:00+00:00,0.43142820000000004
2021-02-18 19:00:00+00:00,0.2911193
2021-02-18 20:00:00+00:00,0.4011996
2021-02-18 21:00:00+00:00,0.46250905000000003
2021-02-18 22:00:00+00:00,0.1718568
2021-02-18 23:00:00+00:00,0.115521
2021-02-19 00:00:00+00:00,0.0871236
2021-02-19 01:00:00+00:00,0.1535175
2021-02-19 02:00:00+00:00,0.30747275
2021-02-19 03:00:00+00:00,0.21986535
2021-02-19 04:00:00+00:00,0.44798154999999995
2021-02-19 05:00:00+00:00,0.44895665
2021-02-19 06:00:00+00:00,0.13404265
2021-02-19 07:00:00+00:00,0.12906385
2021-02-19 08:00:00+00:00,0.16630440000000002
2021-02-19 09:00:00+00:00,0.17613420000000002
2021-02-19 10:00:00+00:00,0.1947661
2021-02-19 11:00:00+00:00,0.1742381
2021-02-19 12:00:00+00:00,0.10075625
2021-02-19 13:00:00+00:00,0.05752960000000001
2021-02-19 14:00:00+00:00,0.0525654
2021-02-19 15:00:00+00:00,0.03005175
2021-02-19 16:00:00+00:00,0.014559049999999999
2021-02-19 17:00:00+00:00,0.02713755
2021-02-19 18:00:00+00:00,0.01742555
2021-02-19 19:00:00+00:00,0.01649515
2021-02-19 20:00:00+00:00,0.02033335
2021-02-19 21:00:00+00:00,0.024257749999999998
2021-02-19 22:00:00+00:00,0.0240844
2021-02-19 23:00:00+00:00,0.0389269
2021-02-20 00:00:00+00:00,0.015568100000000001
2021-02-20 01:00:00+00:00,0.0311387
2021-02-20 02:00:00+00:00,0.0673661
2021-02-20 03:00:00+00:00,0.077224
2021-02-20 04:00:00+00:00,0.07823565
2021-02-20 05:00:00+00:00,0.06647215
2021-02-20 06:00:00+00:00,0.061645799999999994
2021-02-20 07:00:00+00:00,0.057727999999999995
2021-02-20 08:00:00+00:00,0.0312555
2021-02-20 09:00:00+00:00,0.0282597
2021-02-20 10:00:00+00:00,0.018371850000000002
2021-02-20 11:00:00+00:00,0.055231600000000006
2021-02-20 12:00:00+00:00,0.0466666
2021-02-20 13:00:00+00:00,0.0397427
2021-02-20 14:00:00+00:00,0.037786099999999996
2021-02-20 15:00:00+00:00,0.02210165
2021-02-20 16:00:00+00:00,0.0203358
2021-02-20 17:00:00+00:00,0.12034179999999998
2021-02-20 18:00:00+00:00,0.1857935
2021-02-20 19:00:00+00:00,0.15550830000000002
2021-02-20 20:00:00+00:00,0.13986415
2021-02-20 21:00:00+00:00,0.11552654999999999
2021-02-20 22:00:00+00:00,0.1232745
2021-02-20 23:00:00+00:00,0.1067199
2021-02-21 00:00:00+00:00,0.14479894999999998
2021-02-21 01:00:00+00:00,0.1468007
2021-02-21 02:00:00+00:00,0.1457658
2021-02-21 03:00:00+00:00,0.1399384
2021-02-21 04:00:00+00:00,0.11936385000000001
2021-02-21 05:00:00+00:00,0.15160225
2021-02-21 06:00:00+00:00,0.13306890000000002
2021-02-21 07:00:00+00:00,0.0919536
2021-02-21 08:00:00+00:00,0.045023
2021-02-21 09:00:00+00:00,0.0322815
2021-02-21 10:00:00+00:00,0.016579
2021-02-21 11:00:00+00:00,0.0203296
2021-02-21 12:00:00+00:00,0.02020935
2021-02-21 13:00:00+00:00,0.0201985
2021-02-21 14:00:00+00:00,0.021334549999999997
2021-02-21 15:00:00+00:00,0.0691899
2021-02-21 16:00:00+00:00,0.1319815
2021-02-21 17:00:00+00:00,0.19378325
2021-02-21 18:00:00+00:00,0.16352735
2021-02-21 19:00:00+00:00,0.1849942
2021-02-21 20:00:00+00:00,0.196681
2021-02-21 21:00:00+00:00,0.1966189
2021-02-21 22:00:00+00:00,0.15750025
2021-02-21 23:00:00+00:00,0.1203713
2021-02-22 00:00:00+00:00,0.12044484999999999
2021-02-22 01:00:00+00:00,0.1477581
2021-02-22 02:00:00+00:00,0.16827005
2021-02-22 03:00:00+00:00,0.16733320000000002
2021-02-22 04:00:00+00:00,0.0890428
2021-02-22 05:00:00+00:00,0.059595050000000004
2021-02-22 06:00:00+00:00,0.09786485
2021-02-22 07:00:00+00:00,0.09379035
2021-02-22 08:00:00+00:00,0.03305195
2021-02-22 09:00:00+00:00,0.013240950000000001
2021-02-22 10:00:00+00:00,0.0
2021-02-22 11:00:00+00:00,0.0071057
2021-02-22 12:00:00+00:00,0.0024867
2021-02-22 13:00:00+00:00,0.0
2021-02-22 14:00:00+00:00,0.0
2021-02-22 15:00:00+00:00,0.0006533999999999999
2021-02-22 16:00:00+00:00,0.00726605
2021-02-22 17:00:00+00:00,0.01618135
2021-02-22 18:00:00+00:00,0.055666
2021-02-22 19:00:00+00:00,0.03123995
2021-02-22 20:00:00+00:00,0.0242992
2021-02-22 21:00:00+00:00,0.0223818
2021-02-22 22:00:00+00:00,0.0507733
2021-02-22 23:00:00+00:00,0.0391211
2021-02-23 00:00:00+00:00,0.0498322
2021-02-23 01:00:00+00:00,0.10661980000000001
2021-02-23 02:00:00+00:00,0.1281704
2021-02-23 03:00:00+00:00,0.06738095
2021-02-23 04:00:00+00:00,0.033194049999999996
2021-02-23 05:00:00+00:00,0.02438355
2021-02-23 06:00:00+00:00,0.030287599999999998
2021-02-23 07:00:00+00:00,0.0332343
2021-02-23 08:00:00+00:00,0.0399645
2021-02-23 09:00:00+00:00,0.0076595
2021-02-23 10:00:00+00:00,0.013445349999999998
2021-02-23 11:00:00+00:00,0.00575455
2021-02-23 12:00:00+00:00,0.0261034
2021-02-23 13:00:00+00:00,0.02331445
2021-02-23 14:00:00+00:00,0.02721785
2021-02-23 15:00:00+00:00,0.03200675
2021-02-23 16:00:00+00:00,0.041949400000000005
2021-02-23 17:00:00+00:00,0.06942815000000001
2021-02-23 18:00:00+00:00,0.0978204
2021-02-23 19:00:00+00:00,0.11938834999999999
2021-02-23 20:00:00+00:00,0.18689885
2021-02-23 21:00:00+00:00,0.19267104999999998
2021-02-23 22:00:00+00:00,0.1594612
2021-02-23 23:00:00+00:00,0.1515704
2021-02-24 00:00:00+00:00,0.1760374
2021-02-24 01:00:00+00:00,0.18093945
2021-02-24 02:00:00+00:00,0.14575005000000002
2021-02-24 03:00:00+00:00,0.06652925
2021-02-24 04:00:00+00:00,0.11935934999999999
2021-02-24 05:00:00+00:00,0.1213069
2021-02-24 06:00:00+00:00,0.17599675
2021-02-24 07:00:00+00:00,0.14187455
2021-02-24 08:00:00+00:00,0.0938799
2021-02-24 09:00:00+00:00,0.04689235
2021-02-24 10:00:00+00:00,0.0114702
2021-02-24 11:00:00+00:00,0.0018813500000000002
2021-02-24 12:00:00+00:00,0.0075697
2021-02-24 13:00:00+00:00,0.021322149999999998
2021-02-24 14:00:00+00:00,0.01444125
2021-02-24 15:00:00+00:00,0.0456856
2021-02-24 16:00:00+00:00,0.041059750000000006
2021-02-24 17:00:00+00:00,0.0479011
2021-02-24 18:00:00+00:00,0.0537979
2021-02-24 19:00:00+00:00,0.04595615
2021-02-24 20:00:00+00:00,0.046877800000000004
2021-02-24 21:00:00+00:00,0.07916625000000001
2021-02-24 22:00:00+00:00,0.0527937
2021-02-24 23:00:00+00:00,0.0370746
2021-02-25 00:00:00+00:00,0.03718195
2021-02-25 01:00:00+00:00,0.0341783
2021-02-25 02:00:00+00:00,0.0479532
2021-02-25 03:00:00+00:00,0.05280694999999999
2021-02-25 04:00:00+00:00,0.05173465
2021-02-25 05:00:00+00:00,0.06943780000000001
2021-02-25 06:00:00+00:00,0.08211645
2021-02-25 07:00:00+00:00,0.0861351
2021-02-25 08:00:00+00:00,0.10566455000000001
2021-02-25 09:00:00+00:00,0.0459397
2021-02-25 10:00:00+00:00,0.06828245
2021-02-25 11:00:00+00:00,0.02438315
2021-02-25 12:00:00+00:00,0.0281703
2021-02-25 13:00:00+00:00,0.058577300000000006
2021-02-25 14:00:00+00:00,0.04289065
2021-02-25 15:00:00+00:00,0.0232126
2021-02-25 16:00:00+00:00,0.0253749
2021-02-25 17:00:00+00:00,0.0831051
2021-02-25 18:00:00+00:00,0.05265979999999999
2021-02-25 19:00:00+00:00,0.02301595
2021-02-25 20:00:00+00:00,0.012286199999999999
2021-02-25 21:00:00+00:00,0.008357999999999999
2021-02-25 22:00:00+00:00,0.0
2021-02-25 23:00:00+00:00,0.0
2021-02-26 00:00:00+00:00,0.0
2021-02-26 01:00:00+00:00,0.0
2021-02-26 02:00:00+00:00,0.0994593
2021-02-26 03:00:00+00:00,0.1771957
2021-02-26 04:00:00+00:00,0.18878330000000001
2021-02-26 05:00:00+00:00,0.11139835000000001
2021-02-26 06:00:00+00:00,0.0494862
2021-02-26 07:00:00+00:00,0.055529049999999996
2021-02-26 08:00:00+00:00,0.04650695
2021-02-26 09:00:00+00:00,0.10159895000000001
2021-02-26 10:00:00+00:00,0.06425245
2021-02-26 11:00:00+00:00,0.0700658
2021-02-26 12:00:00+00:00,0.06717205
2021-02-26 13:00:00+00:00,0.07501765
2021-02-26 14:00:00+00:00,0.0720105
2021-02-26 15:00:00+00:00,0.0640869
2021-02-26 16:00:00+00:00,0.06711875
2021-02-26 17:00:00+00:00,0.06339695000000001
2021-02-26 18:00:00+00:00,0.12700519999999998
2021-02-26 19:00:00+00:00,0.1701789
2021-02-26 20:00:00+00:00,0.1604502
2021-02-26 21:00:00+00:00,0.16030925
2021-02-26 22:00:00+00:00,0.16719625000000002
2021-02-26 23:00:00+00:00,0.18884179999999998
2021-02-27 00:00:00+00:00,0.21715875
2021-02-27 01:00:00+00:00,0.21705365000000001
2021-02-27 02:00:00+00:00,0.190598
2021-02-27 03:00:00+00:00,0.14360565
2021-02-27 04:00:00+00:00,0.09949535
2021-02-27 05:00:00+00:00,0.0496274
2021-02-27 06:00:00+00:00,0.10033674999999999
2021-02-27 07:00:00+00:00,0.08391375000000001
2021-02-27 08:00:00+00:00,0.0659063
2021-02-27 09:00:00+00:00,0.07983135
2021-02-27 10:00:00+00:00,0.04641675
2021-02-27 11:00:00+00:00,0.0348319
2021-02-27 12:00:00+00:00,0.00956035
2021-02-27 13:00:00+00:00,0.008510450000000001
2021-02-27 14:00:00+00:00,0.020979599999999998
2021-02-27 15:00:00+00:00,0.0056123
2021-02-27 16:00:00+00:00,0.0
2021-02-27 17:00:00+00:00,0.0026199500000000002
2021-02-27 18:00:00+00:00,0.0082012
2021-02-27 19:00:00+00:00,0.01226935
2021-02-27 20:00:00+00:00,0.0037433500000000003
2021-02-27 21:00:00+00:00,0.01413185
2021-02-27 22:00:00+00:00,0.02005545
2021-02-27 23:00:00+00:00,0.0210323
2021-02-28 00:00:00+00:00,0.009593899999999999
2021-02-28 01:00:00+00:00,0.03108105
2021-02-28 02:00:00+00:00,0.06441525000000001
2021-02-28 03:00:00+00:00,0.09859255
2021-02-28 04:00:00+00:00,0.09753585000000001
2021-02-28 05:00:00+00:00,0.12985155
2021-02-28 06:00:00+00:00,0.13591715
2021-02-28 07:00:00+00:00,0.14477384999999998
2021-02-28 08:00:00+00:00,0.12160730000000002
2021-02-28 09:00:00+00:00,0.0346342
2021-02-28 10:00:00+00:00,0.0253559
2021-02-28 11:00:00+00:00,0.0046335000000000005
2021-02-28 12:00:00+00:00,0.00459495
2021-02-28 13:00:00+00:00,0.01687355
2021-02-28 14:00:00+00:00,0.0197327
2021-02-28 15:00:00+00:00,0.0084298
2021-02-28 16:00:00+00:00,0.015129650000000001
2021-02-28 17:00:00+00:00,0.014758199999999999
2021-02-28 18:00:00+00:00,0.008161199999999999
2021-02-28 19:00:00+00:00,0.0032841999999999997
2021-02-28 20:00:00+00:00,0.002581
2021-02-28 21:00:00+00:00,0.00261035
2021-02-28 22:00:00+00:00,0.00716635
2021-02-28 23:00:00+00:00,0.0026846
2021-03-01 00:00:00+00:00,0.0017748000000000002
2021-03-01 01:00:00+00:00,0.0
2021-03-01 02:00:00+00:00,0.0
2021-03-01 03:00:00+00:00,0.0
2021-03-01 04:00:00+00:00,0.0017703499999999997
2021-03-01 05:00:00+00:00,0.0008558
2021-03-01 06:00:00+00:00,0.00082315
2021-03-01 07:00:00+00:00,0.0
2021-03-01 08:00:00+00:00,0.0022841000000000003
2021-03-01 09:00:00+00:00,0.0
2021-03-01 10:00:00+00:00,0.0
2021-03-01 11:00:00+00:00,0.0
2021-03-01 12:00:00+00:00,0.0
2021-03-01 13:00:00+00:00,0.0
2021-03-01 14:00:00+00:00,0.0
2021-03-01 15:00:00+00:00,0.0
2021-03-01 16:00:00+00:00,0.0
2021-03-01 17:00:00+00:00,0.0
2021-03-01 18:00:00+00:00,0.0
2021-03-01 19:00:00+00:00,0.0018100000000000002
2021-03-01 20:00:00+00:00,0.0
2021-03-01 21:00:00+00:00,0.0
2021-03-01 22:00:00+00:00,0.0
2021-03-01 23:00:00+00:00,0.0
2021-03-02 00:00:00+00:00,0.0
2021-03-02 01:00:00+00:00,0.0
2021-03-02 02:00:00+00:00,0.0
2021-03-02 03:00:00+00:00,0.0
2021-03-02 04:00:00+00:00,0.0
2021-03-02 05:00:00+00:00,0.0
2021-03-02 06:00:00+00:00,0.0
2021-03-02 07:00:00+00:00,0.0
2021-03-02 08:00:00+00:00,0.0
2021-03-02 09:00:00+00:00,0.0
2021-03-02 10:00:00+00:00,0.0
2021-03-02 11:00:00+00:00,0.0
2021-03-02 12:00:00+00:00,0.0
2021-03-02 13:00:00+00:00,0.0
2021-03-02 14:00:00+00:00,0.0
2021-03-02 15:00:00+00:00,0.0
2021-03-02 16:00:00+00:00,0.0
2021-03-02 17:00:00+00:00,0.0
2021-03-02 18:00:00+00:00,0.0032941000000000003
2021-03-02 19:00:00+00:00,0.02713055
2021-03-02 20:00:00+00:00,0.02721215
2021-03-02 21:00:00+00:00,0.03454725
2021-03-02 22:00:00+00:00,0.050912400000000003
2021-03-02 23:00:00+00:00,0.01803025
2021-03-03 00:00:00+00:00,0.0
2021-03-03 01:00:00+00:00,0.0
2021-03-03 02:00:00+00:00,0.0
2021-03-03 03:00:00+00:00,0.0
2021-03-03 04:00:00+00:00,0.0075124499999999995
2021-03-03 05:00:00+00:00,0.01458815
2021-03-03 06:00:00+00:00,0.01947515
2021-03-03 07:00:00+00:00,0.006772199999999999
2021-03-03 08:00:00+00:00,0.01160555
2021-03-03 09:00:00+00:00,0.007573099999999999
2021-03-03 10:00:00+00:00,0.00090705
2021-03-03 11:00:00+00:00,0.0
2021-03-03 12:00:00+00:00,0.006655899999999999
2021-03-03 13:00:00+00:00,0.0183248
2021-03-03 14:00:00+00:00,0.0183859
2021-03-03 15:00:00+00:00,0.019376249999999998
2021-03-03 16:00:00+00:00,0.03999275
2021-03-03 17:00:00+00:00,0.06452455
2021-03-03 18:00:00+00:00,0.13106645
2021-03-03 19:00:00+00:00,0.20334895
2021-03-03 20:00:00+00:00,0.3116026
2021-03-03 21:00:00+00:00,0.31274989999999997
2021-03-03 22:00:00+00:00,0.22401825
2021-03-03 23:00:00+00:00,0.1388856
2021-03-04 00:00:00+00:00,0.11830065
2021-03-04 01:00:00+00:00,0.12128444999999999
2021-03-04 02:00:00+00:00,0.12431189999999999
2021-03-04 03:00:00+00:00,0.20151575
2021-03-04 04:00:00+00:00,0.14086855
2021-03-04 05:00:00+00:00,0.0926738
2021-03-04 06:00:00+00:00,0.026191899999999997
2021-03-04 07:00:00+00:00,0.01835655
2021-03-04 08:00:00+00:00,0.020246100000000003
2021-03-04 09:00:00+00:00,0.021141800000000002
2021-03-04 10:00:00+00:00,0.016294049999999997
2021-03-04 11:00:00+00:00,0.01829505
2021-03-04 12:00:00+00:00,0.02893995
2021-03-04 13:00:00+00:00,0.0629595
2021-03-04 14:00:00+00:00,0.0261223
2021-03-04 15:00:00+00:00,0.0125554
2021-03-04 16:00:00+00:00,0.0124389
2021-03-04 17:00:00+00:00,0.0017833999999999999
2021-03-04 18:00:00+00:00,0.0053945
2021-03-04 19:00:00+00:00,0.00747185
2021-03-04 20:00:00+00:00,0.014346449999999998
2021-03-04 21:00:00+00:00,0.015331450000000002
2021-03-04 22:00:00+00:00,0.0153932
2021-03-04 23:00:00+00:00,0.0250267
2021-03-05 00:00:00+00:00,0.024125749999999998
2021-03-05 01:00:00+00:00,0.029920299999999997
2021-03-05 02:00:00+00:00,0.03800975
2021-03-05 03:00:00+00:00,0.038919749999999996
2021-03-05 04:00:00+00:00,0.0331605
2021-03-05 05:00:00+00:00,0.02042075
2021-03-05 06:00:00+00:00,0.0243021
2021-03-05 07:00:00+00:00,0.00942965
2021-03-05 08:00:00+00:00,0.0
2021-03-05 09:00:00+00:00,0.01893995
2021-03-05 10:00:00+00:00,0.059384000000000006
2021-03-05 11:00:00+00:00,0.0672043
2021-03-05 12:00:00+00:00,0.06919955
2021-03-05 13:00:00+00:00,0.0720478
2021-03-05 14:00:00+00:00,0.03393875
2021-03-05 15:00:00+00:00,0.036839550000000006
2021-03-05 16:00:00+00:00,0.0145489
2021-03-05 17:00:00+00:00,0.028162200000000002
2021-03-05 18:00:00+00:00,0.021380549999999998
2021-03-05 19:00:00+00:00,0.02427155
2021-03-05 20:00:00+00:00,0.014488800000000001
2021-03-05 21:00:00+00:00,0.0415718
2021-03-05 22:00:00+00:00,0.0241779
2021-03-05 23:00:00+00:00,0.051984
2021-03-06 00:00:00+00:00,0.07576825
2021-03-06 01:00:00+00:00,0.10050935
2021-03-06 02:00:00+00:00,0.06913785
2021-03-06 03:00:00+00:00,0.02914045
2021-03-06 04:00:00+00:00,0.0846359
2021-03-06 05:00:00+00:00,0.20036355
2021-03-06 06:00:00+00:00,0.23961570000000001
2021-03-06 07:00:00+00:00,0.13873385000000002
2021-03-06 08:00:00+00:00,0.10534305
2021-03-06 09:00:00+00:00,0.14951230000000001
2021-03-06 10:00:00+00:00,0.09367655
2021-03-06 11:00:00+00:00,0.22790904999999997
2021-03-06 12:00:00+00:00,0.2287959
2021-03-06 13:00:00+00:00,0.16912180000000002
2021-03-06 14:00:00+00:00,0.1044087
2021-03-06 15:00:00+00:00,0.0357755
2021-03-06 16:00:00+00:00,0.053789800000000006
2021-03-06 17:00:00+00:00,0.03745125
2021-03-06 18:00:00+00:00,0.05718605
2021-03-06 19:00:00+00:00,0.06327569999999999
2021-03-06 20:00:00+00:00,0.04974275
2021-03-06 21:00:00+00:00,0.0575795
2021-03-06 22:00:00+00:00,0.07036625
2021-03-06 23:00:00+00:00,0.08502535
2021-03-07 00:00:00+00:00,0.06352205
2021-03-07 01:00:00+00:00,0.0956914
2021-03-07 02:00:00+00:00,0.12794115
2021-03-07 03:00:00+00:00,0.13778205000000002
2021-03-07 04:00:00+00:00,0.0867995
2021-03-07 05:00:00+00:00,0.0701884
2021-03-07 06:00:00+00:00,0.0986885
2021-03-07 07:00:00+00:00,0.20632399999999998
2021-03-07 08:00:00+00:00,0.33599645
2021-03-07 09:00:00+00:00,0.2396395
2021-03-07 10:00:00+00:00,0.47023115
2021-03-07 11:00:00+00:00,0.458242
2021-03-07 12:00:00+00:00,0.36591415
2021-03-07 13:00:00+00:00,0.24837815
2021-03-07 14:00:00+00:00,0.2268572
2021-03-07 15:00:00+00:00,0.1445641
2021-03-07 16:00:00+00:00,0.08983954999999999
2021-03-07 17:00:00+00:00,0.16023095
2021-03-07 18:00:00+00:00,0.1173253
2021-03-07 19:00:00+00:00,0.11148715
2021-03-07 20:00:00+00:00,0.17596355
2021-03-07 21:00:00+00:00,0.24448649999999997
2021-03-07 22:00:00+00:00,0.14544659999999998
2021-03-07 23:00:00+00:00,0.09247545
2021-03-08 00:00:00+00:00,0.06231375
2021-03-08 01:00:00+00:00,0.019216499999999997
2021-03-08 02:00:00+00:00,0.00932095
2021-03-08 03:00:00+00:00,0.0008846
2021-03-08 04:00:00+00:00,0.0113632
2021-03-08 05:00:00+00:00,0.010350149999999999
2021-03-08 06:00:00+00:00,0.0108768
2021-03-08 07:00:00+00:00,0.0016283
2021-03-08 08:00:00+00:00,0.0
2021-03-08 09:00:00+00:00,0.00435755
2021-03-08 10:00:00+00:00,0.0102851
2021-03-08 11:00:00+00:00,0.0035960000000000002
2021-03-08 12:00:00+00:00,0.00533405
2021-03-08 13:00:00+00:00,0.0
2021-03-08 14:00:00+00:00,0.0
2021-03-08 15:00:00+00:00,0.0
2021-03-08 16:00:00+00:00,0.0
2021-03-08 17:00:00+00:00,0.01004855
2021-03-08 18:00:00+00:00,0.00628165
2021-03-08 19:00:00+00:00,0.0014754500000000001
2021-03-08 20:00:00+00:00,0.0005731
2021-03-08 21:00:00+00:00,0.0
2021-03-08 22:00:00+00:00,0.0009645
2021-03-08 23:00:00+00:00,0.02611015
2021-03-09 00:00:00+00:00,0.04849905
2021-03-09 01:00:00+00:00,0.07767135
2021-03-09 02:00:00+00:00,0.044237200000000004
2021-03-09 03:00:00+00:00,0.0257621
2021-03-09 04:00:00+00:00,0.028474799999999998
2021-03-09 05:00:00+00:00,0.020976599999999998
2021-03-09 06:00:00+00:00,0.00180955
2021-03-09 07:00:00+00:00,0.006962949999999999
2021-03-09 08:00:00+00:00,0.0077173
2021-03-09 09:00:00+00:00,0.0032820999999999996
2021-03-09 10:00:00+00:00,0.0198299
2021-03-09 11:00:00+00:00,0.0373175
2021-03-09 12:00:00+00:00,0.013261199999999999
2021-03-09 13:00:00+00:00,0.01387455
2021-03-09 14:00:00+00:00,0.01268865
2021-03-09 15:00:00+00:00,0.01146455
2021-03-09 16:00:00+00:00,0.00858145
2021-03-09 17:00:00+00:00,0.029933800000000003
2021-03-09 18:00:00+00:00,0.031040300000000003
2021-03-09 19:00:00+00:00,0.05167145000000001
2021-03-09 20:00:00+00:00,0.053087850000000006
2021-03-09 21:00:00+00:00,0.0574419
2021-03-09 22:00:00+00:00,0.0857508
2021-03-09 23:00:00+00:00,0.0570907
2021-03-10 00:00:00+00:00,0.01985145
2021-03-10 01:00:00+00:00,0.0138776
2021-03-10 02:00:00+00:00,0.0098952
2021-03-10 03:00:00+00:00,0.0085941
2021-03-10 04:00:00+00:00,0.0089719
2021-03-10 05:00:00+00:00,0.01176065
2021-03-10 06:00:00+00:00,0.0074214500000000004
2021-03-10 07:00:00+00:00,0.006374
2021-03-10 08:00:00+00:00,0.0074193
2021-03-10 09:00:00+00:00,0.00279365
2021-03-10 10:00:00+00:00,0.0046914999999999995
2021-03-10 11:00:00+00:00,0.0122994
2021-03-10 12:00:00+00:00,0.02945585
2021-03-10 13:00:00+00:00,0.026602949999999997
2021-03-10 14:00:00+00:00,0.024848949999999998
2021-03-10 15:00:00+00:00,0.02483425
2021-03-10 16:00:00+00:00,0.04423195
2021-03-10 17:00:00+00:00,0.0706913
2021-03-10 18:00:00+00:00,0.0966534
2021-03-10 19:00:00+00:00,0.1369499
2021-03-10 20:00:00+00:00,0.23272215000000002
2021-03-10 21:00:00+00:00,0.2140346
2021-03-10 22:00:00+00:00,0.16133865
2021-03-10 23:00:00+00:00,0.12319195
2021-03-11 00:00:00+00:00,0.20544544999999997
2021-03-11 01:00:00+00:00,0.2405594
2021-03-11 02:00:00+00:00,0.18485335
2021-03-11 03:00:00+00:00,0.29413875
2021-03-11 04:00:00+00:00,0.45250280000000004
2021-03-11 05:00:00+00:00,0.49146385
2021-03-11 06:00:00+00:00,0.4236776
2021-03-11 07:00:00+00:00,0.31133584999999997
2021-03-11 08:00:00+00:00,0.2605668
2021-03-11 09:00:00+00:00,0.22839285
2021-03-11 10:00:00+00:00,0.1725811
2021-03-11 11:00:00+00:00,0.2269862
2021-03-11 12:00:00+00:00,0.5639979500000001
2021-03-11 13:00:00+00:00,0.5395707500000001
2021-03-11 14:00:00+00:00,0.78375575
2021-03-11 15:00:00+00:00,0.5586696
2021-03-11 16:00:00+00:00,0.6267139
2021-03-11 17:00:00+00:00,0.39562965
2021-03-11 18:00:00+00:00,0.90298305
2021-03-11 19:00:00+00:00,0.8154907
2021-03-11 20:00:00+00:00,0.34881080000000003
2021-03-11 21:00:00+00:00,0.41180775000000003
2021-03-11 22:00:00+00:00,0.24905124999999997
2021-03-11 23:00:00+00:00,0.25572385
2021-03-12 00:00:00+00:00,0.20905065
2021-03-12 01:00:00+00:00,0.4776853
2021-03-12 02:00:00+00:00,0.22078575
2021-03-12 03:00:00+00:00,0.26042375
2021-03-12 04:00:00+00:00,0.21860115
2021-03-12 05:00:00+00:00,0.23169974999999998
2021-03-12 06:00:00+00:00,0.23547184999999998
2021-03-12 07:00:00+00:00,0.3096509
2021-03-12 08:00:00+00:00,0.2843376
2021-03-12 09:00:00+00:00,0.2911147
2021-03-12 10:00:00+00:00,0.5610376
2021-03-12 11:00:00+00:00,0.5589244
2021-03-12 12:00:00+00:00,0.37104585
2021-03-12 13:00:00+00:00,0.4799579
2021-03-12 14:00:00+00:00,0.49153810000000003
2021-03-12 15:00:00+00:00,0.32313495
2021-03-12 16:00:00+00:00,0.35752665
2021-03-12 17:00:00+00:00,0.1914357
2021-03-12 18:00:00+00:00,0.1823875
2021-03-12 19:00:00+00:00,0.2321859
2021-03-12 20:00:00+00:00,0.4813912
2021-03-12 21:00:00+00:00,0.44335510000000006
2021-03-12 22:00:00+00:00,0.26145050000000003
2021-03-12 23:00:00+00:00,0.1846516
2021-03-13 00:00:00+00:00,0.2803274
2021-03-13 01:00:00+00:00,0.24044005000000002
2021-03-13 02:00:00+00:00,0.19741965
2021-03-13 03:00:00+00:00,0.26858015
2021-03-13 04:00:00+00:00,0.24113969999999998
2021-03-13 05:00:00+00:00,0.22179654999999998
2021-03-13 06:00:00+00:00,0.1416405
2021-03-13 07:00:00+00:00,0.10945975000000001
2021-03-13 08:00:00+00:00,0.156344
2021-03-13 09:00:00+00:00,0.23134025000000003
2021-03-13 10:00:00+00:00,0.5024406
2021-03-13 11:00:00+00:00,0.9486525499999999
2021-03-13 12:00:00+00:00,0.9794369500000001
2021-03-13 13:00:00+00:00,0.71564175
2021-03-13 14:00:00+00:00,0.5019378
2021-03-13 15:00:00+00:00,0.9080862499999999
2021-03-13 16:00:00+00:00,0.8210354999999999
2021-03-13 17:00:00+00:00,0.78462635
2021-03-13 18:00:00+00:00,0.82808855
2021-03-13 19:00:00+00:00,0.7389382
2021-03-13 20:00:00+00:00,0.8434138999999999
2021-03-13 21:00:00+00:00,0.90409185
2021-03-13 22:00:00+00:00,0.740955
2021-03-13 23:00:00+00:00,0.6862475
2021-03-14 00:00:00+00:00,0.7250662999999999
2021-03-14 01:00:00+00:00,0.70748075
2021-03-14 02:00:00+00:00,0.79991465
2021-03-14 03:00:00+00:00,0.7652297499999999
2021-03-14 04:00:00+00:00,0.44557125
2021-03-14 05:00:00+00:00,0.55259305
2021-03-14 06:00:00+00:00,0.84469465
2021-03-14 07:00:00+00:00,0.7828315499999999
2021-03-14 08:00:00+00:00,0.7563759
2021-03-14 09:00:00+00:00,0.6813017
2021-03-14 10:00:00+00:00,0.69309
2021-03-14 11:00:00+00:00,0.74282905
2021-03-14 12:00:00+00:00,0.6271654000000001
2021-03-14 13:00:00+00:00,0.32841739999999997
2021-03-14 14:00:00+00:00,0.29609845
2021-03-14 15:00:00+00:00,0.2285465
2021-03-14 16:00:00+00:00,0.12906385
2021-03-14 17:00:00+00:00,0.12330995
2021-03-14 18:00:00+00:00,0.21133949999999999
2021-03-14 19:00:00+00:00,0.16639905000000002
2021-03-14 20:00:00+00:00,0.14191615
2021-03-14 21:00:00+00:00,0.11437114999999999
2021-03-14 22:00:00+00:00,0.1730417
2021-03-14 23:00:00+00:00,0.1849099
2021-03-15 00:00:00+00:00,0.0909202
2021-03-15 01:00:00+00:00,0.1203328
2021-03-15 02:00:00+00:00,0.11735989999999999
2021-03-15 03:00:00+00:00,0.09971015
2021-03-15 04:00:00+00:00,0.06749515
2021-03-15 05:00:00+00:00,0.0918379
2021-03-15 06:00:00+00:00,0.09388980000000001
2021-03-15 07:00:00+00:00,0.05546115
2021-03-15 08:00:00+00:00,0.0524983
2021-03-15 09:00:00+00:00,0.05146555
2021-03-15 10:00:00+00:00,0.10830754999999999
2021-03-15 11:00:00+00:00,0.0868182
2021-03-15 12:00:00+00:00,0.19149955
2021-03-15 13:00:00+00:00,0.14365165
2021-03-15 14:00:00+00:00,0.1495572
2021-03-15 15:00:00+00:00,0.2139285
2021-03-15 16:00:00+00:00,0.21099630000000003
2021-03-15 17:00:00+00:00,0.2570079
2021-03-15 18:00:00+00:00,0.2384894
2021-03-15 19:00:00+00:00,0.26286145
2021-03-15 20:00:00+00:00,0.27371195
2021-03-15 21:00:00+00:00,0.23655574999999998
2021-03-15 22:00:00+00:00,0.30692665
2021-03-15 23:00:00+00:00,0.2739334
2021-03-16 00:00:00+00:00,0.29216815
2021-03-16 01:00:00+00:00,0.30193200000000003
2021-03-16 02:00:00+00:00,0.2941944
2021-03-16 03:00:00+00:00,0.34584155
2021-03-16 04:00:00+00:00,0.33016275
2021-03-16 05:00:00+00:00,0.16230405
2021-03-16 06:00:00+00:00,0.24344430000000003
2021-03-16 07:00:00+00:00,0.19272865
2021-03-16 08:00:00+00:00,0.24152265000000003
2021-03-16 09:00:00+00:00,0.2454799
2021-03-16 10:00:00+00:00,0.35769685
2021-03-16 11:00:00+00:00,0.37828205
2021-03-16 12:00:00+00:00,0.2933134
2021-03-16 13:00:00+00:00,0.22014445000000002
2021-03-16 14:00:00+00:00,0.19652719999999999
2021-03-16 15:00:00+00:00,0.14835585
2021-03-16 16:00:00+00:00,0.08385145
2021-03-16 17:00:00+00:00,0.0446386
2021-03-16 18:00:00+00:00,0.27317265
2021-03-16 19:00:00+00:00,0.1144396
2021-03-16 20:00:00+00:00,0.12222084999999999
2021-03-16 21:00:00+00:00,0.059506100000000006
2021-03-16 22:00:00+00:00,0.057454200000000004
2021-03-16 23:00:00+00:00,0.0310115
2021-03-17 00:00:00+00:00,0.0340914
2021-03-17 01:00:00+00:00,0.0771304
2021-03-17 02:00:00+00:00,0.07223099999999999
2021-03-17 03:00:00+00:00,0.0507318
2021-03-17 04:00:00+00:00,0.0507037
2021-03-17 05:00:00+00:00,0.055597299999999995
2021-03-17 06:00:00+00:00,0.051529399999999996
2021-03-17 07:00:00+00:00,0.0162041
2021-03-17 08:00:00+00:00,0.015906800000000002
2021-03-17 09:00:00+00:00,0.01510365
2021-03-17 10:00:00+00:00,0.02002295
2021-03-17 11:00:00+00:00,0.038116449999999996
2021-03-17 12:00:00+00:00,0.0336794
2021-03-17 13:00:00+00:00,0.017824950000000003
2021-03-17 14:00:00+00:00,0.022866050000000002
2021-03-17 15:00:00+00:00,0.0443709
2021-03-17 16:00:00+00:00,0.00943305
2021-03-17 17:00:00+00:00,0.01315405
2021-03-17 18:00:00+00:00,0.0133571
2021-03-17 19:00:00+00:00,0.033893599999999996
2021-03-17 20:00:00+00:00,0.0359964
2021-03-17 21:00:00+00:00,0.04973345
2021-03-17 22:00:00+00:00,0.053486149999999996
2021-03-17 23:00:00+00:00,0.02111395
2021-03-18 00:00:00+00:00,0.00736105
2021-03-18 01:00:00+00:00,0.001575
2021-03-18 02:00:00+00:00,0.0
2021-03-18 03:00:00+00:00,0.00276875
2021-03-18 04:00:00+00:00,0.00939515
2021-03-18 05:00:00+00:00,0.02687495
2021-03-18 06:00:00+00:00,0.0207905
2021-03-18 07:00:00+00:00,0.01499595
2021-03-18 08:00:00+00:00,0.013665199999999999
2021-03-18 09:00:00+00:00,0.021270400000000002
2021-03-18 10:00:00+00:00,0.051159449999999995
2021-03-18 11:00:00+00:00,0.07456884999999999
2021-03-18 12:00:00+00:00,0.056011450000000004
2021-03-18 13:00:00+00:00,0.06402515
2021-03-18 14:00:00+00:00,0.05910175
2021-03-18 15:00:00+00:00,0.03371665
2021-03-18 16:00:00+00:00,0.0141481
2021-03-18 17:00:00+00:00,0.0050393
2021-03-18 18:00:00+00:00,0.06248025
2021-03-18 19:00:00+00:00,0.01349635
2021-03-18 20:00:00+00:00,0.02429085
2021-03-18 21:00:00+00:00,0.00897005
2021-03-18 22:00:00+00:00,0.0009051
2021-03-18 23:00:00+00:00,0.00090155
2021-03-19 00:00:00+00:00,0.0045177
2021-03-19 01:00:00+00:00,0.0101522
2021-03-19 02:00:00+00:00,0.0448245
2021-03-19 03:00:00+00:00,0.023758150000000002
2021-03-19 04:00:00+00:00,0.019367250000000003
2021-03-19 05:00:00+00:00,0.02122655
2021-03-19 06:00:00+00:00,0.0112984
2021-03-19 07:00:00+00:00,0.010331449999999999
2021-03-19 08:00:00+00:00,0.016244
2021-03-19 09:00:00+00:00,0.026111099999999998
2021-03-19 10:00:00+00:00,0.05740845000000001
2021-03-19 11:00:00+00:00,0.0407606
2021-03-19 12:00:00+00:00,0.0605582
2021-03-19 13:00:00+00:00,0.13100209999999998
2021-03-19 14:00:00+00:00,0.17887999999999998
2021-03-19 15:00:00+00:00,0.21895235
2021-03-19 16:00:00+00:00,0.20822375
2021-03-19 17:00:00+00:00,0.08019745
2021-03-19 18:00:00+00:00,0.10365065
2021-03-19 19:00:00+00:00,0.14084145
2021-03-19 20:00:00+00:00,0.10951790000000002
2021-03-19 21:00:00+00:00,0.07901654999999999
2021-03-19 22:00:00+00:00,0.04765925
2021-03-19 23:00:00+00:00,0.0173749
2021-03-20 00:00:00+00:00,0.0231017
2021-03-20 01:00:00+00:00,0.02322895
2021-03-20 02:00:00+00:00,0.0173069
2021-03-20 03:00:00+00:00,0.01049975
2021-03-20 04:00:00+00:00,0.01338315
2021-03-20 05:00:00+00:00,0.01041985
2021-03-20 06:00:00+00:00,0.009352800000000001
2021-03-20 07:00:00+00:00,0.00171535
2021-03-20 08:00:00+00:00,0.0071863
2021-03-20 09:00:00+00:00,0.0130738
2021-03-20 10:00:00+00:00,0.0159151
2021-03-20 11:00:00+00:00,0.0284925
2021-03-20 12:00:00+00:00,0.03447435
2021-03-20 13:00:00+00:00,0.054997500000000005
2021-03-20 14:00:00+00:00,0.0493974
2021-03-20 15:00:00+00:00,0.0681428
2021-03-20 16:00:00+00:00,0.0681317
2021-03-20 17:00:00+00:00,0.0584056
2021-03-20 18:00:00+00:00,0.08706195
2021-03-20 19:00:00+00:00,0.10265824999999999
2021-03-20 20:00:00+00:00,0.09974975
2021-03-20 21:00:00+00:00,0.10664875
2021-03-20 22:00:00+00:00,0.2073977
2021-03-20 23:00:00+00:00,0.2531656
2021-03-21 00:00:00+00:00,0.21999315000000003
2021-03-21 01:00:00+00:00,0.25111819999999996
2021-03-21 02:00:00+00:00,0.18284324999999998
2021-03-21 03:00:00+00:00,0.1622613
2021-03-21 04:00:00+00:00,0.2142293
2021-03-21 05:00:00+00:00,0.25313969999999997
2021-03-21 06:00:00+00:00,0.2757667
2021-03-21 07:00:00+00:00,0.39276885
2021-03-21 08:00:00+00:00,0.44740235
2021-03-21 09:00:00+00:00,0.5731099000000001
2021-03-21 10:00:00+00:00,0.6028673
2021-03-21 11:00:00+00:00,0.39447945
2021-03-21 12:00:00+00:00,0.23365195
2021-03-21 13:00:00+00:00,0.28937195
2021-03-21 14:00:00+00:00,0.3505534
2021-03-21 15:00:00+00:00,0.3360419
2021-03-21 16:00:00+00:00,0.1593935
2021-03-21 17:00:00+00:00,0.1427653
2021-03-21 18:00:00+00:00,0.13789455
2021-03-21 19:00:00+00:00,0.11639545000000001
2021-03-21 20:00:00+00:00,0.056537950000000003
2021-03-21 21:00:00+00:00,0.035843900000000005
2021-03-21 22:00:00+00:00,0.0773591
2021-03-21 23:00:00+00:00,0.16411765
2021-03-22 00:00:00+00:00,0.1554547
2021-03-22 01:00:00+00:00,0.11448399999999999
2021-03-22 02:00:00+00:00,0.10948044999999999
2021-03-22 03:00:00+00:00,0.1114115
2021-03-22 04:00:00+00:00,0.1232104
2021-03-22 05:00:00+00:00,0.1328792
2021-03-22 06:00:00+00:00,0.07786420000000001
2021-03-22 07:00:00+00:00,0.0395252
2021-03-22 08:00:00+00:00,0.016062649999999998
2021-03-22 09:00:00+00:00,0.0074737
2021-03-22 10:00:00+00:00,0.011438
2021-03-22 11:00:00+00:00,0.01442285
2021-03-22 12:00:00+00:00,0.025957799999999996
2021-03-22 13:00:00+00:00,0.044480149999999996
2021-03-22 14:00:00+00:00,0.0356695
2021-03-22 15:00:00+00:00,0.02014485
2021-03-22 16:00:00+00:00,0.00569535
2021-03-22 17:00:00+00:00,0.0199315
2021-03-22 18:00:00+00:00,0.07103825000000001
2021-03-22 19:00:00+00:00,0.05449204999999999
2021-03-22 20:00:00+00:00,0.09171355
2021-03-22 21:00:00+00:00,0.15155760000000001
2021-03-22 22:00:00+00:00,0.16925474999999998
2021-03-22 23:00:00+00:00,0.13200805000000002
2021-03-23 00:00:00+00:00,0.08696275
2021-03-23 01:00:00+00:00,0.083044
2021-03-23 02:00:00+00:00,0.0829907
2021-03-23 03:00:00+00:00,0.0897619
2021-03-23 04:00:00+00:00,0.08979965
2021-03-23 05:00:00+00:00,0.08499375
2021-03-23 06:00:00+00:00,0.05842535
2021-03-23 07:00:00+00:00,0.07399195
2021-03-23 08:00:00+00:00,0.06100645
2021-03-23 09:00:00+00:00,0.029716250000000003
2021-03-23 10:00:00+00:00,0.02300175
2021-03-23 11:00:00+00:00,0.0153883
2021-03-23 12:00:00+00:00,0.0209809
2021-03-23 13:00:00+00:00,0.03342315
2021-03-23 14:00:00+00:00,0.04992695
2021-03-23 15:00:00+00:00,0.04321075
2021-03-23 16:00:00+00:00,0.021016
2021-03-23 17:00:00+00:00,0.01790715
2021-03-23 18:00:00+00:00,0.0229303
2021-03-23 19:00:00+00:00,0.02889795
2021-03-23 20:00:00+00:00,0.0174022
2021-03-23 21:00:00+00:00,0.020340999999999998
2021-03-23 22:00:00+00:00,0.035037099999999995
2021-03-23 23:00:00+00:00,0.0301447
2021-03-24 00:00:00+00:00,0.03107595
2021-03-24 01:00:00+00:00,0.01736025
2021-03-24 02:00:00+00:00,0.0328631
2021-03-24 03:00:00+00:00,0.026153449999999998
2021-03-24 04:00:00+00:00,0.03303175
2021-03-24 05:00:00+00:00,0.0389483
2021-03-24 06:00:00+00:00,0.02621775
2021-03-24 07:00:00+00:00,0.0250277
2021-03-24 08:00:00+00:00,0.0121147
2021-03-24 09:00:00+00:00,0.0323957
2021-03-24 10:00:00+00:00,0.06297
2021-03-24 11:00:00+00:00,0.03071585
2021-03-24 12:00:00+00:00,0.0201951
2021-03-24 13:00:00+00:00,0.0212221
2021-03-24 14:00:00+00:00,0.01812565
2021-03-24 15:00:00+00:00,0.00747715
2021-03-24 16:00:00+00:00,0.0075052999999999995
2021-03-24 17:00:00+00:00,0.0104656
2021-03-24 18:00:00+00:00,0.0009467499999999999
2021-03-24 19:00:00+00:00,0.0036511000000000004
2021-03-24 20:00:00+00:00,0.0085214
2021-03-24 21:00:00+00:00,0.01828905
2021-03-24 22:00:00+00:00,0.0292
2021-03-24 23:00:00+00:00,0.04491395
2021-03-25 00:00:00+00:00,0.058515599999999994
2021-03-25 01:00:00+00:00,0.05079725
2021-03-25 02:00:00+00:00,0.09842195000000001
2021-03-25 03:00:00+00:00,0.0592703
2021-03-25 04:00:00+00:00,0.02880195
2021-03-25 05:00:00+00:00,0.0037073
2021-03-25 06:00:00+00:00,0.0
2021-03-25 07:00:00+00:00,0.0
2021-03-25 08:00:00+00:00,0.0
2021-03-25 09:00:00+00:00,0.0
2021-03-25 10:00:00+00:00,0.0
2021-03-25 11:00:00+00:00,0.0
2021-03-25 12:00:00+00:00,0.0
2021-03-25 13:00:00+00:00,0.0037213000000000003
2021-03-25 14:00:00+00:00,0.0216842
2021-03-25 15:00:00+00:00,0.01648655
2021-03-25 16:00:00+00:00,0.016474449999999998
2021-03-25 17:00:00+00:00,0.0008696
2021-03-25 18:00:00+00:00,0.013867850000000001
2021-03-25 19:00:00+00:00,0.0138291
2021-03-25 20:00:00+00:00,0.0071903
2021-03-25 21:00:00+00:00,0.004396949999999999
2021-03-25 22:00:00+00:00,0.0033232999999999995
2021-03-25 23:00:00+00:00,0.0076762
2021-03-26 00:00:00+00:00,0.01275345
2021-03-26 01:00:00+00:00,0.0019562
2021-03-26 02:00:00+00:00,0.0
2021-03-26 03:00:00+00:00,0.0
2021-03-26 04:00:00+00:00,0.0026216
2021-03-26 05:00:00+00:00,0.0018086500000000002
2021-03-26 06:00:00+00:00,0.0
2021-03-26 07:00:00+00:00,0.0007957499999999999
2021-03-26 08:00:00+00:00,0.0
2021-03-26 09:00:00+00:00,0.0
2021-03-26 10:00:00+00:00,0.0036839
2021-03-26 11:00:00+00:00,0.0094395
2021-03-26 12:00:00+00:00,0.00756925
2021-03-26 13:00:00+00:00,0.0074929
2021-03-26 14:00:00+00:00,0.0112412
2021-03-26 15:00:00+00:00,0.00745265
2021-03-26 16:00:00+00:00,0.0143286
2021-03-26 17:00:00+00:00,0.0354168
2021-03-26 18:00:00+00:00,0.0483591
2021-03-26 19:00:00+00:00,0.0882802
2021-03-26 20:00:00+00:00,0.18672175
2021-03-26 21:00:00+00:00,0.2311401
2021-03-26 22:00:00+00:00,0.23187244999999998
2021-03-26 23:00:00+00:00,0.17025664999999998
2021-03-27 00:00:00+00:00,0.0695057
2021-03-27 01:00:00+00:00,0.0489053
2021-03-27 02:00:00+00:00,0.06165045
2021-03-27 03:00:00+00:00,0.07140655
2021-03-27 04:00:00+00:00,0.06359255000000001
2021-03-27 05:00:00+00:00,0.03814265
2021-03-27 06:00:00+00:00,0.11050195000000002
2021-03-27 07:00:00+00:00,0.67356425
2021-03-27 08:00:00+00:00,0.65226145
2021-03-27 09:00:00+00:00,0.5412074499999999
2021-03-27 10:00:00+00:00,0.5542063
2021-03-27 11:00:00+00:00,0.3430515
2021-03-27 12:00:00+00:00,0.49737
2021-03-27 13:00:00+00:00,0.3951771
2021-03-27 14:00:00+00:00,0.20059970000000002
2021-03-27 15:00:00+00:00,0.1573832
2021-03-27 16:00:00+00:00,0.40342105
2021-03-27 17:00:00+00:00,0.1965097
2021-03-27 18:00:00+00:00,0.11623245
2021-03-27 19:00:00+00:00,0.28953855
2021-03-27 20:00:00+00:00,0.2376116
2021-03-27 21:00:00+00:00,0.15365205
2021-03-27 22:00:00+00:00,0.12037055
2021-03-27 23:00:00+00:00,0.1760401
2021-03-28 00:00:00+00:00,0.17543675
2021-03-28 01:00:00+00:00,0.22969445
2021-03-28 02:00:00+00:00,0.1868089
2021-03-28 03:00:00+00:00,0.14950115
2021-03-28 04:00:00+00:00,0.09195445
2021-03-28 05:00:00+00:00,0.0851008
2021-03-28 06:00:00+00:00,0.07827970000000001
2021-03-28 07:00:00+00:00,0.058541600000000006
2021-03-28 08:00:00+00:00,0.06933645000000001
2021-03-28 09:00:00+00:00,0.130063
2021-03-28 10:00:00+00:00,0.0009782500000000002
2021-03-28 11:00:00+00:00,0.0
2021-03-28 12:00:00+00:00,0.0009744500000000001
2021-03-28 13:00:00+00:00,0.0009760999999999999
2021-03-28 14:00:00+00:00,0.0
2021-03-28 15:00:00+00:00,0.17710515000000002
2021-03-28 16:00:00+00:00,0.10179099999999999
2021-03-28 17:00:00+00:00,0.1125299
2021-03-28 18:00:00+00:00,0.18103035
2021-03-28 19:00:00+00:00,0.069372
2021-03-28 20:00:00+00:00,0.039076150000000004
2021-03-28 21:00:00+00:00,0.049815750000000006
2021-03-28 22:00:00+00:00,0.0518413
2021-03-28 23:00:00+00:00,0.0567546
2021-03-29 00:00:00+00:00,0.05575385
2021-03-29 01:00:00+00:00,0.05758285
2021-03-29 02:00:00+00:00,0.07233535
2021-03-29 03:00:00+00:00,0.0881075
2021-03-29 04:00:00+00:00,0.11542935
2021-03-29 05:00:00+00:00,0.11838344999999999
2021-03-29 06:00:00+00:00,0.09201525
2021-03-29 07:00:00+00:00,0.0840642
2021-03-29 08:00:00+00:00,0.101788
2021-03-29 09:00:00+00:00,0.08313335
2021-03-29 10:00:00+00:00,0.0998567
2021-03-29 11:00:00+00:00,0.139942
2021-03-29 12:00:00+00:00,0.17234359999999999
2021-03-29 13:00:00+00:00,0.1498019
2021-03-29 14:00:00+00:00,0.0655627
2021-03-29 15:00:00+00:00,0.14383655
2021-03-29 16:00:00+00:00,0.20058145
2021-03-29 17:00:00+00:00,0.1144328
2021-03-29 18:00:00+00:00,0.11941565
2021-03-29 19:00:00+00:00,0.12820015
2021-03-29 20:00:00+00:00,0.1742271
2021-03-29 21:00:00+00:00,0.1516564
2021-03-29 22:00:00+00:00,0.17899690000000001
2021-03-29 23:00:00+00:00,0.18691965
2021-03-30 00:00:00+00:00,0.18582815
2021-03-30 01:00:00+00:00,0.1673413
2021-03-30 02:00:00+00:00,0.22990034999999998
2021-03-30 03:00:00+00:00,0.2424912
2021-03-30 04:00:00+00:00,0.1799852
2021-03-30 05:00:00+00:00,0.1620587
2021-03-30 06:00:00+00:00,0.13682085
2021-03-30 07:00:00+00:00,0.06016710000000001
2021-03-30 08:00:00+00:00,0.0170331
2021-03-30 09:00:00+00:00,0.0221406
2021-03-30 10:00:00+00:00,0.01922755
2021-03-30 11:00:00+00:00,0.02794005
2021-03-30 12:00:00+00:00,0.0348175
2021-03-30 13:00:00+00:00,0.043460700000000005
2021-03-30 14:00:00+00:00,0.0250624
2021-03-30 15:00:00+00:00,0.03157195
2021-03-30 16:00:00+00:00,0.00754845
2021-03-30 17:00:00+00:00,0.008454600000000001
2021-03-30 18:00:00+00:00,0.0235185
2021-03-30 19:00:00+00:00,0.022488650000000002
2021-03-30 20:00:00+00:00,0.012945050000000001
2021-03-30 21:00:00+00:00,0.0043834
2021-03-30 22:00:00+00:00,0.0
2021-03-30 23:00:00+00:00,0.0
2021-03-31 00:00:00+00:00,0.0
2021-03-31 01:00:00+00:00,0.0
2021-03-31 02:00:00+00:00,0.0
2021-03-31 03:00:00+00:00,0.0
2021-03-31 04:00:00+00:00,0.0
2021-03-31 05:00:00+00:00,0.0
2021-03-31 06:00:00+00:00,0.0047206
2021-03-31 07:00:00+00:00,0.0028522
2021-03-31 08:00:00+00:00,0.0
2021-03-31 09:00:00+00:00,0.0
2021-03-31 10:00:00+00:00,0.0036619
2021-03-31 11:00:00+00:00,0.0
2021-03-31 12:00:00+00:00,0.0009312
2021-03-31 13:00:00+00:00,0.008400149999999999
2021-03-31 14:00:00+00:00,0.00562705
2021-03-31 15:00:00+00:00,0.0009000500000000001
2021-03-31 16:00:00+00:00,0.00184085
2021-03-31 17:00:00+00:00,0.0
2021-03-31 18:00:00+00:00,0.0
2021-03-31 19:00:00+00:00,0.00180575
2021-03-31 20:00:00+00:00,0.0009220000000000001
2021-03-31 21:00:00+00:00,0.0066698999999999994
2021-03-31 22:00:00+00:00,0.00957205
2021-03-31 23:00:00+00:00,0.02011205
2021-04-01 00:00:00+00:00,0.0747158
2021-04-01 01:00:00+00:00,0.10056305
2021-04-01 02:00:00+00:00,0.058340449999999995
2021-04-01 03:00:00+00:00,0.0280341
2021-04-01 04:00:00+00:00,0.028974400000000004
2021-04-01 05:00:00+00:00,0.032815050000000005
2021-04-01 06:00:00+00:00,0.0428086
2021-04-01 07:00:00+00:00,0.0378183
2021-04-01 08:00:00+00:00,0.00944225
2021-04-01 09:00:00+00:00,0.0064113
2021-04-01 10:00:00+00:00,0.0
2021-04-01 11:00:00+00:00,0.0248657
2021-04-01 12:00:00+00:00,0.041540600000000004
2021-04-01 13:00:00+00:00,0.07386395
2021-04-01 14:00:00+00:00,0.2070346
2021-04-01 15:00:00+00:00,0.45775615
2021-04-01 16:00:00+00:00,0.4307182
2021-04-01 17:00:00+00:00,0.3158612
2021-04-01 18:00:00+00:00,0.26409325
2021-04-01 19:00:00+00:00,0.19278140000000002
2021-04-01 20:00:00+00:00,0.11835475
2021-04-01 21:00:00+00:00,0.13302785
2021-04-01 22:00:00+00:00,0.1485545
2021-04-01 23:00:00+00:00,0.06043945
2021-04-02 00:00:00+00:00,0.04582115
2021-04-02 01:00:00+00:00,0.0448348
2021-04-02 02:00:00+00:00,0.05337015
2021-04-02 03:00:00+00:00,0.026142399999999996
2021-04-02 04:00:00+00:00,0.0094877
2021-04-02 05:00:00+00:00,0.007567400000000001
2021-04-02 06:00:00+00:00,0.00272635
2021-04-02 07:00:00+00:00,0.0
2021-04-02 08:00:00+00:00,0.007401850000000001
2021-04-02 09:00:00+00:00,0.013113550000000002
2021-04-02 10:00:00+00:00,0.04048875
2021-04-02 11:00:00+00:00,0.048636149999999996
2021-04-02 12:00:00+00:00,0.07496835
2021-04-02 13:00:00+00:00,0.16918755000000002
2021-04-02 14:00:00+00:00,0.14756054999999998
2021-04-02 15:00:00+00:00,0.39655315
2021-04-02 16:00:00+00:00,0.23947800000000002
2021-04-02 17:00:00+00:00,0.2436357
2021-04-02 18:00:00+00:00,0.149587
2021-04-02 19:00:00+00:00,0.23189315000000002
2021-04-02 20:00:00+00:00,0.14970029999999998
2021-04-02 21:00:00+00:00,0.0792233
2021-04-02 22:00:00+00:00,0.14175385000000001
2021-04-02 23:00:00+00:00,0.1458065
2021-04-03 00:00:00+00:00,0.1671955
2021-04-03 01:00:00+00:00,0.15345285
2021-04-03 02:00:00+00:00,0.17104285
2021-04-03 03:00:00+00:00,0.1330058
2021-04-03 04:00:00+00:00,0.09085485
2021-04-03 05:00:00+00:00,0.0742945
2021-04-03 06:00:00+00:00,0.08309015
2021-04-03 07:00:00+00:00,0.0790783
2021-04-03 08:00:00+00:00,0.15155035
2021-04-03 09:00:00+00:00,0.40335770000000004
2021-04-03 10:00:00+00:00,0.3577874
2021-04-03 11:00:00+00:00,0.21921165
2021-04-03 12:00:00+00:00,0.20650045
2021-04-03 13:00:00+00:00,0.1554085
2021-04-03 14:00:00+00:00,0.013708199999999999
2021-04-03 15:00:00+00:00,0.11255019999999999
2021-04-03 16:00:00+00:00,0.06644725
2021-04-03 17:00:00+00:00,0.027186649999999996
2021-04-03 18:00:00+00:00,0.02233235
2021-04-03 19:00:00+00:00,0.0398842
2021-04-03 20:00:00+00:00,0.0335743
2021-04-03 21:00:00+00:00,0.0085106
2021-04-03 22:00:00+00:00,0.00795125
2021-04-03 23:00:00+00:00,0.0022224
2021-04-04 00:00:00+00:00,0.0
2021-04-04 01:00:00+00:00,0.0
2021-04-04 02:00:00+00:00,0.0
2021-04-04 03:00:00+00:00,0.0008490500000000001
2021-04-04 04:00:00+00:00,0.0073977
2021-04-04 05:00:00+00:00,0.03929205
2021-04-04 06:00:00+00:00,0.06378605
2021-04-04 07:00:00+00:00,0.03995785
2021-04-04 08:00:00+00:00,0.04939105
2021-04-04 09:00:00+00:00,0.04332145
2021-04-04 10:00:00+00:00,0.048091550000000004
2021-04-04 11:00:00+00:00,0.07176205
2021-04-04 12:00:00+00:00,0.11515519999999999
2021-04-04 13:00:00+00:00,0.0645521
2021-04-04 14:00:00+00:00,0.0
2021-04-04 15:00:00+00:00,0.20366035
2021-04-04 16:00:00+00:00,0.20163695
2021-04-04 17:00:00+00:00,0.16340005000000002
2021-04-04 18:00:00+00:00,0.0918156
2021-04-04 19:00:00+00:00,0.15625899999999998
2021-04-04 20:00:00+00:00,0.11143199999999999
2021-04-04 21:00:00+00:00,0.0920105
2021-04-04 22:00:00+00:00,0.11940555
2021-04-04 23:00:00+00:00,0.1173144
2021-04-05 00:00:00+00:00,0.12023444999999999
2021-04-05 01:00:00+00:00,0.15750695
2021-04-05 02:00:00+00:00,0.1905809
2021-04-05 03:00:00+00:00,0.2968688
2021-04-05 04:00:00+00:00,0.2665316
2021-04-05 05:00:00+00:00,0.2714524
2021-04-05 06:00:00+00:00,0.34922345
2021-04-05 07:00:00+00:00,0.40049945
2021-04-05 08:00:00+00:00,0.5396192
2021-04-05 09:00:00+00:00,0.5006308
2021-04-05 10:00:00+00:00,0.28621435
2021-04-05 11:00:00+00:00,0.27733515000000003
2021-04-05 12:00:00+00:00,0.73484735
2021-04-05 13:00:00+00:00,0.49495379999999994
2021-04-05 14:00:00+00:00,0.641459
2021-04-05 15:00:00+00:00,0.45613230000000005
2021-04-05 16:00:00+00:00,0.7409113
2021-04-05 17:00:00+00:00,0.50908135
2021-04-05 18:00:00+00:00,0.7335094
2021-04-05 19:00:00+00:00,0.8457479999999999
2021-04-05 20:00:00+00:00,0.7861201
2021-04-05 21:00:00+00:00,0.62033185
2021-04-05 22:00:00+00:00,0.48734894999999995
2021-04-05 23:00:00+00:00,0.4525557
2021-04-06 00:00:00+00:00,0.23059344999999998
2021-04-06 01:00:00+00:00,0.16232665
2021-04-06 02:00:00+00:00,0.10076515000000001
2021-04-06 03:00:00+00:00,0.09579974999999999
2021-04-06 04:00:00+00:00,0.11052885000000001
2021-04-06 05:00:00+00:00,0.08901625
2021-04-06 06:00:00+00:00,0.11724269999999999
2021-04-06 07:00:00+00:00,0.2436571
2021-04-06 08:00:00+00:00,0.2465913
2021-04-06 09:00:00+00:00,0.24366425
2021-04-06 10:00:00+00:00,0.0874197
2021-04-06 11:00:00+00:00,0.0
2021-04-06 12:00:00+00:00,0.16536679999999998
2021-04-06 13:00:00+00:00,0.25617975000000004
2021-04-06 14:00:00+00:00,0.1985258
2021-04-06 15:00:00+00:00,0.2520954
2021-04-06 16:00:00+00:00,0.3530578
2021-04-06 17:00:00+00:00,0.05841125
2021-04-06 18:00:00+00:00,0.36002575000000003
2021-04-06 19:00:00+00:00,0.21585045
2021-04-06 20:00:00+00:00,0.2942848
2021-04-06 21:00:00+00:00,0.3431537
2021-04-06 22:00:00+00:00,0.2531401
2021-04-06 23:00:00+00:00,0.2668683
2021-04-07 00:00:00+00:00,0.23069355
2021-04-07 01:00:00+00:00,0.15414975
2021-04-07 02:00:00+00:00,0.15041795
2021-04-07 03:00:00+00:00,0.20506554999999999
2021-04-07 04:00:00+00:00,0.18968805
2021-04-07 05:00:00+00:00,0.25524695000000003
2021-04-07 06:00:00+00:00,0.2913571
2021-04-07 07:00:00+00:00,0.3404725
2021-04-07 08:00:00+00:00,0.40665189999999996
2021-04-07 09:00:00+00:00,0.4434468
2021-04-07 10:00:00+00:00,0.44131764999999995
2021-04-07 11:00:00+00:00,0.40342475
2021-04-07 12:00:00+00:00,0.34104575
2021-04-07 13:00:00+00:00,0.24343595
2021-04-07 14:00:00+00:00,0.26891930000000003
2021-04-07 15:00:00+00:00,0.3791487
2021-04-07 16:00:00+00:00,0.29711285
2021-04-07 17:00:00+00:00,0.24159155000000002
2021-04-07 18:00:00+00:00,0.19664805
2021-04-07 19:00:00+00:00,0.23355284999999998
2021-04-07 20:00:00+00:00,0.45684174999999994
2021-04-07 21:00:00+00:00,0.48797545
2021-04-07 22:00:00+00:00,0.624077
2021-04-07 23:00:00+00:00,0.58824485
2021-04-08 00:00:00+00:00,0.5103586
2021-04-08 01:00:00+00:00,0.43648005
2021-04-08 02:00:00+00:00,0.5533812
2021-04-08 03:00:00+00:00,0.53142855
2021-04-08 04:00:00+00:00,0.66306315
2021-04-08 05:00:00+00:00,0.68002605
2021-04-08 06:00:00+00:00,0.6612468499999999
2021-04-08 07:00:00+00:00,0.53375105
2021-04-08 08:00:00+00:00,0.4979133
2021-04-08 09:00:00+00:00,0.38285855
2021-04-08 10:00:00+00:00,0.35867489999999996
2021-04-08 11:00:00+00:00,0.34316315
2021-04-08 12:00:00+00:00,0.3453361
2021-04-08 13:00:00+00:00,0.31415329999999997
2021-04-08 14:00:00+00:00,0.2769177
2021-04-08 15:00:00+00:00,0.28926425
2021-04-08 16:00:00+00:00,0.12495335
2021-04-08 17:00:00+00:00,0.06322905
2021-04-08 18:00:00+00:00,0.0427468
2021-04-08 19:00:00+00:00,0.05860855
2021-04-08 20:00:00+00:00,0.064545
2021-04-08 21:00:00+00:00,0.0938503
2021-04-08 22:00:00+00:00,0.09293505
2021-04-08 23:00:00+00:00,0.0889823
2021-04-09 00:00:00+00:00,0.07329735
2021-04-09 01:00:00+00:00,0.10354905000000002
2021-04-09 02:00:00+00:00,0.15821375000000001
2021-04-09 03:00:00+00:00,0.2234286
2021-04-09 04:00:00+00:00,0.221492
2021-04-09 05:00:00+00:00,0.16593805
2021-04-09 06:00:00+00:00,0.13009785
2021-04-09 07:00:00+00:00,0.1604508
2021-04-09 08:00:00+00:00,0.2785577
2021-04-09 09:00:00+00:00,0.29119585000000003
2021-04-09 10:00:00+00:00,0.16244665
2021-04-09 11:00:00+00:00,0.22600014999999998
2021-04-09 12:00:00+00:00,0.259148
2021-04-09 13:00:00+00:00,0.25821075
2021-04-09 14:00:00+00:00,0.27776465
2021-04-09 15:00:00+00:00,0.15542365
2021-04-09 16:00:00+00:00,0.0340016
2021-04-09 17:00:00+00:00,0.018017250000000002
2021-04-09 18:00:00+00:00,0.0346061
2021-04-09 19:00:00+00:00,0.01130665
2021-04-09 20:00:00+00:00,0.0139609
2021-04-09 21:00:00+00:00,0.00824
2021-04-09 22:00:00+00:00,0.0
2021-04-09 23:00:00+00:00,0.0
2021-04-10 00:00:00+00:00,0.0
2021-04-10 01:00:00+00:00,0.00122755
2021-04-10 02:00:00+00:00,0.0
2021-04-10 03:00:00+00:00,0.0008035500000000001
2021-04-10 04:00:00+00:00,0.012946250000000001
2021-04-10 05:00:00+00:00,0.008232
2021-04-10 06:00:00+00:00,0.012970750000000001
2021-04-10 07:00:00+00:00,0.013927549999999999
2021-04-10 08:00:00+00:00,0.002497
2021-04-10 09:00:00+00:00,0.0
2021-04-10 10:00:00+00:00,0.0
2021-04-10 11:00:00+00:00,0.0
2021-04-10 12:00:00+00:00,0.0
2021-04-10 13:00:00+00:00,0.0
2021-04-10 14:00:00+00:00,0.0
2021-04-10 15:00:00+00:00,0.0111872
2021-04-10 16:00:00+00:00,0.0565906
2021-04-10 17:00:00+00:00,0.08195465
2021-04-10 18:00:00+00:00,0.0756238
2021-04-10 19:00:00+00:00,0.08568445000000001
2021-04-10 20:00:00+00:00,0.1103214
2021-04-10 21:00:00+00:00,0.1347578
2021-04-10 22:00:00+00:00,0.13183975
2021-04-10 23:00:00+00:00,0.13261610000000001
2021-04-11 00:00:00+00:00,0.09820975
2021-04-11 01:00:00+00:00,0.08594785
2021-04-11 02:00:00+00:00,0.08018890000000001
2021-04-11 03:00:00+00:00,0.1005059
2021-04-11 04:00:00+00:00,0.11125695000000001
2021-04-11 05:00:00+00:00,0.10953865
2021-04-11 06:00:00+00:00,0.0948445
2021-04-11 07:00:00+00:00,0.06839315
2021-04-11 08:00:00+00:00,0.0397719
2021-04-11 09:00:00+00:00,0.02602595
2021-04-11 10:00:00+00:00,0.02209665
2021-04-11 11:00:00+00:00,0.02219055
2021-04-11 12:00:00+00:00,0.03555455
2021-04-11 13:00:00+00:00,0.0348768
2021-04-11 14:00:00+00:00,0.0221522
2021-04-11 15:00:00+00:00,0.0
2021-04-11 16:00:00+00:00,0.0
2021-04-11 17:00:00+00:00,0.15019395
2021-04-11 18:00:00+00:00,0.48635685
2021-04-11 19:00:00+00:00,0.29487175000000004
2021-04-11 20:00:00+00:00,0.3722416
2021-04-11 21:00:00+00:00,0.44222365
2021-04-11 22:00:00+00:00,0.26879369999999997
2021-04-11 23:00:00+00:00,0.2073626
2021-04-12 00:00:00+00:00,0.1172683
2021-04-12 01:00:00+00:00,0.0662502
2021-04-12 02:00:00+00:00,0.046666
2021-04-12 03:00:00+00:00,0.08182625
2021-04-12 04:00:00+00:00,0.08636415
2021-04-12 05:00:00+00:00,0.0988565
2021-04-12 06:00:00+00:00,0.0697149
2021-04-12 07:00:00+00:00,0.0816601
2021-04-12 08:00:00+00:00,0.0630553
2021-04-12 09:00:00+00:00,0.0571471
2021-04-12 10:00:00+00:00,0.07771755000000001
2021-04-12 11:00:00+00:00,0.07670965
2021-04-12 12:00:00+00:00,0.0873747
2021-04-12 13:00:00+00:00,0.10517755
2021-04-12 14:00:00+00:00,0.05731169999999999
2021-04-12 15:00:00+00:00,0.02991545
2021-04-12 16:00:00+00:00,0.01665195
2021-04-12 17:00:00+00:00,0.0224188
2021-04-12 18:00:00+00:00,0.06870015
2021-04-12 19:00:00+00:00,0.03565475
2021-04-12 20:00:00+00:00,0.1016563
2021-04-12 21:00:00+00:00,0.1257055
2021-04-12 22:00:00+00:00,0.1770299
2021-04-12 23:00:00+00:00,0.10955015000000001
2021-04-13 00:00:00+00:00,0.09672155
2021-04-13 01:00:00+00:00,0.1398249
2021-04-13 02:00:00+00:00,0.11535605
2021-04-13 03:00:00+00:00,0.13881210000000002
2021-04-13 04:00:00+00:00,0.12494780000000001
2021-04-13 05:00:00+00:00,0.11130675000000001
2021-04-13 06:00:00+00:00,0.0799174
2021-04-13 07:00:00+00:00,0.12006385
2021-04-13 08:00:00+00:00,0.173537
2021-04-13 09:00:00+00:00,0.10908495
2021-04-13 10:00:00+00:00,0.0979458
2021-04-13 11:00:00+00:00,0.0522846
2021-04-13 12:00:00+00:00,0.0735367
2021-04-13 13:00:00+00:00,0.1021805
2021-04-13 14:00:00+00:00,0.06813265
2021-04-13 15:00:00+00:00,0.0777965
2021-04-13 16:00:00+00:00,0.08689275
2021-04-13 17:00:00+00:00,0.07523300000000001
2021-04-13 18:00:00+00:00,0.06390305
2021-04-13 19:00:00+00:00,0.1638155
2021-04-13 20:00:00+00:00,0.2669491
2021-04-13 21:00:00+00:00,0.21992330000000002
2021-04-13 22:00:00+00:00,0.1555615
2021-04-13 23:00:00+00:00,0.15442505
2021-04-14 00:00:00+00:00,0.11443605
2021-04-14 01:00:00+00:00,0.12903505
2021-04-14 02:00:00+00:00,0.12020915
2021-04-14 03:00:00+00:00,0.10654590000000001
2021-04-14 04:00:00+00:00,0.1406936
2021-04-14 05:00:00+00:00,0.1210482
2021-04-14 06:00:00+00:00,0.0494199
2021-04-14 07:00:00+00:00,0.03763255
2021-04-14 08:00:00+00:00,0.0874093
2021-04-14 09:00:00+00:00,0.07106875
2021-04-14 10:00:00+00:00,0.07193200000000001
2021-04-14 11:00:00+00:00,0.0788511
2021-04-14 12:00:00+00:00,0.06321965
2021-04-14 13:00:00+00:00,0.0669346
2021-04-14 14:00:00+00:00,0.0890026
2021-04-14 15:00:00+00:00,0.0900181
2021-04-14 16:00:00+00:00,0.02996325
2021-04-14 17:00:00+00:00,0.0027715
2021-04-14 18:00:00+00:00,0.00373675
2021-04-14 19:00:00+00:00,0.0095159
2021-04-14 20:00:00+00:00,0.04368155
2021-04-14 21:00:00+00:00,0.02484565
2021-04-14 22:00:00+00:00,0.02699615
2021-04-14 23:00:00+00:00,0.03702295
2021-04-15 00:00:00+00:00,0.04636685
2021-04-15 01:00:00+00:00,0.0201093
2021-04-15 02:00:00+00:00,0.02519265
2021-04-15 03:00:00+00:00,0.035950499999999996
2021-04-15 04:00:00+00:00,0.034965050000000004
2021-04-15 05:00:00+00:00,0.03802985
2021-04-15 06:00:00+00:00,0.020395
2021-04-15 07:00:00+00:00,0.0415931
2021-04-15 08:00:00+00:00,0.04275605
2021-04-15 09:00:00+00:00,0.0703657
2021-04-15 10:00:00+00:00,0.09687305
2021-04-15 11:00:00+00:00,0.093921
2021-04-15 12:00:00+00:00,0.1654044
2021-04-15 13:00:00+00:00,0.1878736
2021-04-15 14:00:00+00:00,0.1222687
2021-04-15 15:00:00+00:00,0.0878288
2021-04-15 16:00:00+00:00,0.0682066
2021-04-15 17:00:00+00:00,0.06942125
2021-04-15 18:00:00+00:00,0.27758415
2021-04-15 19:00:00+00:00,0.09671625
2021-04-15 20:00:00+00:00,0.12608835
2021-04-15 21:00:00+00:00,0.143629
2021-04-15 22:00:00+00:00,0.09264109999999999
2021-04-15 23:00:00+00:00,0.0789585
2021-04-16 00:00:00+00:00,0.1045519
2021-04-16 01:00:00+00:00,0.1403565
2021-04-16 02:00:00+00:00,0.14445070000000002
2021-04-16 03:00:00+00:00,0.12003875
2021-04-16 04:00:00+00:00,0.0662146
2021-04-16 05:00:00+00:00,0.0484543
2021-04-16 06:00:00+00:00,0.06704895
2021-04-16 07:00:00+00:00,0.08466365
2021-04-16 08:00:00+00:00,0.05539605
2021-04-16 09:00:00+00:00,0.0291325
2021-04-16 10:00:00+00:00,0.0553263
2021-04-16 11:00:00+00:00,0.0428099
2021-04-16 12:00:00+00:00,0.03951275
2021-04-16 13:00:00+00:00,0.0238602
2021-04-16 14:00:00+00:00,0.04343575
2021-04-16 15:00:00+00:00,0.08178769999999999
2021-04-16 16:00:00+00:00,0.10336980000000001
2021-04-16 17:00:00+00:00,0.05651285
2021-04-16 18:00:00+00:00,0.0634544
2021-04-16 19:00:00+00:00,0.02925285
2021-04-16 20:00:00+00:00,0.04276045
2021-04-16 21:00:00+00:00,0.03313335
2021-04-16 22:00:00+00:00,0.02325375
2021-04-16 23:00:00+00:00,0.0368639
2021-04-17 00:00:00+00:00,0.0211822
2021-04-17 01:00:00+00:00,0.0267696
2021-04-17 02:00:00+00:00,0.03892905
2021-04-17 03:00:00+00:00,0.0886297
2021-04-17 04:00:00+00:00,0.057416800000000004
2021-04-17 05:00:00+00:00,0.056461800000000006
2021-04-17 06:00:00+00:00,0.03866945
2021-04-17 07:00:00+00:00,0.03861115
2021-04-17 08:00:00+00:00,0.04230415
2021-04-17 09:00:00+00:00,0.029440050000000002
2021-04-17 10:00:00+00:00,0.0108784
2021-04-17 11:00:00+00:00,0.00089445
2021-04-17 12:00:00+00:00,0.0035768500000000003
2021-04-17 13:00:00+00:00,0.00862535
2021-04-17 14:00:00+00:00,0.0059837499999999995
2021-04-17 15:00:00+00:00,0.0
2021-04-17 16:00:00+00:00,0.0
2021-04-17 17:00:00+00:00,0.014922749999999999
2021-04-17 18:00:00+00:00,0.01875025
2021-04-17 19:00:00+00:00,0.0219409
2021-04-17 20:00:00+00:00,0.04045165
2021-04-17 21:00:00+00:00,0.03338045
2021-04-17 22:00:00+00:00,0.01029135
2021-04-17 23:00:00+00:00,0.037453600000000004
2021-04-18 00:00:00+00:00,0.01520435
2021-04-18 01:00:00+00:00,0.01073415
2021-04-18 02:00:00+00:00,0.00470655
2021-04-18 03:00:00+00:00,0.00046895
2021-04-18 04:00:00+00:00,0.0
2021-04-18 05:00:00+00:00,0.00149015
2021-04-18 06:00:00+00:00,0.00262165
2021-04-18 07:00:00+00:00,0.0036372500000000003
2021-04-18 08:00:00+00:00,0.0065355000000000005
2021-04-18 09:00:00+00:00,0.0286763
2021-04-18 10:00:00+00:00,0.0428197
2021-04-18 11:00:00+00:00,0.021572749999999998
2021-04-18 12:00:00+00:00,0.0170713
2021-04-18 13:00:00+00:00,0.01873195
2021-04-18 14:00:00+00:00,0.0061924
2021-04-18 15:00:00+00:00,0.0
2021-04-18 16:00:00+00:00,0.004592199999999999
2021-04-18 17:00:00+00:00,0.0237791
2021-04-18 18:00:00+00:00,0.022153950000000002
2021-04-18 19:00:00+00:00,0.00580815
2021-04-18 20:00:00+00:00,0.00818365
2021-04-18 21:00:00+00:00,0.0101626
2021-04-18 22:00:00+00:00,0.01514795
2021-04-18 23:00:00+00:00,0.0064544
2021-04-19 00:00:00+00:00,0.0
2021-04-19 01:00:00+00:00,0.00518395
2021-04-19 02:00:00+00:00,0.0
2021-04-19 03:00:00+00:00,0.01216715
2021-04-19 04:00:00+00:00,0.0081443
2021-04-19 05:00:00+00:00,0.0
2021-04-19 06:00:00+00:00,0.0
2021-04-19 07:00:00+00:00,0.0
2021-04-19 08:00:00+00:00,0.0
2021-04-19 09:00:00+00:00,0.0
2021-04-19 10:00:00+00:00,0.0
2021-04-19 11:00:00+00:00,0.0008065500000000001
2021-04-19 12:00:00+00:00,0.0102201
2021-04-19 13:00:00+00:00,0.0131761
2021-04-19 14:00:00+00:00,0.0179981
2021-04-19 15:00:00+00:00,0.0179892
2021-04-19 16:00:00+00:00,0.02371865
2021-04-19 17:00:00+00:00,0.0430251
2021-04-19 18:00:00+00:00,0.045300400000000005
2021-04-19 19:00:00+00:00,0.07968395
2021-04-19 20:00:00+00:00,0.06852965
2021-04-19 21:00:00+00:00,0.01682405
2021-04-19 22:00:00+00:00,0.00725865
2021-04-19 23:00:00+00:00,0.005278
2021-04-20 00:00:00+00:00,0.00535015
2021-04-20 01:00:00+00:00,0.00038175
2021-04-20 02:00:00+00:00,0.0
2021-04-20 03:00:00+00:00,0.0
2021-04-20 04:00:00+00:00,0.0
2021-04-20 05:00:00+00:00,0.00317005
2021-04-20 06:00:00+00:00,0.0
2021-04-20 07:00:00+00:00,0.0
2021-04-20 08:00:00+00:00,0.0
2021-04-20 09:00:00+00:00,0.0
2021-04-20 10:00:00+00:00,0.0
2021-04-20 11:00:00+00:00,0.0
2021-04-20 12:00:00+00:00,0.0014115500000000001
2021-04-20 13:00:00+00:00,0.0059572
2021-04-20 14:00:00+00:00,0.0
2021-04-20 15:00:00+00:00,0.006276299999999999
2021-04-20 16:00:00+00:00,0.0094176
2021-04-20 17:00:00+00:00,0.00188035
2021-04-20 18:00:00+00:00,0.0
2021-04-20 19:00:00+00:00,0.0
2021-04-20 20:00:00+00:00,0.0009483
2021-04-20 21:00:00+00:00,0.020246899999999998
2021-04-20 22:00:00+00:00,0.015212350000000001
2021-04-20 23:00:00+00:00,0.00920775
2021-04-21 00:00:00+00:00,0.0016646999999999999
2021-04-21 01:00:00+00:00,0.0
2021-04-21 02:00:00+00:00,0.00639945
2021-04-21 03:00:00+00:00,0.01530605
2021-04-21 04:00:00+00:00,0.0309967
2021-04-21 05:00:00+00:00,0.05745650000000001
2021-04-21 06:00:00+00:00,0.0261317
2021-04-21 07:00:00+00:00,0.02285075
2021-04-21 08:00:00+00:00,0.0473444
2021-04-21 09:00:00+00:00,0.0319091
2021-04-21 10:00:00+00:00,0.03472215
2021-04-21 11:00:00+00:00,0.05045275
2021-04-21 12:00:00+00:00,0.06030895000000001
2021-04-21 13:00:00+00:00,0.056441399999999996
2021-04-21 14:00:00+00:00,0.06736795
2021-04-21 15:00:00+00:00,0.0830193
2021-04-21 16:00:00+00:00,0.08896825
2021-04-21 17:00:00+00:00,0.19655395
2021-04-21 18:00:00+00:00,0.24835174999999998
2021-04-21 19:00:00+00:00,0.27452055000000003
2021-04-21 20:00:00+00:00,0.25322045
2021-04-21 21:00:00+00:00,0.29908674999999996
2021-04-21 22:00:00+00:00,0.3616799
2021-04-21 23:00:00+00:00,0.29337379999999996
2021-04-22 00:00:00+00:00,0.1868039
2021-04-22 01:00:00+00:00,0.1750546
2021-04-22 02:00:00+00:00,0.25916680000000003
2021-04-22 03:00:00+00:00,0.2328154
2021-04-22 04:00:00+00:00,0.27583445
2021-04-22 05:00:00+00:00,0.28558105
2021-04-22 06:00:00+00:00,0.3060718
2021-04-22 07:00:00+00:00,0.3743462
2021-04-22 08:00:00+00:00,0.3429688
2021-04-22 09:00:00+00:00,0.27382905
2021-04-22 10:00:00+00:00,0.27674495
2021-04-22 11:00:00+00:00,0.34311825
2021-04-22 12:00:00+00:00,0.38785375
2021-04-22 13:00:00+00:00,0.1122355
2021-04-22 14:00:00+00:00,0.2962586
2021-04-22 15:00:00+00:00,0.6000546
2021-04-22 16:00:00+00:00,0.48099584999999995
2021-04-22 17:00:00+00:00,0.36142399999999997
2021-04-22 18:00:00+00:00,0.45631750000000004
2021-04-22 19:00:00+00:00,0.1662789
2021-04-22 20:00:00+00:00,0.19461055
2021-04-22 21:00:00+00:00,0.1993713
2021-04-22 22:00:00+00:00,0.19354955
2021-04-22 23:00:00+00:00,0.24053054999999998
2021-04-23 00:00:00+00:00,0.1886207
2021-04-23 01:00:00+00:00,0.152427
2021-04-23 02:00:00+00:00,0.1965004
2021-04-23 03:00:00+00:00,0.13087715
2021-04-23 04:00:00+00:00,0.15547965
2021-04-23 05:00:00+00:00,0.17992385
2021-04-23 06:00:00+00:00,0.1555281
2021-04-23 07:00:00+00:00,0.20070735
2021-04-23 08:00:00+00:00,0.16822735
2021-04-23 09:00:00+00:00,0.22209164999999997
2021-04-23 10:00:00+00:00,0.18184525
2021-04-23 11:00:00+00:00,0.1594558
2021-04-23 12:00:00+00:00,0.18109514999999998
2021-04-23 13:00:00+00:00,0.1801278
2021-04-23 14:00:00+00:00,0.14087629999999998
2021-04-23 15:00:00+00:00,0.19097204999999998
2021-04-23 16:00:00+00:00,0.1750619
2021-04-23 17:00:00+00:00,0.12527865
2021-04-23 18:00:00+00:00,0.0213979
2021-04-23 19:00:00+00:00,0.02910835
2021-04-23 20:00:00+00:00,0.00666965
2021-04-23 21:00:00+00:00,0.0
2021-04-23 22:00:00+00:00,0.0
2021-04-23 23:00:00+00:00,0.0
2021-04-24 00:00:00+00:00,0.06365425
2021-04-24 01:00:00+00:00,0.06840650000000001
2021-04-24 02:00:00+00:00,0.1007116
2021-04-24 03:00:00+00:00,0.10959284999999999
2021-04-24 04:00:00+00:00,0.13596565
2021-04-24 05:00:00+00:00,0.06050725
2021-04-24 06:00:00+00:00,0.0250289
2021-04-24 07:00:00+00:00,0.0316655
2021-04-24 08:00:00+00:00,0.07694
2021-04-24 09:00:00+00:00,0.0721744
2021-04-24 10:00:00+00:00,0.0947539
2021-04-24 11:00:00+00:00,0.07901185000000001
2021-04-24 12:00:00+00:00,0.05939655
2021-04-24 13:00:00+00:00,0.04760385
2021-04-24 14:00:00+00:00,0.05339335
2021-04-24 15:00:00+00:00,0.020322450000000002
2021-04-24 16:00:00+00:00,0.01317175
2021-04-24 17:00:00+00:00,0.0
2021-04-24 18:00:00+00:00,0.0
2021-04-24 19:00:00+00:00,0.0
2021-04-24 20:00:00+00:00,0.0123659
2021-04-24 21:00:00+00:00,0.0438857
2021-04-24 22:00:00+00:00,0.058630999999999996
2021-04-24 23:00:00+00:00,0.04084465
2021-04-25 00:00:00+00:00,0.017290299999999998
2021-04-25 01:00:00+00:00,0.0073785
2021-04-25 02:00:00+00:00,0.00276145
2021-04-25 03:00:00+00:00,0.0008183
2021-04-25 04:00:00+00:00,0.0
2021-04-25 05:00:00+00:00,0.0009228
2021-04-25 06:00:00+00:00,0.01685505
2021-04-25 07:00:00+00:00,0.01647815
2021-04-25 08:00:00+00:00,0.028546050000000003
2021-04-25 09:00:00+00:00,0.0511619
2021-04-25 10:00:00+00:00,0.0641964
2021-04-25 11:00:00+00:00,0.11154745
2021-04-25 12:00:00+00:00,0.0
2021-04-25 13:00:00+00:00,0.0095593
2021-04-25 14:00:00+00:00,0.04778495
2021-04-25 15:00:00+00:00,0.0478341
2021-04-25 16:00:00+00:00,0.0743116
2021-04-25 17:00:00+00:00,0.0459479
2021-04-25 18:00:00+00:00,0.0381009
2021-04-25 19:00:00+00:00,0.08415965
2021-04-25 20:00:00+00:00,0.10572999999999999
2021-04-25 21:00:00+00:00,0.06349095
2021-04-25 22:00:00+00:00,0.059461749999999994
2021-04-25 23:00:00+00:00,0.0193721
2021-04-26 00:00:00+00:00,0.018199100000000003
2021-04-26 01:00:00+00:00,0.0073757499999999995
2021-04-26 02:00:00+00:00,0.0017748000000000002
2021-04-26 03:00:00+00:00,0.0104131
2021-04-26 04:00:00+00:00,0.02298935
2021-04-26 05:00:00+00:00,0.015427199999999999
2021-04-26 06:00:00+00:00,0.013761949999999998
2021-04-26 07:00:00+00:00,0.022864850000000003
2021-04-26 08:00:00+00:00,0.025726549999999997
2021-04-26 09:00:00+00:00,0.03648755
2021-04-26 10:00:00+00:00,0.02691045
2021-04-26 11:00:00+00:00,0.01609505
2021-04-26 12:00:00+00:00,0.018184
2021-04-26 13:00:00+00:00,0.028671949999999998
2021-04-26 14:00:00+00:00,0.03165015
2021-04-26 15:00:00+00:00,0.02485745
2021-04-26 16:00:00+00:00,0.0150548
2021-04-26 17:00:00+00:00,0.0089674
2021-04-26 18:00:00+00:00,0.00849935
2021-04-26 19:00:00+00:00,0.01918605
2021-04-26 20:00:00+00:00,0.0351266
2021-04-26 21:00:00+00:00,0.0910297
2021-04-26 22:00:00+00:00,0.10366845000000001
2021-04-26 23:00:00+00:00,0.0724334
2021-04-27 00:00:00+00:00,0.09288825
2021-04-27 01:00:00+00:00,0.07910605000000001
2021-04-27 02:00:00+00:00,0.062511
2021-04-27 03:00:00+00:00,0.06819845000000001
2021-04-27 04:00:00+00:00,0.05068095
2021-04-27 05:00:00+00:00,0.04974865
2021-04-27 06:00:00+00:00,0.015279750000000002
2021-04-27 07:00:00+00:00,0.037343549999999996
2021-04-27 08:00:00+00:00,0.07967005
2021-04-27 09:00:00+00:00,0.10120214999999999
2021-04-27 10:00:00+00:00,0.09615710000000001
2021-04-27 11:00:00+00:00,0.09737145
2021-04-27 12:00:00+00:00,0.1033739
2021-04-27 13:00:00+00:00,0.10048285
2021-04-27 14:00:00+00:00,0.1043648
2021-04-27 15:00:00+00:00,0.07691390000000001
2021-04-27 16:00:00+00:00,0.06917975
2021-04-27 17:00:00+00:00,0.0887647
2021-04-27 18:00:00+00:00,0.06853975000000001
2021-04-27 19:00:00+00:00,0.1888846
2021-04-27 20:00:00+00:00,0.284377
2021-04-27 21:00:00+00:00,0.28351815
2021-04-27 22:00:00+00:00,0.27580129999999997
2021-04-27 23:00:00+00:00,0.24146355
2021-04-28 00:00:00+00:00,0.17899584999999998
2021-04-28 01:00:00+00:00,0.13993044999999998
2021-04-28 02:00:00+00:00,0.17117895
2021-04-28 03:00:00+00:00,0.1379884
2021-04-28 04:00:00+00:00,0.10456710000000001
2021-04-28 05:00:00+00:00,0.0845822
2021-04-28 06:00:00+00:00,0.037275499999999996
2021-04-28 07:00:00+00:00,0.030025850000000003
2021-04-28 08:00:00+00:00,0.026649650000000004
2021-04-28 09:00:00+00:00,0.022054249999999997
2021-04-28 10:00:00+00:00,0.03959125
2021-04-28 11:00:00+00:00,0.055388099999999996
2021-04-28 12:00:00+00:00,0.03577485
2021-04-28 13:00:00+00:00,0.012245
2021-04-28 14:00:00+00:00,0.01133195
2021-04-28 15:00:00+00:00,0.01482935
2021-04-28 16:00:00+00:00,0.01758585
2021-04-28 17:00:00+00:00,0.02668405
2021-04-28 18:00:00+00:00,0.04539625
2021-04-28 19:00:00+00:00,0.09283455
2021-04-28 20:00:00+00:00,0.17705745
2021-04-28 21:00:00+00:00,0.2377466
2021-04-28 22:00:00+00:00,0.2983905
2021-04-28 23:00:00+00:00,0.27296665
2021-04-29 00:00:00+00:00,0.1674773
2021-04-29 01:00:00+00:00,0.03110915
2021-04-29 02:00:00+00:00,0.00188525
2021-04-29 03:00:00+00:00,0.00048760000000000003
2021-04-29 04:00:00+00:00,0.0061872
2021-04-29 05:00:00+00:00,0.01553395
2021-04-29 06:00:00+00:00,0.0336649
2021-04-29 07:00:00+00:00,0.035064
2021-04-29 08:00:00+00:00,0.0565832
2021-04-29 09:00:00+00:00,0.17233665
2021-04-29 10:00:00+00:00,0.20447245
2021-04-29 11:00:00+00:00,0.24567065
2021-04-29 12:00:00+00:00,0.07828265
2021-04-29 13:00:00+00:00,0.05372525
2021-04-29 14:00:00+00:00,0.1445744
2021-04-29 15:00:00+00:00,0.3297806
2021-04-29 16:00:00+00:00,0.207373
2021-04-29 17:00:00+00:00,0.15800745
2021-04-29 18:00:00+00:00,0.2909095
2021-04-29 19:00:00+00:00,0.30304035
2021-04-29 20:00:00+00:00,0.40751705
2021-04-29 21:00:00+00:00,0.27070435000000004
2021-04-29 22:00:00+00:00,0.66987535
2021-04-29 23:00:00+00:00,0.41703795
2021-04-30 00:00:00+00:00,0.14864539999999998
2021-04-30 01:00:00+00:00,0.20809015
2021-04-30 02:00:00+00:00,0.25017095
2021-04-30 03:00:00+00:00,0.18776185
2021-04-30 04:00:00+00:00,0.11433195
2021-04-30 05:00:00+00:00,0.09943579999999999
2021-04-30 06:00:00+00:00,0.0905913
2021-04-30 07:00:00+00:00,0.0640433
2021-04-30 08:00:00+00:00,0.02506165
2021-04-30 09:00:00+00:00,0.02895795
2021-04-30 10:00:00+00:00,0.04242845
2021-04-30 11:00:00+00:00,0.0219391
2021-04-30 12:00:00+00:00,0.0160266
2021-04-30 13:00:00+00:00,0.01312715
2021-04-30 14:00:00+00:00,0.00273615
2021-04-30 15:00:00+00:00,0.0
2021-04-30 16:00:00+00:00,0.0062848
2021-04-30 17:00:00+00:00,0.0024198
2021-04-30 18:00:00+00:00,0.0044004
2021-04-30 19:00:00+00:00,0.00990485
2021-04-30 20:00:00+00:00,0.008366849999999999
2021-04-30 21:00:00+00:00,0.00937785
2021-04-30 22:00:00+00:00,0.01226845
2021-04-30 23:00:00+00:00,0.007599850000000001
2021-05-01 00:00:00+00:00,0.007391750000000001
2021-05-01 01:00:00+00:00,0.0063944499999999994
2021-05-01 02:00:00+00:00,0.00452695
2021-05-01 03:00:00+00:00,0.0008948499999999999
2021-05-01 04:00:00+00:00,0.0034724499999999998
2021-05-01 05:00:00+00:00,0.0025015000000000003
2021-05-01 06:00:00+00:00,0.00572415
2021-05-01 07:00:00+00:00,0.00235705
2021-05-01 08:00:00+00:00,0.0
2021-05-01 09:00:00+00:00,0.0
2021-05-01 10:00:00+00:00,0.0
2021-05-01 11:00:00+00:00,0.0
2021-05-01 12:00:00+00:00,0.0
2021-05-01 13:00:00+00:00,0.0016987999999999999
2021-05-01 14:00:00+00:00,0.00280525
2021-05-01 15:00:00+00:00,0.013163399999999999
2021-05-01 16:00:00+00:00,0.01522105
2021-05-01 17:00:00+00:00,0.0220585
2021-05-01 18:00:00+00:00,0.0260779
2021-05-01 19:00:00+00:00,0.0370572
2021-05-01 20:00:00+00:00,0.038989800000000005
2021-05-01 21:00:00+00:00,0.02430385
2021-05-01 22:00:00+00:00,0.015372649999999998
2021-05-01 23:00:00+00:00,0.008523300000000001
2021-05-02 00:00:00+00:00,0.0065227
2021-05-02 01:00:00+00:00,0.004174150000000001
2021-05-02 02:00:00+00:00,0.0026884499999999998
2021-05-02 03:00:00+00:00,0.0027734500000000002
2021-05-02 04:00:00+00:00,0.006532
2021-05-02 05:00:00+00:00,0.0036485
2021-05-02 06:00:00+00:00,0.0216393
2021-05-02 07:00:00+00:00,0.02453615
2021-05-02 08:00:00+00:00,0.0315491
2021-05-02 09:00:00+00:00,0.08644525
2021-05-02 10:00:00+00:00,0.17387505
2021-05-02 11:00:00+00:00,0.30366935
2021-05-02 12:00:00+00:00,0.2680811
2021-05-02 13:00:00+00:00,0.16240535
2021-05-02 14:00:00+00:00,0.07915644999999999
2021-05-02 15:00:00+00:00,0.15939984999999998
2021-05-02 16:00:00+00:00,0.31751855
2021-05-02 17:00:00+00:00,0.23759595
2021-05-02 18:00:00+00:00,0.44856270000000004
2021-05-02 19:00:00+00:00,0.47517344999999994
2021-05-02 20:00:00+00:00,0.48313925
2021-05-02 21:00:00+00:00,0.32174445
2021-05-02 22:00:00+00:00,0.32464895
2021-05-02 23:00:00+00:00,0.3500198
2021-05-03 00:00:00+00:00,0.34683715000000004
2021-05-03 01:00:00+00:00,0.36452925
2021-05-03 02:00:00+00:00,0.35864335
2021-05-03 03:00:00+00:00,0.4357992
2021-05-03 04:00:00+00:00,0.32161375
2021-05-03 05:00:00+00:00,0.22114405
2021-05-03 06:00:00+00:00,0.27973415
2021-05-03 07:00:00+00:00,0.2719867
2021-05-03 08:00:00+00:00,0.22888604999999998
2021-05-03 09:00:00+00:00,0.1986541
2021-05-03 10:00:00+00:00,0.2464779
2021-05-03 11:00:00+00:00,0.2445793
2021-05-03 12:00:00+00:00,0.25344235
2021-05-03 13:00:00+00:00,0.23972824999999998
2021-05-03 14:00:00+00:00,0.12029010000000001
2021-05-03 15:00:00+00:00,0.0321545
2021-05-03 16:00:00+00:00,0.03397065
2021-05-03 17:00:00+00:00,0.03413305
2021-05-03 18:00:00+00:00,0.004850999999999999
2021-05-03 19:00:00+00:00,0.0272618
2021-05-03 20:00:00+00:00,0.0528557
2021-05-03 21:00:00+00:00,0.07726765000000001
2021-05-03 22:00:00+00:00,0.05873115
2021-05-03 23:00:00+00:00,0.03620305
2021-05-04 00:00:00+00:00,0.06554425
2021-05-04 01:00:00+00:00,0.08409335
2021-05-04 02:00:00+00:00,0.1270655
2021-05-04 03:00:00+00:00,0.17977755
2021-05-04 04:00:00+00:00,0.2598007
2021-05-04 05:00:00+00:00,0.43594745
2021-05-04 06:00:00+00:00,0.45892924999999996
2021-05-04 07:00:00+00:00,0.56340525
2021-05-04 08:00:00+00:00,0.7331452500000001
2021-05-04 09:00:00+00:00,0.8623005499999999
2021-05-04 10:00:00+00:00,0.8130031
2021-05-04 11:00:00+00:00,0.56303175
2021-05-04 12:00:00+00:00,0.6189461500000001
2021-05-04 13:00:00+00:00,0.74786515
2021-05-04 14:00:00+00:00,0.76533565
2021-05-04 15:00:00+00:00,0.8026525999999999
2021-05-04 16:00:00+00:00,0.7757268
2021-05-04 17:00:00+00:00,0.5774032
2021-05-04 18:00:00+00:00,0.5935815999999999
2021-05-04 19:00:00+00:00,0.42718199999999995
2021-05-04 20:00:00+00:00,0.37454105
2021-05-04 21:00:00+00:00,0.29289445000000003
2021-05-04 22:00:00+00:00,0.15730935
2021-05-04 23:00:00+00:00,0.16609975
2021-05-05 00:00:00+00:00,0.21187855
2021-05-05 01:00:00+00:00,0.16208795
2021-05-05 02:00:00+00:00,0.27054585000000003
2021-05-05 03:00:00+00:00,0.42637135
2021-05-05 04:00:00+00:00,0.4359534
2021-05-05 05:00:00+00:00,0.32992095
2021-05-05 06:00:00+00:00,0.5722202000000001
2021-05-05 07:00:00+00:00,0.59776645
2021-05-05 08:00:00+00:00,0.6165503
2021-05-05 09:00:00+00:00,0.58598695
2021-05-05 10:00:00+00:00,0.46558540000000004
2021-05-05 11:00:00+00:00,0.4756032
2021-05-05 12:00:00+00:00,0.65989075
2021-05-05 13:00:00+00:00,0.49250065000000004
2021-05-05 14:00:00+00:00,0.5238158
2021-05-05 15:00:00+00:00,0.5315761
2021-05-05 16:00:00+00:00,0.78078665
2021-05-05 17:00:00+00:00,0.46456234999999996
2021-05-05 18:00:00+00:00,0.43475925
2021-05-05 19:00:00+00:00,0.31842739999999997
2021-05-05 20:00:00+00:00,0.36581395
2021-05-05 21:00:00+00:00,0.2785898
2021-05-05 22:00:00+00:00,0.38835245
2021-05-05 23:00:00+00:00,0.21186325
2021-05-06 00:00:00+00:00,0.23670095000000002
2021-05-06 01:00:00+00:00,0.2493008
2021-05-06 02:00:00+00:00,0.25507114999999997
2021-05-06 03:00:00+00:00,0.11726395
2021-05-06 04:00:00+00:00,0.1065895
2021-05-06 05:00:00+00:00,0.0508278
2021-05-06 06:00:00+00:00,0.12596685
2021-05-06 07:00:00+00:00,0.0723139
2021-05-06 08:00:00+00:00,0.10270164999999999
2021-05-06 09:00:00+00:00,0.16428175
2021-05-06 10:00:00+00:00,0.31356385
2021-05-06 11:00:00+00:00,0.1621266
2021-05-06 12:00:00+00:00,0.045799599999999996
2021-05-06 13:00:00+00:00,0.10756165000000001
2021-05-06 14:00:00+00:00,0.0584493
2021-05-06 15:00:00+00:00,0.01648345
2021-05-06 16:00:00+00:00,0.00462115
2021-05-06 17:00:00+00:00,0.0017763000000000002
2021-05-06 18:00:00+00:00,0.0
2021-05-06 19:00:00+00:00,0.0038331000000000003
2021-05-06 20:00:00+00:00,0.0066665000000000006
2021-05-06 21:00:00+00:00,0.0026963
2021-05-06 22:00:00+00:00,0.0037443
2021-05-06 23:00:00+00:00,0.006674800000000001
2021-05-07 00:00:00+00:00,0.011589499999999999
2021-05-07 01:00:00+00:00,0.0038488
2021-05-07 02:00:00+00:00,0.0038011000000000004
2021-05-07 03:00:00+00:00,0.0075405
2021-05-07 04:00:00+00:00,0.0140607
2021-05-07 05:00:00+00:00,0.006565349999999999
2021-05-07 06:00:00+00:00,0.00826175
2021-05-07 07:00:00+00:00,0.0893554
2021-05-07 08:00:00+00:00,0.11047345
2021-05-07 09:00:00+00:00,0.1517057
2021-05-07 10:00:00+00:00,0.2035676
2021-05-07 11:00:00+00:00,0.1260802
2021-05-07 12:00:00+00:00,0.23548670000000002
2021-05-07 13:00:00+00:00,0.31369235
2021-05-07 14:00:00+00:00,0.3403252
2021-05-07 15:00:00+00:00,0.3610818
2021-05-07 16:00:00+00:00,0.14651775
2021-05-07 17:00:00+00:00,0.10947509999999999
2021-05-07 18:00:00+00:00,0.0730232
2021-05-07 19:00:00+00:00,0.08784600000000001
2021-05-07 20:00:00+00:00,0.0664759
2021-05-07 21:00:00+00:00,0.10755445
2021-05-07 22:00:00+00:00,0.15734085
2021-05-07 23:00:00+00:00,0.16230630000000001
2021-05-08 00:00:00+00:00,0.27296295
2021-05-08 01:00:00+00:00,0.1906553
2021-05-08 02:00:00+00:00,0.1260434
2021-05-08 03:00:00+00:00,0.0857907
2021-05-08 04:00:00+00:00,0.057314
2021-05-08 05:00:00+00:00,0.027695749999999998
2021-05-08 06:00:00+00:00,0.013561750000000001
2021-05-08 07:00:00+00:00,0.0088325
2021-05-08 08:00:00+00:00,0.04632365
2021-05-08 09:00:00+00:00,0.05239945
2021-05-08 10:00:00+00:00,0.07502405
2021-05-08 11:00:00+00:00,0.0805927
2021-05-08 12:00:00+00:00,0.030054849999999998
2021-05-08 13:00:00+00:00,0.03274615
2021-05-08 14:00:00+00:00,0.0239581
2021-05-08 15:00:00+00:00,0.01535435
2021-05-08 16:00:00+00:00,0.030792450000000002
2021-05-08 17:00:00+00:00,0.04636275
2021-05-08 18:00:00+00:00,0.0700302
2021-05-08 19:00:00+00:00,0.0723039
2021-05-08 20:00:00+00:00,0.07923255
2021-05-08 21:00:00+00:00,0.0753071
2021-05-08 22:00:00+00:00,0.10671425
2021-05-08 23:00:00+00:00,0.09391079999999999
2021-05-09 00:00:00+00:00,0.08721045000000001
2021-05-09 01:00:00+00:00,0.0890948
2021-05-09 02:00:00+00:00,0.0675244
2021-05-09 03:00:00+00:00,0.049948599999999996
2021-05-09 04:00:00+00:00,0.061657899999999995
2021-05-09 05:00:00+00:00,0.05971195
2021-05-09 06:00:00+00:00,0.035145100000000006
2021-05-09 07:00:00+00:00,0.05147805
2021-05-09 08:00:00+00:00,0.07773535000000001
2021-05-09 09:00:00+00:00,0.12812004999999999
2021-05-09 10:00:00+00:00,0.08279505000000001
2021-05-09 11:00:00+00:00,0.0009699
2021-05-09 12:00:00+00:00,0.0
2021-05-09 13:00:00+00:00,0.007804300000000001
2021-05-09 14:00:00+00:00,0.02624125
2021-05-09 15:00:00+00:00,0.1300145
2021-05-09 16:00:00+00:00,0.1458412
2021-05-09 17:00:00+00:00,0.2917402
2021-05-09 18:00:00+00:00,0.2525869
2021-05-09 19:00:00+00:00,0.36555745
2021-05-09 20:00:00+00:00,0.2962586
2021-05-09 21:00:00+00:00,0.3519194
2021-05-09 22:00:00+00:00,0.18578355
2021-05-09 23:00:00+00:00,0.187806
2021-05-10 00:00:00+00:00,0.1819112
2021-05-10 01:00:00+00:00,0.19959285
2021-05-10 02:00:00+00:00,0.1790121
2021-05-10 03:00:00+00:00,0.15277685
2021-05-10 04:00:00+00:00,0.20858795
2021-05-10 05:00:00+00:00,0.13215115
2021-05-10 06:00:00+00:00,0.05945715
2021-05-10 07:00:00+00:00,0.0455215
2021-05-10 08:00:00+00:00,0.04651645
2021-05-10 09:00:00+00:00,0.08459045
2021-05-10 10:00:00+00:00,0.058447149999999996
2021-05-10 11:00:00+00:00,0.04866905
2021-05-10 12:00:00+00:00,0.1026452
2021-05-10 13:00:00+00:00,0.05260650000000001
2021-05-10 14:00:00+00:00,0.09094515
2021-05-10 15:00:00+00:00,0.12614329999999999
2021-05-10 16:00:00+00:00,0.11542474999999999
2021-05-10 17:00:00+00:00,0.22130785
2021-05-10 18:00:00+00:00,0.0663749
2021-05-10 19:00:00+00:00,0.04576605
2021-05-10 20:00:00+00:00,0.059024400000000005
2021-05-10 21:00:00+00:00,0.0220488
2021-05-10 22:00:00+00:00,0.030743950000000003
2021-05-10 23:00:00+00:00,0.16521135
2021-05-11 00:00:00+00:00,0.26424549999999997
2021-05-11 01:00:00+00:00,0.23855975
2021-05-11 02:00:00+00:00,0.16571195
2021-05-11 03:00:00+00:00,0.15707435
2021-05-11 04:00:00+00:00,0.11233965
2021-05-11 05:00:00+00:00,0.0271041
2021-05-11 06:00:00+00:00,0.0
2021-05-11 07:00:00+00:00,0.0
2021-05-11 08:00:00+00:00,0.0
2021-05-11 09:00:00+00:00,0.0
2021-05-11 10:00:00+00:00,0.0
2021-05-11 11:00:00+00:00,0.00175745
2021-05-11 12:00:00+00:00,0.0008839000000000001
2021-05-11 13:00:00+00:00,0.0
2021-05-11 14:00:00+00:00,0.0
2021-05-11 15:00:00+00:00,0.07070185
2021-05-11 16:00:00+00:00,0.10650925
2021-05-11 17:00:00+00:00,0.202537
2021-05-11 18:00:00+00:00,0.454217
2021-05-11 19:00:00+00:00,0.15649190000000002
2021-05-11 20:00:00+00:00,0.14946325
2021-05-11 21:00:00+00:00,0.0453786
2021-05-11 22:00:00+00:00,0.09166135
2021-05-11 23:00:00+00:00,0.05765895000000001
2021-05-12 00:00:00+00:00,0.06242645
2021-05-12 01:00:00+00:00,0.0595537
2021-05-12 02:00:00+00:00,0.033702050000000004
2021-05-12 03:00:00+00:00,0.0284725
2021-05-12 04:00:00+00:00,0.0243748
2021-05-12 05:00:00+00:00,0.025103200000000003
2021-05-12 06:00:00+00:00,0.039617200000000005
2021-05-12 07:00:00+00:00,0.0461769
2021-05-12 08:00:00+00:00,0.04918005
2021-05-12 09:00:00+00:00,0.0867577
2021-05-12 10:00:00+00:00,0.09940245
2021-05-12 11:00:00+00:00,0.064174
2021-05-12 12:00:00+00:00,0.06626355
2021-05-12 13:00:00+00:00,0.04914765
2021-05-12 14:00:00+00:00,0.0406625
2021-05-12 15:00:00+00:00,0.08593144999999999
2021-05-12 16:00:00+00:00,0.13098395000000002
2021-05-12 17:00:00+00:00,0.12121810000000001
2021-05-12 18:00:00+00:00,0.11631024999999999
2021-05-12 19:00:00+00:00,0.10563955000000001
2021-05-12 20:00:00+00:00,0.1055213
2021-05-12 21:00:00+00:00,0.14372255
2021-05-12 22:00:00+00:00,0.12023800000000001
2021-05-12 23:00:00+00:00,0.11045205000000001
2021-05-13 00:00:00+00:00,0.1497077
2021-05-13 01:00:00+00:00,0.16820015000000002
2021-05-13 02:00:00+00:00,0.1212269
2021-05-13 03:00:00+00:00,0.0995424
2021-05-13 04:00:00+00:00,0.0848147
2021-05-13 05:00:00+00:00,0.13769594999999998
2021-05-13 06:00:00+00:00,0.15135864999999998
2021-05-13 07:00:00+00:00,0.12408005000000001
2021-05-13 08:00:00+00:00,0.11813009999999999
2021-05-13 09:00:00+00:00,0.125066
2021-05-13 10:00:00+00:00,0.14846005
2021-05-13 11:00:00+00:00,0.17214205
2021-05-13 12:00:00+00:00,0.24720425000000001
2021-05-13 13:00:00+00:00,0.19743444999999998
2021-05-13 14:00:00+00:00,0.1348433
2021-05-13 15:00:00+00:00,0.14061300000000002
2021-05-13 16:00:00+00:00,0.1318221
2021-05-13 17:00:00+00:00,0.11501515
2021-05-13 18:00:00+00:00,0.10703444999999999
2021-05-13 19:00:00+00:00,0.15499559999999998
2021-05-13 20:00:00+00:00,0.1111056
2021-05-13 21:00:00+00:00,0.0779408
2021-05-13 22:00:00+00:00,0.09364825
2021-05-13 23:00:00+00:00,0.11989565
2021-05-14 00:00:00+00:00,0.09652195000000001
2021-05-14 01:00:00+00:00,0.05640905
2021-05-14 02:00:00+00:00,0.06907025
2021-05-14 03:00:00+00:00,0.0835588
2021-05-14 04:00:00+00:00,0.1520966
2021-05-14 05:00:00+00:00,0.13160354999999999
2021-05-14 06:00:00+00:00,0.16597645
2021-05-14 07:00:00+00:00,0.1435192
2021-05-14 08:00:00+00:00,0.1180019
2021-05-14 09:00:00+00:00,0.11724645
2021-05-14 10:00:00+00:00,0.1415268
2021-05-14 11:00:00+00:00,0.1189991
2021-05-14 12:00:00+00:00,0.1235567
2021-05-14 13:00:00+00:00,0.08242935
2021-05-14 14:00:00+00:00,0.0533994
2021-05-14 15:00:00+00:00,0.01447655
2021-05-14 16:00:00+00:00,0.0038067500000000002
2021-05-14 17:00:00+00:00,0.0009364499999999999
2021-05-14 18:00:00+00:00,0.00158855
2021-05-14 19:00:00+00:00,0.0007841
2021-05-14 20:00:00+00:00,0.0
2021-05-14 21:00:00+00:00,0.0
2021-05-14 22:00:00+00:00,0.0085618
2021-05-14 23:00:00+00:00,0.0335931
2021-05-15 00:00:00+00:00,0.00946105
2021-05-15 01:00:00+00:00,0.08721485
2021-05-15 02:00:00+00:00,0.022140649999999998
2021-05-15 03:00:00+00:00,0.01114095
2021-05-15 04:00:00+00:00,0.01736795
2021-05-15 05:00:00+00:00,0.0086516
2021-05-15 06:00:00+00:00,0.010437
2021-05-15 07:00:00+00:00,0.020927099999999997
2021-05-15 08:00:00+00:00,0.03195045
2021-05-15 09:00:00+00:00,0.05253819999999999
2021-05-15 10:00:00+00:00,0.06352714999999999
2021-05-15 11:00:00+00:00,0.118203
2021-05-15 12:00:00+00:00,0.1525602
2021-05-15 13:00:00+00:00,0.0321705
2021-05-15 14:00:00+00:00,0.1085655
2021-05-15 15:00:00+00:00,0.11535409999999999
2021-05-15 16:00:00+00:00,0.07717165
2021-05-15 17:00:00+00:00,0.0526116
2021-05-15 18:00:00+00:00,0.07623175
2021-05-15 19:00:00+00:00,0.07892089999999999
2021-05-15 20:00:00+00:00,0.09459715
2021-05-15 21:00:00+00:00,0.0777336
2021-05-15 22:00:00+00:00,0.03492325
2021-05-15 23:00:00+00:00,0.025155049999999998
2021-05-16 00:00:00+00:00,0.0281534
2021-05-16 01:00:00+00:00,0.02623755
2021-05-16 02:00:00+00:00,0.0310837
2021-05-16 03:00:00+00:00,0.0399759
2021-05-16 04:00:00+00:00,0.05362355
2021-05-16 05:00:00+00:00,0.04167475
2021-05-16 06:00:00+00:00,0.04640355
2021-05-16 07:00:00+00:00,0.05429085
2021-05-16 08:00:00+00:00,0.05247165
2021-05-16 09:00:00+00:00,0.03877605
2021-05-16 10:00:00+00:00,0.0936389
2021-05-16 11:00:00+00:00,0.1223086
2021-05-16 12:00:00+00:00,0.25940585
2021-05-16 13:00:00+00:00,0.10832365
2021-05-16 14:00:00+00:00,0.07418809999999999
2021-05-16 15:00:00+00:00,0.1297344
2021-05-16 16:00:00+00:00,0.0487297
2021-05-16 17:00:00+00:00,0.01251375
2021-05-16 18:00:00+00:00,0.027955849999999997
2021-05-16 19:00:00+00:00,0.0174004
2021-05-16 20:00:00+00:00,0.0203444
2021-05-16 21:00:00+00:00,0.029251799999999998
2021-05-16 22:00:00+00:00,0.0253756
2021-05-16 23:00:00+00:00,0.0321638
2021-05-17 00:00:00+00:00,0.04485675
2021-05-17 01:00:00+00:00,0.1759212
2021-05-17 02:00:00+00:00,0.07424
2021-05-17 03:00:00+00:00,0.0456563
2021-05-17 04:00:00+00:00,0.0367165
2021-05-17 05:00:00+00:00,0.02312885
2021-05-17 06:00:00+00:00,0.017232149999999998
2021-05-17 07:00:00+00:00,0.015414099999999998
2021-05-17 08:00:00+00:00,0.01639765
2021-05-17 09:00:00+00:00,0.0260991
2021-05-17 10:00:00+00:00,0.01933855
2021-05-17 11:00:00+00:00,0.0201769
2021-05-17 12:00:00+00:00,0.01057395
2021-05-17 13:00:00+00:00,0.0271221
2021-05-17 14:00:00+00:00,0.0819422
2021-05-17 15:00:00+00:00,0.006711
2021-05-17 16:00:00+00:00,0.0797269
2021-05-17 17:00:00+00:00,0.014401349999999999
2021-05-17 18:00:00+00:00,0.02106375
2021-05-17 19:00:00+00:00,0.021289449999999998
2021-05-17 20:00:00+00:00,0.04281105
2021-05-17 21:00:00+00:00,0.08285205
2021-05-17 22:00:00+00:00,0.12528340000000002
2021-05-17 23:00:00+00:00,0.11644745000000001
2021-05-18 00:00:00+00:00,0.0762859
2021-05-18 01:00:00+00:00,0.1712826
2021-05-18 02:00:00+00:00,0.22777550000000002
2021-05-18 03:00:00+00:00,0.1671188
2021-05-18 04:00:00+00:00,0.09071535
2021-05-18 05:00:00+00:00,0.1424446
2021-05-18 06:00:00+00:00,0.1748072
2021-05-18 07:00:00+00:00,0.15915155
2021-05-18 08:00:00+00:00,0.11339915
2021-05-18 09:00:00+00:00,0.13183165
2021-05-18 10:00:00+00:00,0.0967049
2021-05-18 11:00:00+00:00,0.0761682
2021-05-18 12:00:00+00:00,0.1259347
2021-05-18 13:00:00+00:00,0.11603805
2021-05-18 14:00:00+00:00,0.052514200000000004
2021-05-18 15:00:00+00:00,0.0453119
2021-05-18 16:00:00+00:00,0.017264099999999998
2021-05-18 17:00:00+00:00,0.0093435
2021-05-18 18:00:00+00:00,0.0008686
2021-05-18 19:00:00+00:00,0.0
2021-05-18 20:00:00+00:00,0.0
2021-05-18 21:00:00+00:00,0.0
2021-05-18 22:00:00+00:00,0.00249415
2021-05-18 23:00:00+00:00,0.0653788
2021-05-19 00:00:00+00:00,0.0873969
2021-05-19 01:00:00+00:00,0.1316466
2021-05-19 02:00:00+00:00,0.09670825
2021-05-19 03:00:00+00:00,0.0573867
2021-05-19 04:00:00+00:00,0.030200650000000002
2021-05-19 05:00:00+00:00,0.0028360499999999997
2021-05-19 06:00:00+00:00,0.00545555
2021-05-19 07:00:00+00:00,0.0072480999999999995
2021-05-19 08:00:00+00:00,0.0132159
2021-05-19 09:00:00+00:00,0.050901600000000005
2021-05-19 10:00:00+00:00,0.0308863
2021-05-19 11:00:00+00:00,0.14658095000000002
2021-05-19 12:00:00+00:00,0.0172504
2021-05-19 13:00:00+00:00,0.04106015
2021-05-19 14:00:00+00:00,0.00569785
2021-05-19 15:00:00+00:00,0.0381723
2021-05-19 16:00:00+00:00,0.019028
2021-05-19 17:00:00+00:00,0.0026500499999999997
2021-05-19 18:00:00+00:00,0.00258935
2021-05-19 19:00:00+00:00,0.014378100000000001
2021-05-19 20:00:00+00:00,0.0710082
2021-05-19 21:00:00+00:00,0.02328365
2021-05-19 22:00:00+00:00,0.0191717
2021-05-19 23:00:00+00:00,0.026784050000000004
2021-05-20 00:00:00+00:00,0.0812282
2021-05-20 01:00:00+00:00,0.06339260000000001
2021-05-20 02:00:00+00:00,0.06055460000000001
2021-05-20 03:00:00+00:00,0.04478915
2021-05-20 04:00:00+00:00,0.0337376
2021-05-20 05:00:00+00:00,0.034277749999999996
2021-05-20 06:00:00+00:00,0.0334337
2021-05-20 07:00:00+00:00,0.0459445
2021-05-20 08:00:00+00:00,0.057809299999999994
2021-05-20 09:00:00+00:00,0.0696606
2021-05-20 10:00:00+00:00,0.06408849999999999
2021-05-20 11:00:00+00:00,0.0642537
2021-05-20 12:00:00+00:00,0.06809745
2021-05-20 13:00:00+00:00,0.06421645
2021-05-20 14:00:00+00:00,0.0281045
2021-05-20 15:00:00+00:00,0.025816000000000002
2021-05-20 16:00:00+00:00,0.050953899999999996
2021-05-20 17:00:00+00:00,0.0153074
2021-05-20 18:00:00+00:00,0.010531
2021-05-20 19:00:00+00:00,0.01623445
2021-05-20 20:00:00+00:00,0.0311721
2021-05-20 21:00:00+00:00,0.04497065
2021-05-20 22:00:00+00:00,0.0635937
2021-05-20 23:00:00+00:00,0.07432695
2021-05-21 00:00:00+00:00,0.08119995
2021-05-21 01:00:00+00:00,0.0635756
2021-05-21 02:00:00+00:00,0.10563620000000001
2021-05-21 03:00:00+00:00,0.07532885
2021-05-21 04:00:00+00:00,0.07926105
2021-05-21 05:00:00+00:00,0.0655413
2021-05-21 06:00:00+00:00,0.09787085
2021-05-21 07:00:00+00:00,0.13693675
2021-05-21 08:00:00+00:00,0.3215768
2021-05-21 09:00:00+00:00,0.6008444000000001
2021-05-21 10:00:00+00:00,0.5328013
2021-05-21 11:00:00+00:00,0.6093586
2021-05-21 12:00:00+00:00,0.6883119
2021-05-21 13:00:00+00:00,0.769648
2021-05-21 14:00:00+00:00,0.7235355499999999
2021-05-21 15:00:00+00:00,0.7340757
2021-05-21 16:00:00+00:00,0.59736205
2021-05-21 17:00:00+00:00,0.3672608
2021-05-21 18:00:00+00:00,0.22695430000000003
2021-05-21 19:00:00+00:00,0.11254760000000001
2021-05-21 20:00:00+00:00,0.1613698
2021-05-21 21:00:00+00:00,0.13015335
2021-05-21 22:00:00+00:00,0.1047675
2021-05-21 23:00:00+00:00,0.24248515
2021-05-22 00:00:00+00:00,0.1791379
2021-05-22 01:00:00+00:00,0.15663025
2021-05-22 02:00:00+00:00,0.102729
2021-05-22 03:00:00+00:00,0.14667175
2021-05-22 04:00:00+00:00,0.1301261
2021-05-22 05:00:00+00:00,0.14582509999999999
2021-05-22 06:00:00+00:00,0.20738395
2021-05-22 07:00:00+00:00,0.40545395
2021-05-22 08:00:00+00:00,0.53256795
2021-05-22 09:00:00+00:00,0.5421662
2021-05-22 10:00:00+00:00,0.66497615
2021-05-22 11:00:00+00:00,0.15562825
2021-05-22 12:00:00+00:00,0.14630845
2021-05-22 13:00:00+00:00,0.0058562
2021-05-22 14:00:00+00:00,0.38320495
2021-05-22 15:00:00+00:00,0.43716954999999996
2021-05-22 16:00:00+00:00,0.26280745
2021-05-22 17:00:00+00:00,0.1369956
2021-05-22 18:00:00+00:00,0.10075605
2021-05-22 19:00:00+00:00,0.14341365
2021-05-22 20:00:00+00:00,0.15559114999999998
2021-05-22 21:00:00+00:00,0.10463955000000001
2021-05-22 22:00:00+00:00,0.0831794
2021-05-22 23:00:00+00:00,0.0772466
2021-05-23 00:00:00+00:00,0.08413759999999999
2021-05-23 01:00:00+00:00,0.1340073
2021-05-23 02:00:00+00:00,0.13010205
2021-05-23 03:00:00+00:00,0.09374339999999999
2021-05-23 04:00:00+00:00,0.0958248
2021-05-23 05:00:00+00:00,0.13204559999999999
2021-05-23 06:00:00+00:00,0.16131315
2021-05-23 07:00:00+00:00,0.1947088
2021-05-23 08:00:00+00:00,0.1704266
2021-05-23 09:00:00+00:00,0.1458902
2021-05-23 10:00:00+00:00,0.1055544
2021-05-23 11:00:00+00:00,0.02931155
2021-05-23 12:00:00+00:00,0.09677820000000001
2021-05-23 13:00:00+00:00,0.0
2021-05-23 14:00:00+00:00,0.32658705
2021-05-23 15:00:00+00:00,0.0668342
2021-05-23 16:00:00+00:00,0.0663871
2021-05-23 17:00:00+00:00,0.02186505
2021-05-23 18:00:00+00:00,0.00086295
2021-05-23 19:00:00+00:00,0.0008587
2021-05-23 20:00:00+00:00,0.0053645
2021-05-23 21:00:00+00:00,0.02564665
2021-05-23 22:00:00+00:00,0.01746035
2021-05-23 23:00:00+00:00,0.01354655
2021-05-24 00:00:00+00:00,0.0115639
2021-05-24 01:00:00+00:00,0.0154794
2021-05-24 02:00:00+00:00,0.0175102
2021-05-24 03:00:00+00:00,0.021450749999999998
2021-05-24 04:00:00+00:00,0.03908585
2021-05-24 05:00:00+00:00,0.031169850000000002
2021-05-24 06:00:00+00:00,0.015389850000000002
2021-05-24 07:00:00+00:00,0.0248943
2021-05-24 08:00:00+00:00,0.02040735
2021-05-24 09:00:00+00:00,0.16333515
2021-05-24 10:00:00+00:00,0.11329625000000002
2021-05-24 11:00:00+00:00,0.1485809
2021-05-24 12:00:00+00:00,0.16706659999999998
2021-05-24 13:00:00+00:00,0.16415515
2021-05-24 14:00:00+00:00,0.11320675000000001
2021-05-24 15:00:00+00:00,0.13447695
2021-05-24 16:00:00+00:00,0.1904879
2021-05-24 17:00:00+00:00,0.16733009999999998
2021-05-24 18:00:00+00:00,0.16304115
2021-05-24 19:00:00+00:00,0.19672874999999998
2021-05-24 20:00:00+00:00,0.25933694999999996
2021-05-24 21:00:00+00:00,0.22511935
2021-05-24 22:00:00+00:00,0.31655635000000004
2021-05-24 23:00:00+00:00,0.1270789
2021-05-25 00:00:00+00:00,0.00541445
2021-05-25 01:00:00+00:00,0.0073583500000000005
2021-05-25 02:00:00+00:00,0.0336177
2021-05-25 03:00:00+00:00,0.07407854999999999
2021-05-25 04:00:00+00:00,0.22014189999999997
2021-05-25 05:00:00+00:00,0.15848520000000002
2021-05-25 06:00:00+00:00,0.29731755
2021-05-25 07:00:00+00:00,0.3079096
2021-05-25 08:00:00+00:00,0.26034095
2021-05-25 09:00:00+00:00,0.20539465
2021-05-25 10:00:00+00:00,0.2434506
2021-05-25 11:00:00+00:00,0.41665285
2021-05-25 12:00:00+00:00,0.31259145
2021-05-25 13:00:00+00:00,0.40727095
2021-05-25 14:00:00+00:00,0.25088984999999997
2021-05-25 15:00:00+00:00,0.5496875
2021-05-25 16:00:00+00:00,0.24246990000000002
2021-05-25 17:00:00+00:00,0.24735685
2021-05-25 18:00:00+00:00,0.26504685
2021-05-25 19:00:00+00:00,0.15071905
2021-05-25 20:00:00+00:00,0.17021215
2021-05-25 21:00:00+00:00,0.18886315
2021-05-25 22:00:00+00:00,0.1790046
2021-05-25 23:00:00+00:00,0.18489339999999999
2021-05-26 00:00:00+00:00,0.23969340000000003
2021-05-26 01:00:00+00:00,0.20839670000000002
2021-05-26 02:00:00+00:00,0.11349635000000001
2021-05-26 03:00:00+00:00,0.1282139
2021-05-26 04:00:00+00:00,0.17715045
2021-05-26 05:00:00+00:00,0.18898595
2021-05-26 06:00:00+00:00,0.20845590000000003
2021-05-26 07:00:00+00:00,0.1899314
2021-05-26 08:00:00+00:00,0.21636885000000003
2021-05-26 09:00:00+00:00,0.15657175
2021-05-26 10:00:00+00:00,0.38133875
2021-05-26 11:00:00+00:00,0.20930954999999998
2021-05-26 12:00:00+00:00,0.143782
2021-05-26 13:00:00+00:00,0.3249672
2021-05-26 14:00:00+00:00,0.2962779
2021-05-26 15:00:00+00:00,0.159439
2021-05-26 16:00:00+00:00,0.0703249
2021-05-26 17:00:00+00:00,0.10065805
2021-05-26 18:00:00+00:00,0.034183
2021-05-26 19:00:00+00:00,0.04786755
2021-05-26 20:00:00+00:00,0.10163225
2021-05-26 21:00:00+00:00,0.09381325
2021-05-26 22:00:00+00:00,0.1428128
2021-05-26 23:00:00+00:00,0.1439518
2021-05-27 00:00:00+00:00,0.1634058
2021-05-27 01:00:00+00:00,0.14581095
2021-05-27 02:00:00+00:00,0.09691965
2021-05-27 03:00:00+00:00,0.21426785
2021-05-27 04:00:00+00:00,0.17027245
2021-05-27 05:00:00+00:00,0.20454765
2021-05-27 06:00:00+00:00,0.13412125
2021-05-27 07:00:00+00:00,0.1546266
2021-05-27 08:00:00+00:00,0.16442584999999998
2021-05-27 09:00:00+00:00,0.14389145
2021-05-27 10:00:00+00:00,0.14589805
2021-05-27 11:00:00+00:00,0.1184885
2021-05-27 12:00:00+00:00,0.2192842
2021-05-27 13:00:00+00:00,0.1458086
2021-05-27 14:00:00+00:00,0.1270518
2021-05-27 15:00:00+00:00,0.092807
2021-05-27 16:00:00+00:00,0.0498334
2021-05-27 17:00:00+00:00,0.1169073
2021-05-27 18:00:00+00:00,0.12669165000000002
2021-05-27 19:00:00+00:00,0.1992528
2021-05-27 20:00:00+00:00,0.15731925000000002
2021-05-27 21:00:00+00:00,0.16911585
2021-05-27 22:00:00+00:00,0.14353805
2021-05-27 23:00:00+00:00,0.16507934999999999
2021-05-28 00:00:00+00:00,0.12484674999999999
2021-05-28 01:00:00+00:00,0.07391645
2021-05-28 02:00:00+00:00,0.09450505000000001
2021-05-28 03:00:00+00:00,0.12199655
2021-05-28 04:00:00+00:00,0.111179
2021-05-28 05:00:00+00:00,0.11416955000000001
2021-05-28 06:00:00+00:00,0.09361219999999999
2021-05-28 07:00:00+00:00,0.13950985000000002
2021-05-28 08:00:00+00:00,0.1132183
2021-05-28 09:00:00+00:00,0.0554698
2021-05-28 10:00:00+00:00,0.10903965
2021-05-28 11:00:00+00:00,0.1667567
2021-05-28 12:00:00+00:00,0.16134774999999998
2021-05-28 13:00:00+00:00,0.05738135
2021-05-28 14:00:00+00:00,0.12197725000000001
2021-05-28 15:00:00+00:00,0.00881395
2021-05-28 16:00:00+00:00,0.0037585500000000003
2021-05-28 17:00:00+00:00,0.0
2021-05-28 18:00:00+00:00,0.0
2021-05-28 19:00:00+00:00,0.0018710999999999999
2021-05-28 20:00:00+00:00,0.022020500000000002
2021-05-28 21:00:00+00:00,0.041772250000000004
2021-05-28 22:00:00+00:00,0.0427134
2021-05-28 23:00:00+00:00,0.0465272
2021-05-29 00:00:00+00:00,0.09756085
2021-05-29 01:00:00+00:00,0.1271255
2021-05-29 02:00:00+00:00,0.0968124
2021-05-29 03:00:00+00:00,0.083117
2021-05-29 04:00:00+00:00,0.05369355000000001
2021-05-29 05:00:00+00:00,0.026829649999999997
2021-05-29 06:00:00+00:00,0.01793735
2021-05-29 07:00:00+00:00,0.0334073
2021-05-29 08:00:00+00:00,0.04156445
2021-05-29 09:00:00+00:00,0.0671317
2021-05-29 10:00:00+00:00,0.05164969999999999
2021-05-29 11:00:00+00:00,0.07318229999999999
2021-05-29 12:00:00+00:00,0.10152815000000001
2021-05-29 13:00:00+00:00,0.11641579999999999
2021-05-29 14:00:00+00:00,0.11642525000000001
2021-05-29 15:00:00+00:00,0.1410183
2021-05-29 16:00:00+00:00,0.1497462
2021-05-29 17:00:00+00:00,0.1085461
2021-05-29 18:00:00+00:00,0.0929011
2021-05-29 19:00:00+00:00,0.13594445
2021-05-29 20:00:00+00:00,0.12046869999999998
2021-05-29 21:00:00+00:00,0.08897305
2021-05-29 22:00:00+00:00,0.0703805
2021-05-29 23:00:00+00:00,0.0292559
2021-05-30 00:00:00+00:00,0.0282621
2021-05-30 01:00:00+00:00,0.0380383
2021-05-30 02:00:00+00:00,0.0723597
2021-05-30 03:00:00+00:00,0.057617499999999995
2021-05-30 04:00:00+00:00,0.06742614999999999
2021-05-30 05:00:00+00:00,0.050440399999999996
2021-05-30 06:00:00+00:00,0.0416802
2021-05-30 07:00:00+00:00,0.02238015
2021-05-30 08:00:00+00:00,0.0645144
2021-05-30 09:00:00+00:00,0.27597534999999995
2021-05-30 10:00:00+00:00,0.276958
2021-05-30 11:00:00+00:00,0.21142415
2021-05-30 12:00:00+00:00,0.1340302
2021-05-30 13:00:00+00:00,0.076128
2021-05-30 14:00:00+00:00,0.06323895
2021-05-30 15:00:00+00:00,0.061094949999999995
2021-05-30 16:00:00+00:00,0.033768
2021-05-30 17:00:00+00:00,0.01821935
2021-05-30 18:00:00+00:00,0.00381515
2021-05-30 19:00:00+00:00,0.0077007
2021-05-30 20:00:00+00:00,0.045821100000000003
2021-05-30 21:00:00+00:00,0.07996255
2021-05-30 22:00:00+00:00,0.04861895
2021-05-30 23:00:00+00:00,0.04143135
2021-05-31 00:00:00+00:00,0.02583855
2021-05-31 01:00:00+00:00,0.035467450000000005
2021-05-31 02:00:00+00:00,0.0422544
2021-05-31 03:00:00+00:00,0.021107650000000002
2021-05-31 04:00:00+00:00,0.021041650000000002
2021-05-31 05:00:00+00:00,0.0036085500000000003
2021-05-31 06:00:00+00:00,0.0
2021-05-31 07:00:00+00:00,0.0
2021-05-31 08:00:00+00:00,0.0
2021-05-31 09:00:00+00:00,0.0
2021-05-31 10:00:00+00:00,0.0
2021-05-31 11:00:00+00:00,0.0
2021-05-31 12:00:00+00:00,0.0018110499999999998
2021-05-31 13:00:00+00:00,0.0
2021-05-31 14:00:00+00:00,0.0113464
2021-05-31 15:00:00+00:00,0.00752045
2021-05-31 16:00:00+00:00,0.00366195
2021-05-31 17:00:00+00:00,0.00997435
2021-05-31 18:00:00+00:00,0.005457549999999999
2021-05-31 19:00:00+00:00,0.0086388
2021-05-31 20:00:00+00:00,0.015365
2021-05-31 21:00:00+00:00,0.0018209499999999998
2021-05-31 22:00:00+00:00,0.0
2021-05-31 23:00:00+00:00,0.0
2021-06-01 00:00:00+00:00,0.0
2021-06-01 01:00:00+00:00,0.0
2021-06-01 02:00:00+00:00,0.0
2021-06-01 03:00:00+00:00,0.00641795
2021-06-01 04:00:00+00:00,0.013878749999999999
2021-06-01 05:00:00+00:00,0.00182105
2021-06-01 06:00:00+00:00,0.00081535
2021-06-01 07:00:00+00:00,0.00424915
2021-06-01 08:00:00+00:00,0.008368899999999999
2021-06-01 09:00:00+00:00,0.01671655
2021-06-01 10:00:00+00:00,0.02569165
2021-06-01 11:00:00+00:00,0.02786325
2021-06-01 12:00:00+00:00,0.0358426
2021-06-01 13:00:00+00:00,0.04567975
2021-06-01 14:00:00+00:00,0.043913049999999995
2021-06-01 15:00:00+00:00,0.06535445
2021-06-01 16:00:00+00:00,0.0174652
2021-06-01 17:00:00+00:00,0.015261600000000002
2021-06-01 18:00:00+00:00,0.040772199999999995
2021-06-01 19:00:00+00:00,0.0377034
2021-06-01 20:00:00+00:00,0.0418513
2021-06-01 21:00:00+00:00,0.0526499
2021-06-01 22:00:00+00:00,0.062498950000000005
2021-06-01 23:00:00+00:00,0.06835945
2021-06-02 00:00:00+00:00,0.07224109999999999
2021-06-02 01:00:00+00:00,0.04378995
2021-06-02 02:00:00+00:00,0.04861925
2021-06-02 03:00:00+00:00,0.058569949999999996
2021-06-02 04:00:00+00:00,0.0546014
2021-06-02 05:00:00+00:00,0.030066950000000002
2021-06-02 06:00:00+00:00,0.02282835
2021-06-02 07:00:00+00:00,0.00995565
2021-06-02 08:00:00+00:00,0.01012005
2021-06-02 09:00:00+00:00,0.01488005
2021-06-02 10:00:00+00:00,0.0140682
2021-06-02 11:00:00+00:00,0.03824645
2021-06-02 12:00:00+00:00,0.0735759
2021-06-02 13:00:00+00:00,0.06560705
2021-06-02 14:00:00+00:00,0.0911917
2021-06-02 15:00:00+00:00,0.04170685
2021-06-02 16:00:00+00:00,0.148535
2021-06-02 17:00:00+00:00,0.11726089999999999
2021-06-02 18:00:00+00:00,0.16489935
2021-06-02 19:00:00+00:00,0.14351055
2021-06-02 20:00:00+00:00,0.24565309999999999
2021-06-02 21:00:00+00:00,0.1762967
2021-06-02 22:00:00+00:00,0.13120705
2021-06-02 23:00:00+00:00,0.21634725
2021-06-03 00:00:00+00:00,0.266226
2021-06-03 01:00:00+00:00,0.17420650000000001
2021-06-03 02:00:00+00:00,0.1564999
2021-06-03 03:00:00+00:00,0.18100245
2021-06-03 04:00:00+00:00,0.11725340000000001
2021-06-03 05:00:00+00:00,0.06102765
2021-06-03 06:00:00+00:00,0.022996950000000002
2021-06-03 07:00:00+00:00,0.0335015
2021-06-03 08:00:00+00:00,0.11100764999999999
2021-06-03 09:00:00+00:00,0.10324645
2021-06-03 10:00:00+00:00,0.06586475
2021-06-03 11:00:00+00:00,0.029631400000000002
2021-06-03 12:00:00+00:00,0.01105325
2021-06-03 13:00:00+00:00,0.010841700000000001
2021-06-03 14:00:00+00:00,0.019506950000000002
2021-06-03 15:00:00+00:00,0.018749000000000002
2021-06-03 16:00:00+00:00,0.0092651
2021-06-03 17:00:00+00:00,0.019600049999999997
2021-06-03 18:00:00+00:00,0.05411825
2021-06-03 19:00:00+00:00,0.18879255
2021-06-03 20:00:00+00:00,0.3315848
2021-06-03 21:00:00+00:00,0.31806605
2021-06-03 22:00:00+00:00,0.1976637
2021-06-03 23:00:00+00:00,0.18993569999999999
2021-06-04 00:00:00+00:00,0.14097954999999998
2021-06-04 01:00:00+00:00,0.08211325
2021-06-04 02:00:00+00:00,0.054578949999999994
2021-06-04 03:00:00+00:00,0.1261167
2021-06-04 04:00:00+00:00,0.2004679
2021-06-04 05:00:00+00:00,0.08125539999999999
2021-06-04 06:00:00+00:00,0.03179505
2021-06-04 07:00:00+00:00,0.08192635000000001
2021-06-04 08:00:00+00:00,0.048433699999999996
2021-06-04 09:00:00+00:00,0.0179395
2021-06-04 10:00:00+00:00,0.01824195
2021-06-04 11:00:00+00:00,0.0118674
2021-06-04 12:00:00+00:00,0.00639775
2021-06-04 13:00:00+00:00,0.00084245
2021-06-04 14:00:00+00:00,0.0
2021-06-04 15:00:00+00:00,0.00249585
2021-06-04 16:00:00+00:00,0.0
2021-06-04 17:00:00+00:00,0.0094631
2021-06-04 18:00:00+00:00,0.018179499999999998
2021-06-04 19:00:00+00:00,0.03309615
2021-06-04 20:00:00+00:00,0.03410485
2021-06-04 21:00:00+00:00,0.03121465
2021-06-04 22:00:00+00:00,0.02500225
2021-06-04 23:00:00+00:00,0.026687950000000002
2021-06-05 00:00:00+00:00,0.01585385
2021-06-05 01:00:00+00:00,0.00085455
2021-06-05 02:00:00+00:00,0.003704
2021-06-05 03:00:00+00:00,0.00961085
2021-06-05 04:00:00+00:00,0.00753065
2021-06-05 05:00:00+00:00,0.0044099
2021-06-05 06:00:00+00:00,0.0009093500000000001
2021-06-05 07:00:00+00:00,0.00456375
2021-06-05 08:00:00+00:00,0.01324165
2021-06-05 09:00:00+00:00,0.0084904
2021-06-05 10:00:00+00:00,0.0121395
2021-06-05 11:00:00+00:00,0.01327225
2021-06-05 12:00:00+00:00,0.0190298
2021-06-05 13:00:00+00:00,0.01981855
2021-06-05 14:00:00+00:00,0.0181853
2021-06-05 15:00:00+00:00,0.00557465
2021-06-05 16:00:00+00:00,0.0037757
2021-06-05 17:00:00+00:00,0.0355275
2021-06-05 18:00:00+00:00,0.06574305000000001
2021-06-05 19:00:00+00:00,0.0758284
2021-06-05 20:00:00+00:00,0.0395285
2021-06-05 21:00:00+00:00,0.03336165
2021-06-05 22:00:00+00:00,0.01671295
2021-06-05 23:00:00+00:00,0.0270225
2021-06-06 00:00:00+00:00,0.03128305
2021-06-06 01:00:00+00:00,0.01038275
2021-06-06 02:00:00+00:00,0.0
2021-06-06 03:00:00+00:00,0.0
2021-06-06 04:00:00+00:00,0.0
2021-06-06 05:00:00+00:00,0.0
2021-06-06 06:00:00+00:00,0.0
2021-06-06 07:00:00+00:00,0.0
2021-06-06 08:00:00+00:00,0.0
2021-06-06 09:00:00+00:00,0.0
2021-06-06 10:00:00+00:00,0.0017592500000000002
2021-06-06 11:00:00+00:00,0.008794
2021-06-06 12:00:00+00:00,0.022009749999999998
2021-06-06 13:00:00+00:00,0.0816163
2021-06-06 14:00:00+00:00,0.06452480000000001
2021-06-06 15:00:00+00:00,0.0326674
2021-06-06 16:00:00+00:00,0.07109779999999999
2021-06-06 17:00:00+00:00,0.060429250000000004
2021-06-06 18:00:00+00:00,0.0868982
2021-06-06 19:00:00+00:00,0.07912695
2021-06-06 20:00:00+00:00,0.09484690000000001
2021-06-06 21:00:00+00:00,0.09682565
2021-06-06 22:00:00+00:00,0.10952105
2021-06-06 23:00:00+00:00,0.0908101
2021-06-07 00:00:00+00:00,0.06127369999999999
2021-06-07 01:00:00+00:00,0.026819600000000002
2021-06-07 02:00:00+00:00,0.0151308
2021-06-07 03:00:00+00:00,0.01019665
2021-06-07 04:00:00+00:00,0.014965199999999998
2021-06-07 05:00:00+00:00,0.0044477
2021-06-07 06:00:00+00:00,0.00519035
2021-06-07 07:00:00+00:00,0.0044269
2021-06-07 08:00:00+00:00,0.0008805999999999999
2021-06-07 09:00:00+00:00,0.00903805
2021-06-07 10:00:00+00:00,0.010113249999999999
2021-06-07 11:00:00+00:00,0.013911449999999999
2021-06-07 12:00:00+00:00,0.0104695
2021-06-07 13:00:00+00:00,0.018193
2021-06-07 14:00:00+00:00,0.023153999999999997
2021-06-07 15:00:00+00:00,0.033584249999999996
2021-06-07 16:00:00+00:00,0.03263275
2021-06-07 17:00:00+00:00,0.0163507
2021-06-07 18:00:00+00:00,0.03844325
2021-06-07 19:00:00+00:00,0.07437795
2021-06-07 20:00:00+00:00,0.09088695000000001
2021-06-07 21:00:00+00:00,0.07921505
2021-06-07 22:00:00+00:00,0.09770885
2021-06-07 23:00:00+00:00,0.07010335
2021-06-08 00:00:00+00:00,0.0496709
2021-06-08 01:00:00+00:00,0.04264385
2021-06-08 02:00:00+00:00,0.026979399999999997
2021-06-08 03:00:00+00:00,0.02099975
2021-06-08 04:00:00+00:00,0.004686
2021-06-08 05:00:00+00:00,0.0
2021-06-08 06:00:00+00:00,0.0
2021-06-08 07:00:00+00:00,0.0
2021-06-08 08:00:00+00:00,0.0015051
2021-06-08 09:00:00+00:00,0.0026004
2021-06-08 10:00:00+00:00,0.0063711
2021-06-08 11:00:00+00:00,0.0103092
2021-06-08 12:00:00+00:00,0.0018234500000000001
2021-06-08 13:00:00+00:00,0.0150728
2021-06-08 14:00:00+00:00,0.02318925
2021-06-08 15:00:00+00:00,0.01246155
2021-06-08 16:00:00+00:00,0.008697400000000001
2021-06-08 17:00:00+00:00,0.02114305
2021-06-08 18:00:00+00:00,0.0076982
2021-06-08 19:00:00+00:00,0.0241933
2021-06-08 20:00:00+00:00,0.0439281
2021-06-08 21:00:00+00:00,0.11341824999999998
2021-06-08 22:00:00+00:00,0.0703709
2021-06-08 23:00:00+00:00,0.08977775
2021-06-09 00:00:00+00:00,0.09659235
2021-06-09 01:00:00+00:00,0.06244315
2021-06-09 02:00:00+00:00,0.0739813
2021-06-09 03:00:00+00:00,0.03087235
2021-06-09 04:00:00+00:00,0.010095749999999999
2021-06-09 05:00:00+00:00,0.0
2021-06-09 06:00:00+00:00,0.0
2021-06-09 07:00:00+00:00,0.0
2021-06-09 08:00:00+00:00,0.0
2021-06-09 09:00:00+00:00,0.0
2021-06-09 10:00:00+00:00,0.0008285500000000001
2021-06-09 11:00:00+00:00,0.003386
2021-06-09 12:00:00+00:00,0.0026006000000000002
2021-06-09 13:00:00+00:00,0.0173863
2021-06-09 14:00:00+00:00,0.0190204
2021-06-09 15:00:00+00:00,0.0042312
2021-06-09 16:00:00+00:00,0.0008374499999999999
2021-06-09 17:00:00+00:00,0.0
2021-06-09 18:00:00+00:00,0.0
2021-06-09 19:00:00+00:00,0.0
2021-06-09 20:00:00+00:00,0.0040257
2021-06-09 21:00:00+00:00,0.07102225
2021-06-09 22:00:00+00:00,0.11055255
2021-06-09 23:00:00+00:00,0.0512703
2021-06-10 00:00:00+00:00,0.038597
2021-06-10 01:00:00+00:00,0.027101049999999998
2021-06-10 02:00:00+00:00,0.0208825
2021-06-10 03:00:00+00:00,0.01602545
2021-06-10 04:00:00+00:00,0.0045908
2021-06-10 05:00:00+00:00,0.00088915
2021-06-10 06:00:00+00:00,0.0011117499999999999
2021-06-10 07:00:00+00:00,0.0
2021-06-10 08:00:00+00:00,0.0071132
2021-06-10 09:00:00+00:00,0.0037527500000000004
2021-06-10 10:00:00+00:00,0.0056757
2021-06-10 11:00:00+00:00,0.0152852
2021-06-10 12:00:00+00:00,0.01737905
2021-06-10 13:00:00+00:00,0.024230099999999997
2021-06-10 14:00:00+00:00,0.021360300000000002
2021-06-10 15:00:00+00:00,0.0475485
2021-06-10 16:00:00+00:00,0.028962650000000003
2021-06-10 17:00:00+00:00,0.0094842
2021-06-10 18:00:00+00:00,0.0009205999999999999
2021-06-10 19:00:00+00:00,0.0
2021-06-10 20:00:00+00:00,0.0056431
2021-06-10 21:00:00+00:00,0.01142465
2021-06-10 22:00:00+00:00,0.01618205
2021-06-10 23:00:00+00:00,0.01818705
2021-06-11 00:00:00+00:00,0.01519735
2021-06-11 01:00:00+00:00,0.013128649999999999
2021-06-11 02:00:00+00:00,0.0120857
2021-06-11 03:00:00+00:00,0.0096178
2021-06-11 04:00:00+00:00,0.0017732
2021-06-11 05:00:00+00:00,0.0
2021-06-11 06:00:00+00:00,0.0
2021-06-11 07:00:00+00:00,0.0
2021-06-11 08:00:00+00:00,0.0
2021-06-11 09:00:00+00:00,0.0
2021-06-11 10:00:00+00:00,0.01625005
2021-06-11 11:00:00+00:00,0.045486649999999997
2021-06-11 12:00:00+00:00,0.0505757
2021-06-11 13:00:00+00:00,0.06320095
2021-06-11 14:00:00+00:00,0.08288630000000001
2021-06-11 15:00:00+00:00,0.05039795
2021-06-11 16:00:00+00:00,0.030895449999999998
2021-06-11 17:00:00+00:00,0.00938085
2021-06-11 18:00:00+00:00,0.0
2021-06-11 19:00:00+00:00,0.0
2021-06-11 20:00:00+00:00,0.00234235
2021-06-11 21:00:00+00:00,0.09766255
2021-06-11 22:00:00+00:00,0.10914684999999999
2021-06-11 23:00:00+00:00,0.17206185000000002
2021-06-12 00:00:00+00:00,0.11639425
2021-06-12 01:00:00+00:00,0.080969
2021-06-12 02:00:00+00:00,0.15516425
2021-06-12 03:00:00+00:00,0.1162422
2021-06-12 04:00:00+00:00,0.033879599999999996
2021-06-12 05:00:00+00:00,0.0626056
2021-06-12 06:00:00+00:00,0.02096435
2021-06-12 07:00:00+00:00,0.0431708
2021-06-12 08:00:00+00:00,0.12344490000000001
2021-06-12 09:00:00+00:00,0.2173433
2021-06-12 10:00:00+00:00,0.19360505
2021-06-12 11:00:00+00:00,0.1399377
2021-06-12 12:00:00+00:00,0.37574735
2021-06-12 13:00:00+00:00,0.18975999999999998
2021-06-12 14:00:00+00:00,0.18268015
2021-06-12 15:00:00+00:00,0.50886695
2021-06-12 16:00:00+00:00,0.65573415
2021-06-12 17:00:00+00:00,0.3659138
2021-06-12 18:00:00+00:00,0.2794642
2021-06-12 19:00:00+00:00,0.3570432
2021-06-12 20:00:00+00:00,0.3594464
2021-06-12 21:00:00+00:00,0.21115250000000002
2021-06-12 22:00:00+00:00,0.19071495
2021-06-12 23:00:00+00:00,0.27368385
2021-06-13 00:00:00+00:00,0.2989926
2021-06-13 01:00:00+00:00,0.23674304999999998
2021-06-13 02:00:00+00:00,0.21029119999999998
2021-06-13 03:00:00+00:00,0.18488575000000002
2021-06-13 04:00:00+00:00,0.21727085000000002
2021-06-13 05:00:00+00:00,0.20349345000000002
2021-06-13 06:00:00+00:00,0.2894068
2021-06-13 07:00:00+00:00,0.21931765
2021-06-13 08:00:00+00:00,0.2816792
2021-06-13 09:00:00+00:00,0.16046615
2021-06-13 10:00:00+00:00,0.23181875
2021-06-13 11:00:00+00:00,0.2495306
2021-06-13 12:00:00+00:00,0.1663489
2021-06-13 13:00:00+00:00,0.16710395
2021-06-13 14:00:00+00:00,0.08104734999999999
2021-06-13 15:00:00+00:00,0.12395005
2021-06-13 16:00:00+00:00,0.09963675
2021-06-13 17:00:00+00:00,0.08278830000000001
2021-06-13 18:00:00+00:00,0.0438112
2021-06-13 19:00:00+00:00,0.031011450000000003
2021-06-13 20:00:00+00:00,0.02710355
2021-06-13 21:00:00+00:00,0.03292445
2021-06-13 22:00:00+00:00,0.03902005
2021-06-13 23:00:00+00:00,0.04381675
2021-06-14 00:00:00+00:00,0.029983199999999998
2021-06-14 01:00:00+00:00,0.0189725
2021-06-14 02:00:00+00:00,0.00183125
2021-06-14 03:00:00+00:00,0.0
2021-06-14 04:00:00+00:00,0.0
2021-06-14 05:00:00+00:00,0.0
2021-06-14 06:00:00+00:00,0.0
2021-06-14 07:00:00+00:00,0.0
2021-06-14 08:00:00+00:00,0.0
2021-06-14 09:00:00+00:00,0.0017442
2021-06-14 10:00:00+00:00,0.0
2021-06-14 11:00:00+00:00,0.0
2021-06-14 12:00:00+00:00,0.00090155
2021-06-14 13:00:00+00:00,0.0026617999999999998
2021-06-14 14:00:00+00:00,0.0009042
2021-06-14 15:00:00+00:00,0.0
2021-06-14 16:00:00+00:00,0.0
2021-06-14 17:00:00+00:00,0.0071947999999999995
2021-06-14 18:00:00+00:00,0.00750145
2021-06-14 19:00:00+00:00,0.0125503
2021-06-14 20:00:00+00:00,0.031193900000000004
2021-06-14 21:00:00+00:00,0.029181799999999997
2021-06-14 22:00:00+00:00,0.02527415
2021-06-14 23:00:00+00:00,0.0321075
2021-06-15 00:00:00+00:00,0.029299400000000003
2021-06-15 01:00:00+00:00,0.027260000000000003
2021-06-15 02:00:00+00:00,0.0369662
2021-06-15 03:00:00+00:00,0.02996885
2021-06-15 04:00:00+00:00,0.02199675
2021-06-15 05:00:00+00:00,0.005404
2021-06-15 06:00:00+00:00,0.0
2021-06-15 07:00:00+00:00,0.0
2021-06-15 08:00:00+00:00,0.0008166499999999999
2021-06-15 09:00:00+00:00,0.02454875
2021-06-15 10:00:00+00:00,0.016163550000000002
2021-06-15 11:00:00+00:00,0.023876249999999998
2021-06-15 12:00:00+00:00,0.0239936
2021-06-15 13:00:00+00:00,0.03087515
2021-06-15 14:00:00+00:00,0.03661225
2021-06-15 15:00:00+00:00,0.02788135
2021-06-15 16:00:00+00:00,0.01614305
2021-06-15 17:00:00+00:00,0.00844945
2021-06-15 18:00:00+00:00,0.0093455
2021-06-15 19:00:00+00:00,0.0009329000000000001
2021-06-15 20:00:00+00:00,0.0
2021-06-15 21:00:00+00:00,0.001911
2021-06-15 22:00:00+00:00,0.01531115
2021-06-15 23:00:00+00:00,0.0390212
2021-06-16 00:00:00+00:00,0.08406855
2021-06-16 01:00:00+00:00,0.07043685000000001
2021-06-16 02:00:00+00:00,0.0585799
2021-06-16 03:00:00+00:00,0.0556611
2021-06-16 04:00:00+00:00,0.04878445
2021-06-16 05:00:00+00:00,0.037483499999999996
2021-06-16 06:00:00+00:00,0.015775149999999998
2021-06-16 07:00:00+00:00,0.0207101
2021-06-16 08:00:00+00:00,0.02432655
2021-06-16 09:00:00+00:00,0.028419349999999996
2021-06-16 10:00:00+00:00,0.030317300000000002
2021-06-16 11:00:00+00:00,0.0113325
2021-06-16 12:00:00+00:00,0.0130428
2021-06-16 13:00:00+00:00,0.01591835
2021-06-16 14:00:00+00:00,0.013709049999999999
2021-06-16 15:00:00+00:00,0.0173256
2021-06-16 16:00:00+00:00,0.01905805
2021-06-16 17:00:00+00:00,0.0224263
2021-06-16 18:00:00+00:00,0.044350799999999996
2021-06-16 19:00:00+00:00,0.08010439999999999
2021-06-16 20:00:00+00:00,0.16143775000000002
2021-06-16 21:00:00+00:00,0.0949246
2021-06-16 22:00:00+00:00,0.14097774999999999
2021-06-16 23:00:00+00:00,0.1791449
2021-06-17 00:00:00+00:00,0.10670695000000001
2021-06-17 01:00:00+00:00,0.08620605
2021-06-17 02:00:00+00:00,0.0792491
2021-06-17 03:00:00+00:00,0.0744063
2021-06-17 04:00:00+00:00,0.078218
2021-06-17 05:00:00+00:00,0.0494787
2021-06-17 06:00:00+00:00,0.019030850000000002
2021-06-17 07:00:00+00:00,0.0210153
2021-06-17 08:00:00+00:00,0.025872000000000003
2021-06-17 09:00:00+00:00,0.040804599999999996
2021-06-17 10:00:00+00:00,0.05851635
2021-06-17 11:00:00+00:00,0.07905365
2021-06-17 12:00:00+00:00,0.1154257
2021-06-17 13:00:00+00:00,0.128018
2021-06-17 14:00:00+00:00,0.08597445000000001
2021-06-17 15:00:00+00:00,0.0854827
2021-06-17 16:00:00+00:00,0.09925244999999999
2021-06-17 17:00:00+00:00,0.07171805
2021-06-17 18:00:00+00:00,0.04451725
2021-06-17 19:00:00+00:00,0.054544449999999994
2021-06-17 20:00:00+00:00,0.10377075
2021-06-17 21:00:00+00:00,0.24380225
2021-06-17 22:00:00+00:00,0.20468440000000002
2021-06-17 23:00:00+00:00,0.1792478
2021-06-18 00:00:00+00:00,0.18008659999999999
2021-06-18 01:00:00+00:00,0.1595866
2021-06-18 02:00:00+00:00,0.1067134
2021-06-18 03:00:00+00:00,0.1546866
2021-06-18 04:00:00+00:00,0.16847175
2021-06-18 05:00:00+00:00,0.11249110000000001
2021-06-18 06:00:00+00:00,0.04382345
2021-06-18 07:00:00+00:00,0.06355245
2021-06-18 08:00:00+00:00,0.042886900000000006
2021-06-18 09:00:00+00:00,0.062452200000000006
2021-06-18 10:00:00+00:00,0.04881765
2021-06-18 11:00:00+00:00,0.0331048
2021-06-18 12:00:00+00:00,0.038806799999999995
2021-06-18 13:00:00+00:00,0.03296925
2021-06-18 14:00:00+00:00,0.03383515
2021-06-18 15:00:00+00:00,0.0222619
2021-06-18 16:00:00+00:00,0.029032049999999997
2021-06-18 17:00:00+00:00,0.0202554
2021-06-18 18:00:00+00:00,0.016352000000000002
2021-06-18 19:00:00+00:00,0.030232
2021-06-18 20:00:00+00:00,0.1379325
2021-06-18 21:00:00+00:00,0.14398035
2021-06-18 22:00:00+00:00,0.09692525
2021-06-18 23:00:00+00:00,0.1008148
2021-06-19 00:00:00+00:00,0.08306535
2021-06-19 01:00:00+00:00,0.0437383
2021-06-19 02:00:00+00:00,0.027921050000000003
2021-06-19 03:00:00+00:00,0.016355099999999997
2021-06-19 04:00:00+00:00,0.00674465
2021-06-19 05:00:00+00:00,0.0009462
2021-06-19 06:00:00+00:00,0.0
2021-06-19 07:00:00+00:00,0.0
2021-06-19 08:00:00+00:00,0.00395285
2021-06-19 09:00:00+00:00,0.0
2021-06-19 10:00:00+00:00,0.008440999999999999
2021-06-19 11:00:00+00:00,0.02776285
2021-06-19 12:00:00+00:00,0.03724255
2021-06-19 13:00:00+00:00,0.0198872
2021-06-19 14:00:00+00:00,0.01252975
2021-06-19 15:00:00+00:00,0.031565499999999996
2021-06-19 16:00:00+00:00,0.034976049999999995
2021-06-19 17:00:00+00:00,0.0027008500000000003
2021-06-19 18:00:00+00:00,0.0
2021-06-19 19:00:00+00:00,0.0008391999999999999
2021-06-19 20:00:00+00:00,0.00074285
2021-06-19 21:00:00+00:00,0.0
2021-06-19 22:00:00+00:00,0.0
2021-06-19 23:00:00+00:00,0.0008615000000000001
2021-06-20 00:00:00+00:00,0.0055942
2021-06-20 01:00:00+00:00,0.0250518
2021-06-20 02:00:00+00:00,0.0055347
2021-06-20 03:00:00+00:00,0.01404015
2021-06-20 04:00:00+00:00,0.056432
2021-06-20 05:00:00+00:00,0.097736
2021-06-20 06:00:00+00:00,0.04784745
2021-06-20 07:00:00+00:00,0.05150660000000001
2021-06-20 08:00:00+00:00,0.05668005
2021-06-20 09:00:00+00:00,0.10655944999999999
2021-06-20 10:00:00+00:00,0.16640765
2021-06-20 11:00:00+00:00,0.1910973
2021-06-20 12:00:00+00:00,0.1635051
2021-06-20 13:00:00+00:00,0.14191030000000002
2021-06-20 14:00:00+00:00,0.09379734999999999
2021-06-20 15:00:00+00:00,0.02759685
2021-06-20 16:00:00+00:00,0.0104336
2021-06-20 17:00:00+00:00,0.0055724
2021-06-20 18:00:00+00:00,0.0019370000000000001
2021-06-20 19:00:00+00:00,0.0
2021-06-20 20:00:00+00:00,0.0103716
2021-06-20 21:00:00+00:00,0.05702089999999999
2021-06-20 22:00:00+00:00,0.1486625
2021-06-20 23:00:00+00:00,0.16259555
2021-06-21 00:00:00+00:00,0.0851
2021-06-21 01:00:00+00:00,0.16402329999999998
2021-06-21 02:00:00+00:00,0.3070623
2021-06-21 03:00:00+00:00,0.04541185
2021-06-21 04:00:00+00:00,0.01025905
2021-06-21 05:00:00+00:00,0.0225856
2021-06-21 06:00:00+00:00,0.0247732
2021-06-21 07:00:00+00:00,0.03696155
2021-06-21 08:00:00+00:00,0.0115597
2021-06-21 09:00:00+00:00,0.025169399999999998
2021-06-21 10:00:00+00:00,0.06316405
2021-06-21 11:00:00+00:00,0.04570735
2021-06-21 12:00:00+00:00,0.04572925
2021-06-21 13:00:00+00:00,0.10944965
2021-06-21 14:00:00+00:00,0.08206805
2021-06-21 15:00:00+00:00,0.10351310000000001
2021-06-21 16:00:00+00:00,0.10466545000000001
2021-06-21 17:00:00+00:00,0.0684734
2021-06-21 18:00:00+00:00,0.05062175
2021-06-21 19:00:00+00:00,0.06034195
2021-06-21 20:00:00+00:00,0.05734595000000001
2021-06-21 21:00:00+00:00,0.23035045
2021-06-21 22:00:00+00:00,0.17723905
2021-06-21 23:00:00+00:00,0.1498195
2021-06-22 00:00:00+00:00,0.1329903
2021-06-22 01:00:00+00:00,0.08386675
2021-06-22 02:00:00+00:00,0.11321495
2021-06-22 03:00:00+00:00,0.1250912
2021-06-22 04:00:00+00:00,0.0760764
2021-06-22 05:00:00+00:00,0.05845575
2021-06-22 06:00:00+00:00,0.043741449999999994
2021-06-22 07:00:00+00:00,0.06615460000000001
2021-06-22 08:00:00+00:00,0.0565351
2021-06-22 09:00:00+00:00,0.0251333
2021-06-22 10:00:00+00:00,0.01798845
2021-06-22 11:00:00+00:00,0.0344956
2021-06-22 12:00:00+00:00,0.019129499999999997
2021-06-22 13:00:00+00:00,0.02948685
2021-06-22 14:00:00+00:00,0.0044424
2021-06-22 15:00:00+00:00,0.0007681
2021-06-22 16:00:00+00:00,0.0
2021-06-22 17:00:00+00:00,0.0008323
2021-06-22 18:00:00+00:00,0.007560550000000001
2021-06-22 19:00:00+00:00,0.045028250000000006
2021-06-22 20:00:00+00:00,0.04579145
2021-06-22 21:00:00+00:00,0.0428129
2021-06-22 22:00:00+00:00,0.02032345
2021-06-22 23:00:00+00:00,0.0038132500000000002
2021-06-23 00:00:00+00:00,0.0027889
2021-06-23 01:00:00+00:00,0.00935255
2021-06-23 02:00:00+00:00,0.0157418
2021-06-23 03:00:00+00:00,0.0191833
2021-06-23 04:00:00+00:00,0.0075562
2021-06-23 05:00:00+00:00,0.0052694000000000005
2021-06-23 06:00:00+00:00,0.0007543000000000001
2021-06-23 07:00:00+00:00,0.0
2021-06-23 08:00:00+00:00,0.0
2021-06-23 09:00:00+00:00,0.0
2021-06-23 10:00:00+00:00,0.0
2021-06-23 11:00:00+00:00,0.00091675
2021-06-23 12:00:00+00:00,0.0045879
2021-06-23 13:00:00+00:00,0.00827905
2021-06-23 14:00:00+00:00,0.0074696
2021-06-23 15:00:00+00:00,0.004442799999999999
2021-06-23 16:00:00+00:00,0.0008623
2021-06-23 17:00:00+00:00,0.0
2021-06-23 18:00:00+00:00,0.0008707000000000001
2021-06-23 19:00:00+00:00,0.0018582000000000002
2021-06-23 20:00:00+00:00,0.030289249999999997
2021-06-23 21:00:00+00:00,0.0219619
2021-06-23 22:00:00+00:00,0.009543300000000001
2021-06-23 23:00:00+00:00,0.01230115
2021-06-24 00:00:00+00:00,0.012426600000000001
2021-06-24 01:00:00+00:00,0.06404009999999999
2021-06-24 02:00:00+00:00,0.04443365
2021-06-24 03:00:00+00:00,0.016284649999999998
2021-06-24 04:00:00+00:00,0.01251645
2021-06-24 05:00:00+00:00,0.00371445
2021-06-24 06:00:00+00:00,0.000816
2021-06-24 07:00:00+00:00,0.0
2021-06-24 08:00:00+00:00,0.0
2021-06-24 09:00:00+00:00,0.0
2021-06-24 10:00:00+00:00,0.0
2021-06-24 11:00:00+00:00,0.0009801
2021-06-24 12:00:00+00:00,0.0008185499999999999
2021-06-24 13:00:00+00:00,0.00172805
2021-06-24 14:00:00+00:00,0.0
2021-06-24 15:00:00+00:00,0.0
2021-06-24 16:00:00+00:00,0.0
2021-06-24 17:00:00+00:00,0.0
2021-06-24 18:00:00+00:00,0.0
2021-06-24 19:00:00+00:00,0.0
2021-06-24 20:00:00+00:00,0.0
2021-06-24 21:00:00+00:00,0.0
2021-06-24 22:00:00+00:00,0.00142795
2021-06-24 23:00:00+00:00,0.0013042
2021-06-25 00:00:00+00:00,0.00305505
2021-06-25 01:00:00+00:00,0.0
2021-06-25 02:00:00+00:00,0.0
2021-06-25 03:00:00+00:00,0.0
2021-06-25 04:00:00+00:00,0.0
2021-06-25 05:00:00+00:00,0.0
2021-06-25 06:00:00+00:00,0.0
2021-06-25 07:00:00+00:00,0.0
2021-06-25 08:00:00+00:00,0.0
2021-06-25 09:00:00+00:00,0.0
2021-06-25 10:00:00+00:00,0.0
2021-06-25 11:00:00+00:00,0.0
2021-06-25 12:00:00+00:00,0.00493375
2021-06-25 13:00:00+00:00,0.0088261
2021-06-25 14:00:00+00:00,0.01109695
2021-06-25 15:00:00+00:00,0.0018495999999999999
2021-06-25 16:00:00+00:00,0.01097105
2021-06-25 17:00:00+00:00,0.0037276
2021-06-25 18:00:00+00:00,0.0
2021-06-25 19:00:00+00:00,0.0
2021-06-25 20:00:00+00:00,0.0
2021-06-25 21:00:00+00:00,0.00069955
2021-06-25 22:00:00+00:00,0.001534
2021-06-25 23:00:00+00:00,0.0
2021-06-26 00:00:00+00:00,0.00166815
2021-06-26 01:00:00+00:00,0.0008414999999999999
2021-06-26 02:00:00+00:00,0.00537675
2021-06-26 03:00:00+00:00,0.0017759499999999999
2021-06-26 04:00:00+00:00,0.0
2021-06-26 05:00:00+00:00,0.0
2021-06-26 06:00:00+00:00,0.0
2021-06-26 07:00:00+00:00,0.0
2021-06-26 08:00:00+00:00,0.0026662500000000002
2021-06-26 09:00:00+00:00,0.00513785
2021-06-26 10:00:00+00:00,0.0036132
2021-06-26 11:00:00+00:00,0.009134999999999999
2021-06-26 12:00:00+00:00,0.014116
2021-06-26 13:00:00+00:00,0.0190454
2021-06-26 14:00:00+00:00,0.014272900000000002
2021-06-26 15:00:00+00:00,0.023785050000000002
2021-06-26 16:00:00+00:00,0.015100899999999999
2021-06-26 17:00:00+00:00,0.0103643
2021-06-26 18:00:00+00:00,0.0085606
2021-06-26 19:00:00+00:00,0.00862355
2021-06-26 20:00:00+00:00,0.0213952
2021-06-26 21:00:00+00:00,0.0935369
2021-06-26 22:00:00+00:00,0.0542325
2021-06-26 23:00:00+00:00,0.03073725
2021-06-27 00:00:00+00:00,0.026871600000000002
2021-06-27 01:00:00+00:00,0.02483555
2021-06-27 02:00:00+00:00,0.00092965
2021-06-27 03:00:00+00:00,0.0
2021-06-27 04:00:00+00:00,0.0
2021-06-27 05:00:00+00:00,0.0
2021-06-27 06:00:00+00:00,0.0
2021-06-27 07:00:00+00:00,0.0017055
2021-06-27 08:00:00+00:00,0.0054835
2021-06-27 09:00:00+00:00,0.00448565
2021-06-27 10:00:00+00:00,0.00280185
2021-06-27 11:00:00+00:00,0.0036276000000000004
2021-06-27 12:00:00+00:00,0.0027005500000000003
2021-06-27 13:00:00+00:00,0.0027696
2021-06-27 14:00:00+00:00,0.00077585
2021-06-27 15:00:00+00:00,0.0
2021-06-27 16:00:00+00:00,0.0
2021-06-27 17:00:00+00:00,0.0
2021-06-27 18:00:00+00:00,0.0
2021-06-27 19:00:00+00:00,0.0018255500000000002
2021-06-27 20:00:00+00:00,0.01706855
2021-06-27 21:00:00+00:00,0.03292245
2021-06-27 22:00:00+00:00,0.04185485
2021-06-27 23:00:00+00:00,0.03701025
2021-06-28 00:00:00+00:00,0.0252434
2021-06-28 01:00:00+00:00,0.0210184
2021-06-28 02:00:00+00:00,0.026755349999999997
2021-06-28 03:00:00+00:00,0.0208574
2021-06-28 04:00:00+00:00,0.0072406499999999995
2021-06-28 05:00:00+00:00,0.00525935
2021-06-28 06:00:00+00:00,0.0
2021-06-28 07:00:00+00:00,0.0
2021-06-28 08:00:00+00:00,0.0
2021-06-28 09:00:00+00:00,0.0
2021-06-28 10:00:00+00:00,0.0
2021-06-28 11:00:00+00:00,0.0
2021-06-28 12:00:00+00:00,0.0
2021-06-28 13:00:00+00:00,0.0
2021-06-28 14:00:00+00:00,0.0
2021-06-28 15:00:00+00:00,0.0
2021-06-28 16:00:00+00:00,0.0
2021-06-28 17:00:00+00:00,0.0
2021-06-28 18:00:00+00:00,0.0
2021-06-28 19:00:00+00:00,0.0
2021-06-28 20:00:00+00:00,0.0
2021-06-28 21:00:00+00:00,0.0
2021-06-28 22:00:00+00:00,0.0
2021-06-28 23:00:00+00:00,0.0
2021-06-29 00:00:00+00:00,0.0
2021-06-29 01:00:00+00:00,0.0
2021-06-29 02:00:00+00:00,0.0
2021-06-29 03:00:00+00:00,0.0
2021-06-29 04:00:00+00:00,0.0
2021-06-29 05:00:00+00:00,0.0
2021-06-29 06:00:00+00:00,0.0
2021-06-29 07:00:00+00:00,0.0
2021-06-29 08:00:00+00:00,0.0
2021-06-29 09:00:00+00:00,0.0
2021-06-29 10:00:00+00:00,0.0
2021-06-29 11:00:00+00:00,0.0
2021-06-29 12:00:00+00:00,0.0
2021-06-29 13:00:00+00:00,0.0
2021-06-29 14:00:00+00:00,0.00081965
2021-06-29 15:00:00+00:00,0.0035018000000000002
2021-06-29 16:00:00+00:00,0.0
2021-06-29 17:00:00+00:00,0.00173175
2021-06-29 18:00:00+00:00,0.00467595
2021-06-29 19:00:00+00:00,0.012284149999999999
2021-06-29 20:00:00+00:00,0.0081262
2021-06-29 21:00:00+00:00,0.00263765
2021-06-29 22:00:00+00:00,0.0027555
2021-06-29 23:00:00+00:00,0.015789400000000002
2021-06-30 00:00:00+00:00,0.0354536
2021-06-30 01:00:00+00:00,0.019808799999999998
2021-06-30 02:00:00+00:00,0.0093688
2021-06-30 03:00:00+00:00,0.0143374
2021-06-30 04:00:00+00:00,0.0191844
2021-06-30 05:00:00+00:00,0.01897105
2021-06-30 06:00:00+00:00,0.0060624
2021-06-30 07:00:00+00:00,0.007258700000000001
2021-06-30 08:00:00+00:00,0.0087815
2021-06-30 09:00:00+00:00,0.17253934999999998
2021-06-30 10:00:00+00:00,0.2371271
2021-06-30 11:00:00+00:00,0.38920665
2021-06-30 12:00:00+00:00,0.1776279
2021-06-30 13:00:00+00:00,0.1627519
2021-06-30 14:00:00+00:00,0.14793765
2021-06-30 15:00:00+00:00,0.1639055
2021-06-30 16:00:00+00:00,0.12374525000000001
2021-06-30 17:00:00+00:00,0.07975349999999999
2021-06-30 18:00:00+00:00,0.0845129
2021-06-30 19:00:00+00:00,0.06925795
2021-06-30 20:00:00+00:00,0.10364015
2021-06-30 21:00:00+00:00,0.1104678
2021-06-30 22:00:00+00:00,0.13786985
2021-06-30 23:00:00+00:00,0.13593815
2021-07-01 00:00:00+00:00,0.06641735
2021-07-01 01:00:00+00:00,0.08010545
2021-07-01 02:00:00+00:00,0.0782085
2021-07-01 03:00:00+00:00,0.1270477
2021-07-01 04:00:00+00:00,0.2729594
2021-07-01 05:00:00+00:00,0.39998445
2021-07-01 06:00:00+00:00,0.35002890000000003
2021-07-01 07:00:00+00:00,0.2033461
2021-07-01 08:00:00+00:00,0.125117
2021-07-01 09:00:00+00:00,0.18592545
2021-07-01 10:00:00+00:00,0.15665679999999998
2021-07-01 11:00:00+00:00,0.09843930000000001
2021-07-01 12:00:00+00:00,0.0582759
2021-07-01 13:00:00+00:00,0.03488415
2021-07-01 14:00:00+00:00,0.0690313
2021-07-01 15:00:00+00:00,0.06521715
2021-07-01 16:00:00+00:00,0.08172045
2021-07-01 17:00:00+00:00,0.05055035
2021-07-01 18:00:00+00:00,0.041834949999999996
2021-07-01 19:00:00+00:00,0.037977
2021-07-01 20:00:00+00:00,0.039873149999999996
2021-07-01 21:00:00+00:00,0.0436247
2021-07-01 22:00:00+00:00,0.0337879
2021-07-01 23:00:00+00:00,0.030902
2021-07-02 00:00:00+00:00,0.036743200000000004
2021-07-02 01:00:00+00:00,0.07654545
2021-07-02 02:00:00+00:00,0.052446950000000006
2021-07-02 03:00:00+00:00,0.05821195
2021-07-02 04:00:00+00:00,0.0456364
2021-07-02 05:00:00+00:00,0.0347462
2021-07-02 06:00:00+00:00,0.02313025
2021-07-02 07:00:00+00:00,0.02080225
2021-07-02 08:00:00+00:00,0.05146395
2021-07-02 09:00:00+00:00,0.04012805
2021-07-02 10:00:00+00:00,0.0395845
2021-07-02 11:00:00+00:00,0.025941950000000002
2021-07-02 12:00:00+00:00,0.02596235
2021-07-02 13:00:00+00:00,0.058314
2021-07-02 14:00:00+00:00,0.21949295000000002
2021-07-02 15:00:00+00:00,0.31253155
2021-07-02 16:00:00+00:00,0.24281085
2021-07-02 17:00:00+00:00,0.15845795000000001
2021-07-02 18:00:00+00:00,0.059581550000000004
2021-07-02 19:00:00+00:00,0.14067525
2021-07-02 20:00:00+00:00,0.2103734
2021-07-02 21:00:00+00:00,0.1799026
2021-07-02 22:00:00+00:00,0.09384740000000001
2021-07-02 23:00:00+00:00,0.10255650000000001
2021-07-03 00:00:00+00:00,0.14370909999999998
2021-07-03 01:00:00+00:00,0.10157825000000001
2021-07-03 02:00:00+00:00,0.0769509
2021-07-03 03:00:00+00:00,0.027826299999999998
2021-07-03 04:00:00+00:00,0.023658850000000002
2021-07-03 05:00:00+00:00,0.0235796
2021-07-03 06:00:00+00:00,0.014674600000000001
2021-07-03 07:00:00+00:00,0.033258300000000005
2021-07-03 08:00:00+00:00,0.02958365
2021-07-03 09:00:00+00:00,0.0275603
2021-07-03 10:00:00+00:00,0.024627
2021-07-03 11:00:00+00:00,0.0320802
2021-07-03 12:00:00+00:00,0.0451468
2021-07-03 13:00:00+00:00,0.05680195
2021-07-03 14:00:00+00:00,0.0235485
2021-07-03 15:00:00+00:00,0.01747935
2021-07-03 16:00:00+00:00,0.01796985
2021-07-03 17:00:00+00:00,0.01169185
2021-07-03 18:00:00+00:00,0.0007739499999999999
2021-07-03 19:00:00+00:00,0.0008977499999999999
2021-07-03 20:00:00+00:00,0.010254850000000001
2021-07-03 21:00:00+00:00,0.00898985
2021-07-03 22:00:00+00:00,0.0026736999999999998
2021-07-03 23:00:00+00:00,0.0
2021-07-04 00:00:00+00:00,0.0
2021-07-04 01:00:00+00:00,0.0
2021-07-04 02:00:00+00:00,0.0
2021-07-04 03:00:00+00:00,0.0
2021-07-04 04:00:00+00:00,0.0
2021-07-04 05:00:00+00:00,0.004435649999999999
2021-07-04 06:00:00+00:00,0.0
2021-07-04 07:00:00+00:00,0.00310555
2021-07-04 08:00:00+00:00,0.0016547
2021-07-04 09:00:00+00:00,0.0016493500000000002
2021-07-04 10:00:00+00:00,0.00158165
2021-07-04 11:00:00+00:00,0.0
2021-07-04 12:00:00+00:00,0.0008352
2021-07-04 13:00:00+00:00,0.0
2021-07-04 14:00:00+00:00,0.0
2021-07-04 15:00:00+00:00,0.00082265
2021-07-04 16:00:00+00:00,0.0
2021-07-04 17:00:00+00:00,0.00092405
2021-07-04 18:00:00+00:00,0.0239883
2021-07-04 19:00:00+00:00,0.04656005
2021-07-04 20:00:00+00:00,0.0
2021-07-04 21:00:00+00:00,0.0058407
2021-07-04 22:00:00+00:00,0.0124616
2021-07-04 23:00:00+00:00,0.0134428
2021-07-05 00:00:00+00:00,0.0199119
2021-07-05 01:00:00+00:00,0.0425694
2021-07-05 02:00:00+00:00,0.1219133
2021-07-05 03:00:00+00:00,0.09918115
2021-07-05 04:00:00+00:00,0.06409795
2021-07-05 05:00:00+00:00,0.0477007
2021-07-05 06:00:00+00:00,0.0279635
2021-07-05 07:00:00+00:00,0.0067174999999999995
2021-07-05 08:00:00+00:00,0.0034548
2021-07-05 09:00:00+00:00,0.00451995
2021-07-05 10:00:00+00:00,0.01904265
2021-07-05 11:00:00+00:00,0.02507945
2021-07-05 12:00:00+00:00,0.0916934
2021-07-05 13:00:00+00:00,0.06726435
2021-07-05 14:00:00+00:00,0.23728275
2021-07-05 15:00:00+00:00,0.0467426
2021-07-05 16:00:00+00:00,0.021159999999999998
2021-07-05 17:00:00+00:00,0.006553700000000001
2021-07-05 18:00:00+00:00,0.019253899999999997
2021-07-05 19:00:00+00:00,0.0
2021-07-05 20:00:00+00:00,0.0
2021-07-05 21:00:00+00:00,0.0
2021-07-05 22:00:00+00:00,0.0068896
2021-07-05 23:00:00+00:00,0.0171749
2021-07-06 00:00:00+00:00,0.037166500000000005
2021-07-06 01:00:00+00:00,0.11023250000000001
2021-07-06 02:00:00+00:00,0.0273005
2021-07-06 03:00:00+00:00,0.0205168
2021-07-06 04:00:00+00:00,0.0263138
2021-07-06 05:00:00+00:00,0.0232577
2021-07-06 06:00:00+00:00,0.028860700000000003
2021-07-06 07:00:00+00:00,0.02789585
2021-07-06 08:00:00+00:00,0.0445807
2021-07-06 09:00:00+00:00,0.0927138
2021-07-06 10:00:00+00:00,0.12908585
2021-07-06 11:00:00+00:00,0.1143683
2021-07-06 12:00:00+00:00,0.09468275
2021-07-06 13:00:00+00:00,0.053514099999999995
2021-07-06 14:00:00+00:00,0.26282845000000005
2021-07-06 15:00:00+00:00,0.0410645
2021-07-06 16:00:00+00:00,0.0106414
2021-07-06 17:00:00+00:00,0.0632707
2021-07-06 18:00:00+00:00,0.033021100000000005
2021-07-06 19:00:00+00:00,0.10346835000000001
2021-07-06 20:00:00+00:00,0.06138895
2021-07-06 21:00:00+00:00,0.05649625
2021-07-06 22:00:00+00:00,0.11159100000000001
2021-07-06 23:00:00+00:00,0.1005897
2021-07-07 00:00:00+00:00,0.0859913
2021-07-07 01:00:00+00:00,0.0476226
2021-07-07 02:00:00+00:00,0.02221055
2021-07-07 03:00:00+00:00,0.0
2021-07-07 04:00:00+00:00,0.0052334
2021-07-07 05:00:00+00:00,0.002723
2021-07-07 06:00:00+00:00,0.00252605
2021-07-07 07:00:00+00:00,0.00501195
2021-07-07 08:00:00+00:00,0.00072985
2021-07-07 09:00:00+00:00,0.0
2021-07-07 10:00:00+00:00,0.0
2021-07-07 11:00:00+00:00,0.0045811
2021-07-07 12:00:00+00:00,0.0027261
2021-07-07 13:00:00+00:00,0.00962285
2021-07-07 14:00:00+00:00,0.00791655
2021-07-07 15:00:00+00:00,0.0063908
2021-07-07 16:00:00+00:00,0.01181465
2021-07-07 17:00:00+00:00,0.00730655
2021-07-07 18:00:00+00:00,0.02617595
2021-07-07 19:00:00+00:00,0.0364238
2021-07-07 20:00:00+00:00,0.03367775
2021-07-07 21:00:00+00:00,0.0670231
2021-07-07 22:00:00+00:00,0.07217815000000001
2021-07-07 23:00:00+00:00,0.11719055
2021-07-08 00:00:00+00:00,0.09474625
2021-07-08 01:00:00+00:00,0.1261306
2021-07-08 02:00:00+00:00,0.12116115
2021-07-08 03:00:00+00:00,0.08883529999999999
2021-07-08 04:00:00+00:00,0.0778603
2021-07-08 05:00:00+00:00,0.056234000000000006
2021-07-08 06:00:00+00:00,0.036427100000000004
2021-07-08 07:00:00+00:00,0.013330950000000001
2021-07-08 08:00:00+00:00,0.0016541499999999998
2021-07-08 09:00:00+00:00,0.0015964
2021-07-08 10:00:00+00:00,0.0
2021-07-08 11:00:00+00:00,0.00214115
2021-07-08 12:00:00+00:00,0.001586
2021-07-08 13:00:00+00:00,0.009588
2021-07-08 14:00:00+00:00,0.014292
2021-07-08 15:00:00+00:00,0.0139024
2021-07-08 16:00:00+00:00,0.0042984
2021-07-08 17:00:00+00:00,0.0122206
2021-07-08 18:00:00+00:00,0.0119431
2021-07-08 19:00:00+00:00,0.00620245
2021-07-08 20:00:00+00:00,0.0172736
2021-07-08 21:00:00+00:00,0.031088900000000003
2021-07-08 22:00:00+00:00,0.045894
2021-07-08 23:00:00+00:00,0.031181599999999997
2021-07-09 00:00:00+00:00,0.0351138
2021-07-09 01:00:00+00:00,0.0242554
2021-07-09 02:00:00+00:00,0.01042735
2021-07-09 03:00:00+00:00,0.01049915
2021-07-09 04:00:00+00:00,0.057480899999999994
2021-07-09 05:00:00+00:00,0.027283049999999996
2021-07-09 06:00:00+00:00,0.0339175
2021-07-09 07:00:00+00:00,0.051508000000000005
2021-07-09 08:00:00+00:00,0.08201465
2021-07-09 09:00:00+00:00,0.0623565
2021-07-09 10:00:00+00:00,0.09265275
2021-07-09 11:00:00+00:00,0.03606245
2021-07-09 12:00:00+00:00,0.0525389
2021-07-09 13:00:00+00:00,0.11525225
2021-07-09 14:00:00+00:00,0.3161757
2021-07-09 15:00:00+00:00,0.37581390000000003
2021-07-09 16:00:00+00:00,0.4391848
2021-07-09 17:00:00+00:00,0.3136854
2021-07-09 18:00:00+00:00,0.35277815
2021-07-09 19:00:00+00:00,0.24046735
2021-07-09 20:00:00+00:00,0.35532205
2021-07-09 21:00:00+00:00,0.38866100000000003
2021-07-09 22:00:00+00:00,0.35657269999999996
2021-07-09 23:00:00+00:00,0.23765865
2021-07-10 00:00:00+00:00,0.0949158
2021-07-10 01:00:00+00:00,0.1379607
2021-07-10 02:00:00+00:00,0.12323479999999999
2021-07-10 03:00:00+00:00,0.13882585
2021-07-10 04:00:00+00:00,0.12617325000000001
2021-07-10 05:00:00+00:00,0.06740974999999999
2021-07-10 06:00:00+00:00,0.06338284999999999
2021-07-10 07:00:00+00:00,0.13008575
2021-07-10 08:00:00+00:00,0.12708325
2021-07-10 09:00:00+00:00,0.12019625
2021-07-10 10:00:00+00:00,0.09648985
2021-07-10 11:00:00+00:00,0.0358773
2021-07-10 12:00:00+00:00,0.02513215
2021-07-10 13:00:00+00:00,0.0227866
2021-07-10 14:00:00+00:00,0.016511099999999997
2021-07-10 15:00:00+00:00,0.0116179
2021-07-10 16:00:00+00:00,0.0
2021-07-10 17:00:00+00:00,0.0
2021-07-10 18:00:00+00:00,0.0
2021-07-10 19:00:00+00:00,0.0
2021-07-10 20:00:00+00:00,0.0035310499999999996
2021-07-10 21:00:00+00:00,0.0172806
2021-07-10 22:00:00+00:00,0.0340127
2021-07-10 23:00:00+00:00,0.09582945
2021-07-11 00:00:00+00:00,0.1525559
2021-07-11 01:00:00+00:00,0.15057665
2021-07-11 02:00:00+00:00,0.07502935
2021-07-11 03:00:00+00:00,0.05369109999999999
2021-07-11 04:00:00+00:00,0.062267100000000006
2021-07-11 05:00:00+00:00,0.0398298
2021-07-11 06:00:00+00:00,0.056184349999999994
2021-07-11 07:00:00+00:00,0.10425205000000001
2021-07-11 08:00:00+00:00,0.185724
2021-07-11 09:00:00+00:00,0.17701224999999998
2021-07-11 10:00:00+00:00,0.1258685
2021-07-11 11:00:00+00:00,0.0583958
2021-07-11 12:00:00+00:00,0.0670687
2021-07-11 13:00:00+00:00,0.05918725
2021-07-11 14:00:00+00:00,0.05254455
2021-07-11 15:00:00+00:00,0.0434231
2021-07-11 16:00:00+00:00,0.0367348
2021-07-11 17:00:00+00:00,0.0289945
2021-07-11 18:00:00+00:00,0.14951575
2021-07-11 19:00:00+00:00,0.05359915
2021-07-11 20:00:00+00:00,0.013358349999999998
2021-07-11 21:00:00+00:00,0.0018736999999999998
2021-07-11 22:00:00+00:00,0.0017833999999999999
2021-07-11 23:00:00+00:00,0.0128053
2021-07-12 00:00:00+00:00,0.00544875
2021-07-12 01:00:00+00:00,0.00123055
2021-07-12 02:00:00+00:00,0.0014829
2021-07-12 03:00:00+00:00,0.00122535
2021-07-12 04:00:00+00:00,0.0
2021-07-12 05:00:00+00:00,0.01000215
2021-07-12 06:00:00+00:00,0.00421005
2021-07-12 07:00:00+00:00,0.0025724
2021-07-12 08:00:00+00:00,0.0044223
2021-07-12 09:00:00+00:00,0.0018028500000000002
2021-07-12 10:00:00+00:00,0.0026984500000000002
2021-07-12 11:00:00+00:00,0.013047900000000001
2021-07-12 12:00:00+00:00,0.014905799999999999
2021-07-12 13:00:00+00:00,0.010239
2021-07-12 14:00:00+00:00,0.0035347499999999997
2021-07-12 15:00:00+00:00,0.00357725
2021-07-12 16:00:00+00:00,0.0071852
2021-07-12 17:00:00+00:00,0.0197325
2021-07-12 18:00:00+00:00,0.02860625
2021-07-12 19:00:00+00:00,0.024669649999999998
2021-07-12 20:00:00+00:00,0.0257211
2021-07-12 21:00:00+00:00,0.0838115
2021-07-12 22:00:00+00:00,0.11703430000000001
2021-07-12 23:00:00+00:00,0.0834468
2021-07-13 00:00:00+00:00,0.03896175
2021-07-13 01:00:00+00:00,0.0347498
2021-07-13 02:00:00+00:00,0.0207203
2021-07-13 03:00:00+00:00,0.01298945
2021-07-13 04:00:00+00:00,0.02267055
2021-07-13 05:00:00+00:00,0.01599205
2021-07-13 06:00:00+00:00,0.0126949
2021-07-13 07:00:00+00:00,0.0330058
2021-07-13 08:00:00+00:00,0.0432501
2021-07-13 09:00:00+00:00,0.0579303
2021-07-13 10:00:00+00:00,0.05979565
2021-07-13 11:00:00+00:00,0.03734565
2021-07-13 12:00:00+00:00,0.02392915
2021-07-13 13:00:00+00:00,0.0142773
2021-07-13 14:00:00+00:00,0.04245095
2021-07-13 15:00:00+00:00,0.020286449999999998
2021-07-13 16:00:00+00:00,0.01924095
2021-07-13 17:00:00+00:00,0.009487949999999998
2021-07-13 18:00:00+00:00,0.02124605
2021-07-13 19:00:00+00:00,0.0516917
2021-07-13 20:00:00+00:00,0.08906375000000001
2021-07-13 21:00:00+00:00,0.1163617
2021-07-13 22:00:00+00:00,0.178848
2021-07-13 23:00:00+00:00,0.12320350000000001
2021-07-14 00:00:00+00:00,0.1231222
2021-07-14 01:00:00+00:00,0.17917535
2021-07-14 02:00:00+00:00,0.05362505
2021-07-14 03:00:00+00:00,0.063196
2021-07-14 04:00:00+00:00,0.04272465
2021-07-14 05:00:00+00:00,0.0409227
2021-07-14 06:00:00+00:00,0.06647475
2021-07-14 07:00:00+00:00,0.0377033
2021-07-14 08:00:00+00:00,0.0181003
2021-07-14 09:00:00+00:00,0.0455217
2021-07-14 10:00:00+00:00,0.0687441
2021-07-14 11:00:00+00:00,0.04945
2021-07-14 12:00:00+00:00,0.05733490000000001
2021-07-14 13:00:00+00:00,0.02795435
2021-07-14 14:00:00+00:00,0.02294875
2021-07-14 15:00:00+00:00,0.0339402
2021-07-14 16:00:00+00:00,0.040687799999999996
2021-07-14 17:00:00+00:00,0.00755545
2021-07-14 18:00:00+00:00,0.0054415
2021-07-14 19:00:00+00:00,0.0036735999999999995
2021-07-14 20:00:00+00:00,0.00169205
2021-07-14 21:00:00+00:00,0.0
2021-07-14 22:00:00+00:00,0.009450199999999999
2021-07-14 23:00:00+00:00,0.0
2021-07-15 00:00:00+00:00,0.0012380499999999999
2021-07-15 01:00:00+00:00,0.00772265
2021-07-15 02:00:00+00:00,0.0196467
2021-07-15 03:00:00+00:00,0.0113646
2021-07-15 04:00:00+00:00,0.00469735
2021-07-15 05:00:00+00:00,0.0
2021-07-15 06:00:00+00:00,0.0
2021-07-15 07:00:00+00:00,0.0
2021-07-15 08:00:00+00:00,0.0
2021-07-15 09:00:00+00:00,0.0
2021-07-15 10:00:00+00:00,0.0
2021-07-15 11:00:00+00:00,0.0
2021-07-15 12:00:00+00:00,0.0
2021-07-15 13:00:00+00:00,0.0033130499999999997
2021-07-15 14:00:00+00:00,0.0
2021-07-15 15:00:00+00:00,0.0
2021-07-15 16:00:00+00:00,0.0
2021-07-15 17:00:00+00:00,0.0
2021-07-15 18:00:00+00:00,0.0
2021-07-15 19:00:00+00:00,0.00059505
2021-07-15 20:00:00+00:00,0.006438599999999999
2021-07-15 21:00:00+00:00,0.053901750000000005
2021-07-15 22:00:00+00:00,0.07824515
2021-07-15 23:00:00+00:00,0.046605650000000005
2021-07-16 00:00:00+00:00,0.0215697
2021-07-16 01:00:00+00:00,0.013344300000000002
2021-07-16 02:00:00+00:00,0.0102056
2021-07-16 03:00:00+00:00,0.01155565
2021-07-16 04:00:00+00:00,0.035948
2021-07-16 05:00:00+00:00,0.029865100000000002
2021-07-16 06:00:00+00:00,0.04198355
2021-07-16 07:00:00+00:00,0.030199149999999998
2021-07-16 08:00:00+00:00,0.010216049999999999
2021-07-16 09:00:00+00:00,0.012946100000000002
2021-07-16 10:00:00+00:00,0.0275034
2021-07-16 11:00:00+00:00,0.08422645
2021-07-16 12:00:00+00:00,0.13714795
2021-07-16 13:00:00+00:00,0.16577825000000002
2021-07-16 14:00:00+00:00,0.1486197
2021-07-16 15:00:00+00:00,0.15941424999999998
2021-07-16 16:00:00+00:00,0.1290795
2021-07-16 17:00:00+00:00,0.10257965
2021-07-16 18:00:00+00:00,0.10653889999999999
2021-07-16 19:00:00+00:00,0.0956944
2021-07-16 20:00:00+00:00,0.033999299999999996
2021-07-16 21:00:00+00:00,0.0474856
2021-07-16 22:00:00+00:00,0.094696
2021-07-16 23:00:00+00:00,0.18885595
2021-07-17 00:00:00+00:00,0.15252425
2021-07-17 01:00:00+00:00,0.11924835
2021-07-17 02:00:00+00:00,0.1242694
2021-07-17 03:00:00+00:00,0.0732665
2021-07-17 04:00:00+00:00,0.0673461
2021-07-17 05:00:00+00:00,0.07420460000000001
2021-07-17 06:00:00+00:00,0.05749629999999999
2021-07-17 07:00:00+00:00,0.0534607
2021-07-17 08:00:00+00:00,0.0719787
2021-07-17 09:00:00+00:00,0.06221485
2021-07-17 10:00:00+00:00,0.0516543
2021-07-17 11:00:00+00:00,0.05361275000000001
2021-07-17 12:00:00+00:00,0.22882604999999998
2021-07-17 13:00:00+00:00,0.20923604999999998
2021-07-17 14:00:00+00:00,0.15260935
2021-07-17 15:00:00+00:00,0.07430465
2021-07-17 16:00:00+00:00,0.12900820000000002
2021-07-17 17:00:00+00:00,0.1466219
2021-07-17 18:00:00+00:00,0.1282061
2021-07-17 19:00:00+00:00,0.2190189
2021-07-17 20:00:00+00:00,0.1594537
2021-07-17 21:00:00+00:00,0.22095425
2021-07-17 22:00:00+00:00,0.20045084999999999
2021-07-17 23:00:00+00:00,0.1604365
2021-07-18 00:00:00+00:00,0.13015035
2021-07-18 01:00:00+00:00,0.1594625
2021-07-18 02:00:00+00:00,0.14584275
2021-07-18 03:00:00+00:00,0.09782195
2021-07-18 04:00:00+00:00,0.083222
2021-07-18 05:00:00+00:00,0.0515817
2021-07-18 06:00:00+00:00,0.04742425
2021-07-18 07:00:00+00:00,0.0787117
2021-07-18 08:00:00+00:00,0.08455460000000001
2021-07-18 09:00:00+00:00,0.04463815
2021-07-18 10:00:00+00:00,0.0691379
2021-07-18 11:00:00+00:00,0.08198395
2021-07-18 12:00:00+00:00,0.07993890000000001
2021-07-18 13:00:00+00:00,0.06049335
2021-07-18 14:00:00+00:00,0.07601045000000001
2021-07-18 15:00:00+00:00,0.0574091
2021-07-18 16:00:00+00:00,0.04945195
2021-07-18 17:00:00+00:00,0.020790899999999998
2021-07-18 18:00:00+00:00,0.0132427
2021-07-18 19:00:00+00:00,0.019407499999999998
2021-07-18 20:00:00+00:00,0.02374965
2021-07-18 21:00:00+00:00,0.06252035
2021-07-18 22:00:00+00:00,0.1213104
2021-07-18 23:00:00+00:00,0.09210265000000001
2021-07-19 00:00:00+00:00,0.0849724
2021-07-19 01:00:00+00:00,0.08590725
2021-07-19 02:00:00+00:00,0.1713355
2021-07-19 03:00:00+00:00,0.1768815
2021-07-19 04:00:00+00:00,0.08898094999999999
2021-07-19 05:00:00+00:00,0.10145370000000001
2021-07-19 06:00:00+00:00,0.0966346
2021-07-19 07:00:00+00:00,0.12365055
2021-07-19 08:00:00+00:00,0.05439095
2021-07-19 09:00:00+00:00,0.0504125
2021-07-19 10:00:00+00:00,0.031818650000000004
2021-07-19 11:00:00+00:00,0.0440512
2021-07-19 12:00:00+00:00,0.0378919
2021-07-19 13:00:00+00:00,0.0229397
2021-07-19 14:00:00+00:00,0.027775900000000003
2021-07-19 15:00:00+00:00,0.0638852
2021-07-19 16:00:00+00:00,0.0502062
2021-07-19 17:00:00+00:00,0.030792649999999998
2021-07-19 18:00:00+00:00,0.01409
2021-07-19 19:00:00+00:00,0.017903299999999997
2021-07-19 20:00:00+00:00,0.0153252
2021-07-19 21:00:00+00:00,0.0069768
2021-07-19 22:00:00+00:00,0.00904445
2021-07-19 23:00:00+00:00,0.00558585
2021-07-20 00:00:00+00:00,0.0036412999999999997
2021-07-20 01:00:00+00:00,0.0160474
2021-07-20 02:00:00+00:00,0.01976495
2021-07-20 03:00:00+00:00,0.0259119
2021-07-20 04:00:00+00:00,0.01739075
2021-07-20 05:00:00+00:00,0.01637785
2021-07-20 06:00:00+00:00,0.0008903
2021-07-20 07:00:00+00:00,0.01000575
2021-07-20 08:00:00+00:00,0.03141645
2021-07-20 09:00:00+00:00,0.07477535
2021-07-20 10:00:00+00:00,0.0650019
2021-07-20 11:00:00+00:00,0.04455315
2021-07-20 12:00:00+00:00,0.0515638
2021-07-20 13:00:00+00:00,0.0945707
2021-07-20 14:00:00+00:00,0.08990985
2021-07-20 15:00:00+00:00,0.067845
2021-07-20 16:00:00+00:00,0.0401713
2021-07-20 17:00:00+00:00,0.01299075
2021-07-20 18:00:00+00:00,0.00937985
2021-07-20 19:00:00+00:00,0.021653
2021-07-20 20:00:00+00:00,0.040060399999999996
2021-07-20 21:00:00+00:00,0.07308529999999999
2021-07-20 22:00:00+00:00,0.11326590000000002
2021-07-20 23:00:00+00:00,0.09273239999999999
2021-07-21 00:00:00+00:00,0.07005855
2021-07-21 01:00:00+00:00,0.04572475
2021-07-21 02:00:00+00:00,0.0594429
2021-07-21 03:00:00+00:00,0.04874495
2021-07-21 04:00:00+00:00,0.0340966
2021-07-21 05:00:00+00:00,0.02608695
2021-07-21 06:00:00+00:00,0.00756775
2021-07-21 07:00:00+00:00,0.011323149999999999
2021-07-21 08:00:00+00:00,0.011042950000000001
2021-07-21 09:00:00+00:00,0.006416849999999999
2021-07-21 10:00:00+00:00,0.01485775
2021-07-21 11:00:00+00:00,0.0034969499999999995
2021-07-21 12:00:00+00:00,0.008001699999999999
2021-07-21 13:00:00+00:00,0.0236547
2021-07-21 14:00:00+00:00,0.032211000000000004
2021-07-21 15:00:00+00:00,0.0234804
2021-07-21 16:00:00+00:00,0.02172675
2021-07-21 17:00:00+00:00,0.01815325
2021-07-21 18:00:00+00:00,0.0
2021-07-21 19:00:00+00:00,0.0011436999999999999
2021-07-21 20:00:00+00:00,0.00368425
2021-07-21 21:00:00+00:00,0.0
2021-07-21 22:00:00+00:00,0.0
2021-07-21 23:00:00+00:00,0.0
2021-07-22 00:00:00+00:00,0.0
2021-07-22 01:00:00+00:00,0.0
2021-07-22 02:00:00+00:00,0.0
2021-07-22 03:00:00+00:00,0.0
2021-07-22 04:00:00+00:00,0.0
2021-07-22 05:00:00+00:00,0.0
2021-07-22 06:00:00+00:00,0.0
2021-07-22 07:00:00+00:00,0.0
2021-07-22 08:00:00+00:00,0.0
2021-07-22 09:00:00+00:00,0.00528685
2021-07-22 10:00:00+00:00,0.010097100000000001
2021-07-22 11:00:00+00:00,0.0072809
2021-07-22 12:00:00+00:00,0.00730245
2021-07-22 13:00:00+00:00,0.00252755
2021-07-22 14:00:00+00:00,0.0008394
2021-07-22 15:00:00+00:00,0.0
2021-07-22 16:00:00+00:00,0.0
2021-07-22 17:00:00+00:00,0.0
2021-07-22 18:00:00+00:00,0.00036835
2021-07-22 19:00:00+00:00,0.0
2021-07-22 20:00:00+00:00,0.0
2021-07-22 21:00:00+00:00,0.0
2021-07-22 22:00:00+00:00,0.0
2021-07-22 23:00:00+00:00,0.0
2021-07-23 00:00:00+00:00,0.0
2021-07-23 01:00:00+00:00,0.0
2021-07-23 02:00:00+00:00,0.0
2021-07-23 03:00:00+00:00,0.0007589000000000001
2021-07-23 04:00:00+00:00,0.001689
2021-07-23 05:00:00+00:00,0.00173695
2021-07-23 06:00:00+00:00,0.0
2021-07-23 07:00:00+00:00,0.0
2021-07-23 08:00:00+00:00,0.0
2021-07-23 09:00:00+00:00,0.0
2021-07-23 10:00:00+00:00,0.0
2021-07-23 11:00:00+00:00,0.0
2021-07-23 12:00:00+00:00,0.0009006
2021-07-23 13:00:00+00:00,0.0109601
2021-07-23 14:00:00+00:00,0.01664575
2021-07-23 15:00:00+00:00,0.0027642
2021-07-23 16:00:00+00:00,0.0016106500000000001
2021-07-23 17:00:00+00:00,0.0010592499999999999
2021-07-23 18:00:00+00:00,0.00183505
2021-07-23 19:00:00+00:00,0.00895245
2021-07-23 20:00:00+00:00,0.0193857
2021-07-23 21:00:00+00:00,0.04248065
2021-07-23 22:00:00+00:00,0.04666865
2021-07-23 23:00:00+00:00,0.04531945
2021-07-24 00:00:00+00:00,0.03490145
2021-07-24 01:00:00+00:00,0.0125977
2021-07-24 02:00:00+00:00,0.00721565
2021-07-24 03:00:00+00:00,0.0200258
2021-07-24 04:00:00+00:00,0.031027600000000002
2021-07-24 05:00:00+00:00,0.0452954
2021-07-24 06:00:00+00:00,0.03384975
2021-07-24 07:00:00+00:00,0.021851
2021-07-24 08:00:00+00:00,0.061130250000000004
2021-07-24 09:00:00+00:00,0.0915113
2021-07-24 10:00:00+00:00,0.04139205
2021-07-24 11:00:00+00:00,0.0160818
2021-07-24 12:00:00+00:00,0.01366975
2021-07-24 13:00:00+00:00,0.01245245
2021-07-24 14:00:00+00:00,0.013516050000000002
2021-07-24 15:00:00+00:00,0.032128949999999996
2021-07-24 16:00:00+00:00,0.04060415
2021-07-24 17:00:00+00:00,0.06609995
2021-07-24 18:00:00+00:00,0.14450280000000001
2021-07-24 19:00:00+00:00,0.21429865
2021-07-24 20:00:00+00:00,0.25038165
2021-07-24 21:00:00+00:00,0.21727269999999999
2021-07-24 22:00:00+00:00,0.21319905
2021-07-24 23:00:00+00:00,0.21136545
2021-07-25 00:00:00+00:00,0.18599935
2021-07-25 01:00:00+00:00,0.23192455
2021-07-25 02:00:00+00:00,0.12126885
2021-07-25 03:00:00+00:00,0.16213395
2021-07-25 04:00:00+00:00,0.09283825000000001
2021-07-25 05:00:00+00:00,0.05750085
2021-07-25 06:00:00+00:00,0.015142349999999999
2021-07-25 07:00:00+00:00,0.0
2021-07-25 08:00:00+00:00,0.0
2021-07-25 09:00:00+00:00,0.0
2021-07-25 10:00:00+00:00,0.00537405
2021-07-25 11:00:00+00:00,0.010899599999999999
2021-07-25 12:00:00+00:00,0.00461215
2021-07-25 13:00:00+00:00,0.0026845
2021-07-25 14:00:00+00:00,0.01378785
2021-07-25 15:00:00+00:00,0.008440300000000001
2021-07-25 16:00:00+00:00,0.01092495
2021-07-25 17:00:00+00:00,0.00562605
2021-07-25 18:00:00+00:00,0.0815549
2021-07-25 19:00:00+00:00,0.0858333
2021-07-25 20:00:00+00:00,0.0253706
2021-07-25 21:00:00+00:00,0.011404049999999999
2021-07-25 22:00:00+00:00,0.0105284
2021-07-25 23:00:00+00:00,0.01226275
2021-07-26 00:00:00+00:00,0.01636695
2021-07-26 01:00:00+00:00,0.00378815
2021-07-26 02:00:00+00:00,0.01500265
2021-07-26 03:00:00+00:00,0.01225615
2021-07-26 04:00:00+00:00,0.00277645
2021-07-26 05:00:00+00:00,0.0028286
2021-07-26 06:00:00+00:00,0.00451425
2021-07-26 07:00:00+00:00,0.0101782
2021-07-26 08:00:00+00:00,0.0187669
2021-07-26 09:00:00+00:00,0.01905385
2021-07-26 10:00:00+00:00,0.0288116
2021-07-26 11:00:00+00:00,0.03765135
2021-07-26 12:00:00+00:00,0.05908615
2021-07-26 13:00:00+00:00,0.045359300000000005
2021-07-26 14:00:00+00:00,0.054208349999999995
2021-07-26 15:00:00+00:00,0.054694349999999996
2021-07-26 16:00:00+00:00,0.05482240000000001
2021-07-26 17:00:00+00:00,0.057416150000000006
2021-07-26 18:00:00+00:00,0.025818099999999997
2021-07-26 19:00:00+00:00,0.0653485
2021-07-26 20:00:00+00:00,0.046627499999999995
2021-07-26 21:00:00+00:00,0.03399295
2021-07-26 22:00:00+00:00,0.0232925
2021-07-26 23:00:00+00:00,0.03701725
2021-07-27 00:00:00+00:00,0.06352305
2021-07-27 01:00:00+00:00,0.07335470000000001
2021-07-27 02:00:00+00:00,0.058594600000000004
2021-07-27 03:00:00+00:00,0.08308825
2021-07-27 04:00:00+00:00,0.0939043
2021-07-27 05:00:00+00:00,0.04267075
2021-07-27 06:00:00+00:00,0.0297253
2021-07-27 07:00:00+00:00,0.0130797
2021-07-27 08:00:00+00:00,0.02958965
2021-07-27 09:00:00+00:00,0.0505555
2021-07-27 10:00:00+00:00,0.1085531
2021-07-27 11:00:00+00:00,0.16643724999999998
2021-07-27 12:00:00+00:00,0.1487449
2021-07-27 13:00:00+00:00,0.10663579999999999
2021-07-27 14:00:00+00:00,0.0976288
2021-07-27 15:00:00+00:00,0.0957275
2021-07-27 16:00:00+00:00,0.0631782
2021-07-27 17:00:00+00:00,0.040818
2021-07-27 18:00:00+00:00,0.0218738
2021-07-27 19:00:00+00:00,0.03452325
2021-07-27 20:00:00+00:00,0.05352105
2021-07-27 21:00:00+00:00,0.03903075
2021-07-27 22:00:00+00:00,0.0448843
2021-07-27 23:00:00+00:00,0.043668349999999995
2021-07-28 00:00:00+00:00,0.0289286
2021-07-28 01:00:00+00:00,0.0082384
2021-07-28 02:00:00+00:00,0.0
2021-07-28 03:00:00+00:00,0.0
2021-07-28 04:00:00+00:00,0.00503635
2021-07-28 05:00:00+00:00,0.0377708
2021-07-28 06:00:00+00:00,0.06504235
2021-07-28 07:00:00+00:00,0.04065065
2021-07-28 08:00:00+00:00,0.0406187
2021-07-28 09:00:00+00:00,0.09464840000000001
2021-07-28 10:00:00+00:00,0.09467195
2021-07-28 11:00:00+00:00,0.07909195
2021-07-28 12:00:00+00:00,0.1104307
2021-07-28 13:00:00+00:00,0.1349158
2021-07-28 14:00:00+00:00,0.11344285
2021-07-28 15:00:00+00:00,0.10868299999999999
2021-07-28 16:00:00+00:00,0.12815574999999998
2021-07-28 17:00:00+00:00,0.09875874999999999
2021-07-28 18:00:00+00:00,0.09188075
2021-07-28 19:00:00+00:00,0.06053925
2021-07-28 20:00:00+00:00,0.05476655
2021-07-28 21:00:00+00:00,0.0684967
2021-07-28 22:00:00+00:00,0.08613245
2021-07-28 23:00:00+00:00,0.11352539999999998
2021-07-29 00:00:00+00:00,0.128149
2021-07-29 01:00:00+00:00,0.17028305
2021-07-29 02:00:00+00:00,0.09878775000000001
2021-07-29 03:00:00+00:00,0.10861645
2021-07-29 04:00:00+00:00,0.1448306
2021-07-29 05:00:00+00:00,0.08893155
2021-07-29 06:00:00+00:00,0.1634508
2021-07-29 07:00:00+00:00,0.24961935
2021-07-29 08:00:00+00:00,0.3607463
2021-07-29 09:00:00+00:00,0.47894435
2021-07-29 10:00:00+00:00,0.46288445
2021-07-29 11:00:00+00:00,0.5065224
2021-07-29 12:00:00+00:00,0.60044345
2021-07-29 13:00:00+00:00,0.5674047999999999
2021-07-29 14:00:00+00:00,0.5320623
2021-07-29 15:00:00+00:00,0.5643421000000001
2021-07-29 16:00:00+00:00,0.26319175
2021-07-29 17:00:00+00:00,0.1722421
2021-07-29 18:00:00+00:00,0.0946704
2021-07-29 19:00:00+00:00,0.10042015
2021-07-29 20:00:00+00:00,0.06332425
2021-07-29 21:00:00+00:00,0.031060149999999998
2021-07-29 22:00:00+00:00,0.04651705
2021-07-29 23:00:00+00:00,0.061463949999999996
2021-07-30 00:00:00+00:00,0.07522295
2021-07-30 01:00:00+00:00,0.08999545
2021-07-30 02:00:00+00:00,0.09968765
2021-07-30 03:00:00+00:00,0.0987236
2021-07-30 04:00:00+00:00,0.06847905
2021-07-30 05:00:00+00:00,0.0468536
2021-07-30 06:00:00+00:00,0.0377718
2021-07-30 07:00:00+00:00,0.07904895
2021-07-30 08:00:00+00:00,0.11932365
2021-07-30 09:00:00+00:00,0.16732795
2021-07-30 10:00:00+00:00,0.14189795
2021-07-30 11:00:00+00:00,0.12804125
2021-07-30 12:00:00+00:00,0.13115015000000002
2021-07-30 13:00:00+00:00,0.1192392
2021-07-30 14:00:00+00:00,0.07903455
2021-07-30 15:00:00+00:00,0.07502565
2021-07-30 16:00:00+00:00,0.04059305
2021-07-30 17:00:00+00:00,0.0226958
2021-07-30 18:00:00+00:00,0.00530775
2021-07-30 19:00:00+00:00,0.0103137
2021-07-30 20:00:00+00:00,0.012586
2021-07-30 21:00:00+00:00,0.010121
2021-07-30 22:00:00+00:00,0.03450585
2021-07-30 23:00:00+00:00,0.0140619
2021-07-31 00:00:00+00:00,0.0481267
2021-07-31 01:00:00+00:00,0.18769745000000002
2021-07-31 02:00:00+00:00,0.22103355000000002
2021-07-31 03:00:00+00:00,0.1601856
2021-07-31 04:00:00+00:00,0.08309675
2021-07-31 05:00:00+00:00,0.0534833
2021-07-31 06:00:00+00:00,0.058581799999999996
2021-07-31 07:00:00+00:00,0.26029505
2021-07-31 08:00:00+00:00,0.05078385
2021-07-31 09:00:00+00:00,0.58729735
2021-07-31 10:00:00+00:00,0.45173355000000004
2021-07-31 11:00:00+00:00,0.41610215
2021-07-31 12:00:00+00:00,0.5076803
2021-07-31 13:00:00+00:00,0.4430308
2021-07-31 14:00:00+00:00,0.42859669999999994
2021-07-31 15:00:00+00:00,0.24914305
2021-07-31 16:00:00+00:00,0.3102036
2021-07-31 17:00:00+00:00,0.3216469
2021-07-31 18:00:00+00:00,0.07826565
2021-07-31 19:00:00+00:00,0.07028999999999999
2021-07-31 20:00:00+00:00,0.13008979999999998
2021-07-31 21:00:00+00:00,0.12333074999999999
2021-07-31 22:00:00+00:00,0.23880585000000001
2021-07-31 23:00:00+00:00,0.1701339
2021-08-01 00:00:00+00:00,0.18566110000000002
2021-08-01 01:00:00+00:00,0.23311105
2021-08-01 02:00:00+00:00,0.11300299999999999
2021-08-01 03:00:00+00:00,0.10334249999999999
2021-08-01 04:00:00+00:00,0.06297535
2021-08-01 05:00:00+00:00,0.038252999999999995
2021-08-01 06:00:00+00:00,0.006287
2021-08-01 07:00:00+00:00,0.0036425
2021-08-01 08:00:00+00:00,0.0106249
2021-08-01 09:00:00+00:00,0.01721875
2021-08-01 10:00:00+00:00,0.0304009
2021-08-01 11:00:00+00:00,0.0208008
2021-08-01 12:00:00+00:00,0.01620195
2021-08-01 13:00:00+00:00,0.0341806
2021-08-01 14:00:00+00:00,0.04016155
2021-08-01 15:00:00+00:00,0.0494123
2021-08-01 16:00:00+00:00,0.038928199999999996
2021-08-01 17:00:00+00:00,0.05338945
2021-08-01 18:00:00+00:00,0.2200888
2021-08-01 19:00:00+00:00,0.0975543
2021-08-01 20:00:00+00:00,0.00909335
2021-08-01 21:00:00+00:00,0.07497859999999999
2021-08-01 22:00:00+00:00,0.11935055
2021-08-01 23:00:00+00:00,0.09288144999999999
2021-08-02 00:00:00+00:00,0.09879505000000001
2021-08-02 01:00:00+00:00,0.055646100000000004
2021-08-02 02:00:00+00:00,0.06126195
2021-08-02 03:00:00+00:00,0.04268005
2021-08-02 04:00:00+00:00,0.04259015
2021-08-02 05:00:00+00:00,0.057217899999999995
2021-08-02 06:00:00+00:00,0.127422
2021-08-02 07:00:00+00:00,0.1738322
2021-08-02 08:00:00+00:00,0.18396845
2021-08-02 09:00:00+00:00,0.15365825
2021-08-02 10:00:00+00:00,0.2054891
2021-08-02 11:00:00+00:00,0.189845
2021-08-02 12:00:00+00:00,0.2487142
2021-08-02 13:00:00+00:00,0.09006555
2021-08-02 14:00:00+00:00,0.0938388
2021-08-02 15:00:00+00:00,0.146529
2021-08-02 16:00:00+00:00,0.12571575000000001
2021-08-02 17:00:00+00:00,0.0798146
2021-08-02 18:00:00+00:00,0.03706515
2021-08-02 19:00:00+00:00,0.08111354999999999
2021-08-02 20:00:00+00:00,0.01386415
2021-08-02 21:00:00+00:00,0.0029796500000000004
2021-08-02 22:00:00+00:00,0.02293745
2021-08-02 23:00:00+00:00,0.01460695
2021-08-03 00:00:00+00:00,0.0
2021-08-03 01:00:00+00:00,0.0
2021-08-03 02:00:00+00:00,0.0
2021-08-03 03:00:00+00:00,0.0
2021-08-03 04:00:00+00:00,0.0
2021-08-03 05:00:00+00:00,0.0
2021-08-03 06:00:00+00:00,0.0
2021-08-03 07:00:00+00:00,0.0
2021-08-03 08:00:00+00:00,0.0
2021-08-03 09:00:00+00:00,0.0
2021-08-03 10:00:00+00:00,0.0
2021-08-03 11:00:00+00:00,0.0
2021-08-03 12:00:00+00:00,0.0
2021-08-03 13:00:00+00:00,0.0005805
2021-08-03 14:00:00+00:00,0.0
2021-08-03 15:00:00+00:00,0.0
2021-08-03 16:00:00+00:00,0.00051665
2021-08-03 17:00:00+00:00,0.0081493
2021-08-03 18:00:00+00:00,0.00716425
2021-08-03 19:00:00+00:00,0.014806149999999999
2021-08-03 20:00:00+00:00,0.0076387
2021-08-03 21:00:00+00:00,0.00280395
2021-08-03 22:00:00+00:00,0.00227045
2021-08-03 23:00:00+00:00,0.0
2021-08-04 00:00:00+00:00,0.00081205
2021-08-04 01:00:00+00:00,0.000543
2021-08-04 02:00:00+00:00,0.0
2021-08-04 03:00:00+00:00,0.0
2021-08-04 04:00:00+00:00,0.0
2021-08-04 05:00:00+00:00,0.0
2021-08-04 06:00:00+00:00,0.0006137
2021-08-04 07:00:00+00:00,0.00788525
2021-08-04 08:00:00+00:00,0.00487765
2021-08-04 09:00:00+00:00,0.0008124499999999999
2021-08-04 10:00:00+00:00,0.0007662
2021-08-04 11:00:00+00:00,0.0009309499999999999
2021-08-04 12:00:00+00:00,0.01242665
2021-08-04 13:00:00+00:00,0.02167105
2021-08-04 14:00:00+00:00,0.02274745
2021-08-04 15:00:00+00:00,0.013006299999999998
2021-08-04 16:00:00+00:00,0.018234200000000002
2021-08-04 17:00:00+00:00,0.01280925
2021-08-04 18:00:00+00:00,0.009322549999999999
2021-08-04 19:00:00+00:00,0.01673735
2021-08-04 20:00:00+00:00,0.02813825
2021-08-04 21:00:00+00:00,0.00875065
2021-08-04 22:00:00+00:00,0.01340855
2021-08-04 23:00:00+00:00,0.0166005
2021-08-05 00:00:00+00:00,0.01523005
2021-08-05 01:00:00+00:00,0.038489999999999996
2021-08-05 02:00:00+00:00,0.0320356
2021-08-05 03:00:00+00:00,0.02315735
2021-08-05 04:00:00+00:00,0.01742305
2021-08-05 05:00:00+00:00,0.0221645
2021-08-05 06:00:00+00:00,0.00367965
2021-08-05 07:00:00+00:00,0.0
2021-08-05 08:00:00+00:00,0.0
2021-08-05 09:00:00+00:00,0.0044381
2021-08-05 10:00:00+00:00,0.0036405
2021-08-05 11:00:00+00:00,0.00568425
2021-08-05 12:00:00+00:00,0.007566849999999999
2021-08-05 13:00:00+00:00,0.0142785
2021-08-05 14:00:00+00:00,0.019500800000000002
2021-08-05 15:00:00+00:00,0.055480299999999996
2021-08-05 16:00:00+00:00,0.14334665
2021-08-05 17:00:00+00:00,0.021854150000000003
2021-08-05 18:00:00+00:00,0.0
2021-08-05 19:00:00+00:00,0.0
2021-08-05 20:00:00+00:00,0.0
2021-08-05 21:00:00+00:00,0.0008885
2021-08-05 22:00:00+00:00,0.0
2021-08-05 23:00:00+00:00,0.0027815
2021-08-06 00:00:00+00:00,0.00218015
2021-08-06 01:00:00+00:00,0.0084959
2021-08-06 02:00:00+00:00,0.00075325
2021-08-06 03:00:00+00:00,0.0
2021-08-06 04:00:00+00:00,0.00969755
2021-08-06 05:00:00+00:00,0.01692535
2021-08-06 06:00:00+00:00,0.0045037
2021-08-06 07:00:00+00:00,0.00255895
2021-08-06 08:00:00+00:00,0.01593065
2021-08-06 09:00:00+00:00,0.03362505
2021-08-06 10:00:00+00:00,0.034646699999999996
2021-08-06 11:00:00+00:00,0.023003700000000002
2021-08-06 12:00:00+00:00,0.0161807
2021-08-06 13:00:00+00:00,0.0364154
2021-08-06 14:00:00+00:00,0.0396219
2021-08-06 15:00:00+00:00,0.020446600000000002
2021-08-06 16:00:00+00:00,0.0047112000000000005
2021-08-06 17:00:00+00:00,0.00692135
2021-08-06 18:00:00+00:00,0.016825800000000002
2021-08-06 19:00:00+00:00,0.016431
2021-08-06 20:00:00+00:00,0.013378550000000001
2021-08-06 21:00:00+00:00,0.06200275
2021-08-06 22:00:00+00:00,0.1414497
2021-08-06 23:00:00+00:00,0.10564159999999999
2021-08-07 00:00:00+00:00,0.05178025
2021-08-07 01:00:00+00:00,0.071386
2021-08-07 02:00:00+00:00,0.0743587
2021-08-07 03:00:00+00:00,0.05469015000000001
2021-08-07 04:00:00+00:00,0.0312685
2021-08-07 05:00:00+00:00,0.0653797
2021-08-07 06:00:00+00:00,0.027961200000000002
2021-08-07 07:00:00+00:00,0.00923835
2021-08-07 08:00:00+00:00,0.0163552
2021-08-07 09:00:00+00:00,0.04358965
2021-08-07 10:00:00+00:00,0.0397656
2021-08-07 11:00:00+00:00,0.04872505
2021-08-07 12:00:00+00:00,0.04758455
2021-08-07 13:00:00+00:00,0.049463799999999995
2021-08-07 14:00:00+00:00,0.0192021
2021-08-07 15:00:00+00:00,0.029349049999999998
2021-08-07 16:00:00+00:00,0.053963300000000006
2021-08-07 17:00:00+00:00,0.15797385
2021-08-07 18:00:00+00:00,0.15141275
2021-08-07 19:00:00+00:00,0.18393925
2021-08-07 20:00:00+00:00,0.05469525
2021-08-07 21:00:00+00:00,0.0625553
2021-08-07 22:00:00+00:00,0.0734144
2021-08-07 23:00:00+00:00,0.1027286
2021-08-08 00:00:00+00:00,0.1065991
2021-08-08 01:00:00+00:00,0.11942349999999999
2021-08-08 02:00:00+00:00,0.27479115000000004
2021-08-08 03:00:00+00:00,0.30002894999999996
2021-08-08 04:00:00+00:00,0.18884215
2021-08-08 05:00:00+00:00,0.1996174
2021-08-08 06:00:00+00:00,0.2307092
2021-08-08 07:00:00+00:00,0.45858655
2021-08-08 08:00:00+00:00,0.42359505
2021-08-08 09:00:00+00:00,0.27448564999999997
2021-08-08 10:00:00+00:00,0.45543549999999994
2021-08-08 11:00:00+00:00,0.0596683
2021-08-08 12:00:00+00:00,0.0
2021-08-08 13:00:00+00:00,0.25743395
2021-08-08 14:00:00+00:00,0.21990880000000002
2021-08-08 15:00:00+00:00,0.3053243
2021-08-08 16:00:00+00:00,0.14970319999999998
2021-08-08 17:00:00+00:00,0.0654294
2021-08-08 18:00:00+00:00,0.0329939
2021-08-08 19:00:00+00:00,0.2662651
2021-08-08 20:00:00+00:00,0.02136505
2021-08-08 21:00:00+00:00,0.0604919
2021-08-08 22:00:00+00:00,0.10376410000000001
2021-08-08 23:00:00+00:00,0.11550840000000001
2021-08-09 00:00:00+00:00,0.1047016
2021-08-09 01:00:00+00:00,0.09302015
2021-08-09 02:00:00+00:00,0.13213265
2021-08-09 03:00:00+00:00,0.10558044999999999
2021-08-09 04:00:00+00:00,0.0792812
2021-08-09 05:00:00+00:00,0.06840605000000001
2021-08-09 06:00:00+00:00,0.0418385
2021-08-09 07:00:00+00:00,0.00860265
2021-08-09 08:00:00+00:00,0.015190100000000002
2021-08-09 09:00:00+00:00,0.01616425
2021-08-09 10:00:00+00:00,0.0418571
2021-08-09 11:00:00+00:00,0.0848525
2021-08-09 12:00:00+00:00,0.0781723
2021-08-09 13:00:00+00:00,0.06137775
2021-08-09 14:00:00+00:00,0.0506187
2021-08-09 15:00:00+00:00,0.00095725
2021-08-09 16:00:00+00:00,0.009309099999999999
2021-08-09 17:00:00+00:00,0.04486585
2021-08-09 18:00:00+00:00,0.1491461
2021-08-09 19:00:00+00:00,0.0114827
2021-08-09 20:00:00+00:00,0.006429600000000001
2021-08-09 21:00:00+00:00,0.01325865
2021-08-09 22:00:00+00:00,0.024565
2021-08-09 23:00:00+00:00,0.03479725
2021-08-10 00:00:00+00:00,0.033026799999999995
2021-08-10 01:00:00+00:00,0.05079735
2021-08-10 02:00:00+00:00,0.0547491
2021-08-10 03:00:00+00:00,0.03614
2021-08-10 04:00:00+00:00,0.045919299999999996
2021-08-10 05:00:00+00:00,0.01948405
2021-08-10 06:00:00+00:00,0.0154935
2021-08-10 07:00:00+00:00,0.0172858
2021-08-10 08:00:00+00:00,0.0094203
2021-08-10 09:00:00+00:00,0.0286869
2021-08-10 10:00:00+00:00,0.04974115
2021-08-10 11:00:00+00:00,0.051618399999999995
2021-08-10 12:00:00+00:00,0.05937975
2021-08-10 13:00:00+00:00,0.0830589
2021-08-10 14:00:00+00:00,0.07416005
2021-08-10 15:00:00+00:00,0.06351699999999999
2021-08-10 16:00:00+00:00,0.02999905
2021-08-10 17:00:00+00:00,0.3396195
2021-08-10 18:00:00+00:00,0.0234487
2021-08-10 19:00:00+00:00,0.00680325
2021-08-10 20:00:00+00:00,0.17432035
2021-08-10 21:00:00+00:00,0.0064937
2021-08-10 22:00:00+00:00,0.0031550999999999997
2021-08-10 23:00:00+00:00,0.037612
2021-08-11 00:00:00+00:00,0.1206413
2021-08-11 01:00:00+00:00,0.15055825
2021-08-11 02:00:00+00:00,0.0731602
2021-08-11 03:00:00+00:00,0.05622255
2021-08-11 04:00:00+00:00,0.02796255
2021-08-11 05:00:00+00:00,0.0353769
2021-08-11 06:00:00+00:00,0.0054015
2021-08-11 07:00:00+00:00,0.01183795
2021-08-11 08:00:00+00:00,0.0157929
2021-08-11 09:00:00+00:00,0.015993450000000003
2021-08-11 10:00:00+00:00,0.020032650000000003
2021-08-11 11:00:00+00:00,0.02312695
2021-08-11 12:00:00+00:00,0.01046995
2021-08-11 13:00:00+00:00,0.0064992
2021-08-11 14:00:00+00:00,0.0027561
2021-08-11 15:00:00+00:00,0.00940795
2021-08-11 16:00:00+00:00,0.0047219
2021-08-11 17:00:00+00:00,0.0
2021-08-11 18:00:00+00:00,0.0
2021-08-11 19:00:00+00:00,0.0
2021-08-11 20:00:00+00:00,0.0
2021-08-11 21:00:00+00:00,0.0
2021-08-11 22:00:00+00:00,0.0
2021-08-11 23:00:00+00:00,0.0
2021-08-12 00:00:00+00:00,0.0
2021-08-12 01:00:00+00:00,0.0
2021-08-12 02:00:00+00:00,0.0
2021-08-12 03:00:00+00:00,0.0
2021-08-12 04:00:00+00:00,0.0
2021-08-12 05:00:00+00:00,0.0
2021-08-12 06:00:00+00:00,0.0
2021-08-12 07:00:00+00:00,0.0
2021-08-12 08:00:00+00:00,0.0050195
2021-08-12 09:00:00+00:00,0.00259835
2021-08-12 10:00:00+00:00,0.00457045
2021-08-12 11:00:00+00:00,0.0065063000000000005
2021-08-12 12:00:00+00:00,0.006305
2021-08-12 13:00:00+00:00,0.00553705
2021-08-12 14:00:00+00:00,0.0036482999999999997
2021-08-12 15:00:00+00:00,0.00971105
2021-08-12 16:00:00+00:00,0.0102827
2021-08-12 17:00:00+00:00,0.014950749999999999
2021-08-12 18:00:00+00:00,0.03371915
2021-08-12 19:00:00+00:00,0.10125265
2021-08-12 20:00:00+00:00,0.11194175
2021-08-12 21:00:00+00:00,0.152336
2021-08-12 22:00:00+00:00,0.18365675
2021-08-12 23:00:00+00:00,0.0780206
2021-08-13 00:00:00+00:00,0.0219161
2021-08-13 01:00:00+00:00,0.0093981
2021-08-13 02:00:00+00:00,0.0086295
2021-08-13 03:00:00+00:00,0.00288595
2021-08-13 04:00:00+00:00,0.00093355
2021-08-13 05:00:00+00:00,0.0018099499999999998
2021-08-13 06:00:00+00:00,0.000933
2021-08-13 07:00:00+00:00,0.0
2021-08-13 08:00:00+00:00,0.0
2021-08-13 09:00:00+00:00,0.006403700000000001
2021-08-13 10:00:00+00:00,0.020180899999999998
2021-08-13 11:00:00+00:00,0.0250278
2021-08-13 12:00:00+00:00,0.025071
2021-08-13 13:00:00+00:00,0.0642553
2021-08-13 14:00:00+00:00,0.027989100000000003
2021-08-13 15:00:00+00:00,0.0095159
2021-08-13 16:00:00+00:00,0.00091265
2021-08-13 17:00:00+00:00,0.0
2021-08-13 18:00:00+00:00,0.0
2021-08-13 19:00:00+00:00,0.0
2021-08-13 20:00:00+00:00,0.08765534999999999
2021-08-13 21:00:00+00:00,0.0732466
2021-08-13 22:00:00+00:00,0.1369726
2021-08-13 23:00:00+00:00,0.10666344999999999
2021-08-14 00:00:00+00:00,0.08308065
2021-08-14 01:00:00+00:00,0.03589575
2021-08-14 02:00:00+00:00,0.0249771
2021-08-14 03:00:00+00:00,0.0198935
2021-08-14 04:00:00+00:00,0.0168438
2021-08-14 05:00:00+00:00,0.00367885
2021-08-14 06:00:00+00:00,0.00083535
2021-08-14 07:00:00+00:00,0.0017989
2021-08-14 08:00:00+00:00,0.02885375
2021-08-14 09:00:00+00:00,0.0544765
2021-08-14 10:00:00+00:00,0.060470249999999996
2021-08-14 11:00:00+00:00,0.06039385
2021-08-14 12:00:00+00:00,0.06404885
2021-08-14 13:00:00+00:00,0.1211703
2021-08-14 14:00:00+00:00,0.07913075
2021-08-14 15:00:00+00:00,0.054528200000000006
2021-08-14 16:00:00+00:00,0.0886114
2021-08-14 17:00:00+00:00,0.025709750000000003
2021-08-14 18:00:00+00:00,0.01276185
2021-08-14 19:00:00+00:00,0.019993649999999998
2021-08-14 20:00:00+00:00,0.07146955
2021-08-14 21:00:00+00:00,0.0555326
2021-08-14 22:00:00+00:00,0.0158538
2021-08-14 23:00:00+00:00,0.0223245
2021-08-15 00:00:00+00:00,0.030899400000000004
2021-08-15 01:00:00+00:00,0.0455531
2021-08-15 02:00:00+00:00,0.01846335
2021-08-15 03:00:00+00:00,0.0
2021-08-15 04:00:00+00:00,0.0
2021-08-15 05:00:00+00:00,0.0
2021-08-15 06:00:00+00:00,0.0
2021-08-15 07:00:00+00:00,0.0026797
2021-08-15 08:00:00+00:00,0.017793100000000003
2021-08-15 09:00:00+00:00,0.029854899999999997
2021-08-15 10:00:00+00:00,0.035927350000000004
2021-08-15 11:00:00+00:00,0.025111
2021-08-15 12:00:00+00:00,0.019181200000000002
2021-08-15 13:00:00+00:00,0.01056985
2021-08-15 14:00:00+00:00,0.0200913
2021-08-15 15:00:00+00:00,0.013241900000000001
2021-08-15 16:00:00+00:00,0.008836400000000001
2021-08-15 17:00:00+00:00,0.001662
2021-08-15 18:00:00+00:00,0.00169825
2021-08-15 19:00:00+00:00,0.0161085
2021-08-15 20:00:00+00:00,0.04627585
2021-08-15 21:00:00+00:00,0.04277015
2021-08-15 22:00:00+00:00,0.037973599999999996
2021-08-15 23:00:00+00:00,0.03208805
2021-08-16 00:00:00+00:00,0.0428632
2021-08-16 01:00:00+00:00,0.0762711
2021-08-16 02:00:00+00:00,0.10370845
2021-08-16 03:00:00+00:00,0.14867005
2021-08-16 04:00:00+00:00,0.19842905
2021-08-16 05:00:00+00:00,0.17219525000000002
2021-08-16 06:00:00+00:00,0.1885258
2021-08-16 07:00:00+00:00,0.1602788
2021-08-16 08:00:00+00:00,0.20049065
2021-08-16 09:00:00+00:00,0.14292615
2021-08-16 10:00:00+00:00,0.18498425
2021-08-16 11:00:00+00:00,0.3705293
2021-08-16 12:00:00+00:00,0.4414605
2021-08-16 13:00:00+00:00,0.4549293
2021-08-16 14:00:00+00:00,0.4752274
2021-08-16 15:00:00+00:00,0.48330114999999996
2021-08-16 16:00:00+00:00,0.23942305
2021-08-16 17:00:00+00:00,0.21233915
2021-08-16 18:00:00+00:00,0.20917840000000001
2021-08-16 19:00:00+00:00,0.12205405000000001
2021-08-16 20:00:00+00:00,0.13595184999999999
2021-08-16 21:00:00+00:00,0.1614418
2021-08-16 22:00:00+00:00,0.21318789999999999
2021-08-16 23:00:00+00:00,0.37797995
2021-08-17 00:00:00+00:00,0.50305
2021-08-17 01:00:00+00:00,0.42234510000000003
2021-08-17 02:00:00+00:00,0.5426107
2021-08-17 03:00:00+00:00,0.49972524999999995
2021-08-17 04:00:00+00:00,0.42892250000000004
2021-08-17 05:00:00+00:00,0.48780249999999997
2021-08-17 06:00:00+00:00,0.6244968
2021-08-17 07:00:00+00:00,0.67923875
2021-08-17 08:00:00+00:00,0.5636331
2021-08-17 09:00:00+00:00,0.66966645
2021-08-17 10:00:00+00:00,0.7264443
2021-08-17 11:00:00+00:00,0.6204453999999999
2021-08-17 12:00:00+00:00,0.77259605
2021-08-17 13:00:00+00:00,0.7119386999999999
2021-08-17 14:00:00+00:00,0.73975615
2021-08-17 15:00:00+00:00,0.5569868499999999
2021-08-17 16:00:00+00:00,0.2493531
2021-08-17 17:00:00+00:00,0.34978784999999996
2021-08-17 18:00:00+00:00,0.3775533
2021-08-17 19:00:00+00:00,0.1818511
2021-08-17 20:00:00+00:00,0.1954562
2021-08-17 21:00:00+00:00,0.17213779999999998
2021-08-17 22:00:00+00:00,0.24433110000000002
2021-08-17 23:00:00+00:00,0.17304485
2021-08-18 00:00:00+00:00,0.12912335
2021-08-18 01:00:00+00:00,0.16350730000000002
2021-08-18 02:00:00+00:00,0.185863
2021-08-18 03:00:00+00:00,0.16828635
2021-08-18 04:00:00+00:00,0.15856655
2021-08-18 05:00:00+00:00,0.10666365000000001
2021-08-18 06:00:00+00:00,0.0683087
2021-08-18 07:00:00+00:00,0.06344945
2021-08-18 08:00:00+00:00,0.07910255
2021-08-18 09:00:00+00:00,0.0850313
2021-08-18 10:00:00+00:00,0.18697695
2021-08-18 11:00:00+00:00,0.29533675
2021-08-18 12:00:00+00:00,0.25034735
2021-08-18 13:00:00+00:00,0.193827
2021-08-18 14:00:00+00:00,0.22399434999999998
2021-08-18 15:00:00+00:00,0.14674425000000002
2021-08-18 16:00:00+00:00,0.28943755
2021-08-18 17:00:00+00:00,0.15848595000000001
2021-08-18 18:00:00+00:00,0.0929169
2021-08-18 19:00:00+00:00,0.12430405000000001
2021-08-18 20:00:00+00:00,0.15458675
2021-08-18 21:00:00+00:00,0.21034805
2021-08-18 22:00:00+00:00,0.1466475
2021-08-18 23:00:00+00:00,0.11837615000000001
2021-08-19 00:00:00+00:00,0.11735595
2021-08-19 01:00:00+00:00,0.18882615
2021-08-19 02:00:00+00:00,0.13506295
2021-08-19 03:00:00+00:00,0.10655150000000001
2021-08-19 04:00:00+00:00,0.11060474999999999
2021-08-19 05:00:00+00:00,0.051649400000000005
2021-08-19 06:00:00+00:00,0.09070325
2021-08-19 07:00:00+00:00,0.1290406
2021-08-19 08:00:00+00:00,0.14086289999999999
2021-08-19 09:00:00+00:00,0.11050070000000001
2021-08-19 10:00:00+00:00,0.12609475
2021-08-19 11:00:00+00:00,0.1133891
2021-08-19 12:00:00+00:00,0.15549405
2021-08-19 13:00:00+00:00,0.0703902
2021-08-19 14:00:00+00:00,0.0457647
2021-08-19 15:00:00+00:00,0.03694715
2021-08-19 16:00:00+00:00,0.04059665
2021-08-19 17:00:00+00:00,0.05110705
2021-08-19 18:00:00+00:00,0.0172431
2021-08-19 19:00:00+00:00,0.0249601
2021-08-19 20:00:00+00:00,0.0288334
2021-08-19 21:00:00+00:00,0.04462475
2021-08-19 22:00:00+00:00,0.03798425
2021-08-19 23:00:00+00:00,0.0457226
2021-08-20 00:00:00+00:00,0.035852300000000004
2021-08-20 01:00:00+00:00,0.029756150000000002
2021-08-20 02:00:00+00:00,0.043369
2021-08-20 03:00:00+00:00,0.0435769
2021-08-20 04:00:00+00:00,0.04078495
2021-08-20 05:00:00+00:00,0.037551549999999996
2021-08-20 06:00:00+00:00,0.04060635
2021-08-20 07:00:00+00:00,0.06981625
2021-08-20 08:00:00+00:00,0.0698893
2021-08-20 09:00:00+00:00,0.04714615
2021-08-20 10:00:00+00:00,0.06500249999999999
2021-08-20 11:00:00+00:00,0.12207249999999999
2021-08-20 12:00:00+00:00,0.12971880000000002
2021-08-20 13:00:00+00:00,0.07867675
2021-08-20 14:00:00+00:00,0.0475361
2021-08-20 15:00:00+00:00,0.0345174
2021-08-20 16:00:00+00:00,0.0082934
2021-08-20 17:00:00+00:00,0.0013177500000000001
2021-08-20 18:00:00+00:00,0.0
2021-08-20 19:00:00+00:00,0.0
2021-08-20 20:00:00+00:00,0.0044881
2021-08-20 21:00:00+00:00,0.0
2021-08-20 22:00:00+00:00,0.0
2021-08-20 23:00:00+00:00,0.0
2021-08-21 00:00:00+00:00,0.0
2021-08-21 01:00:00+00:00,0.02677485
2021-08-21 02:00:00+00:00,0.0
2021-08-21 03:00:00+00:00,0.0
2021-08-21 04:00:00+00:00,0.0
2021-08-21 05:00:00+00:00,0.0
2021-08-21 06:00:00+00:00,0.0
2021-08-21 07:00:00+00:00,0.0
2021-08-21 08:00:00+00:00,0.0
2021-08-21 09:00:00+00:00,0.0
2021-08-21 10:00:00+00:00,0.0
2021-08-21 11:00:00+00:00,0.0016434000000000002
2021-08-21 12:00:00+00:00,0.0053911
2021-08-21 13:00:00+00:00,0.0071743499999999995
2021-08-21 14:00:00+00:00,0.0
2021-08-21 15:00:00+00:00,0.0
2021-08-21 16:00:00+00:00,0.0180738
2021-08-21 17:00:00+00:00,0.04164275
2021-08-21 18:00:00+00:00,0.04306295
2021-08-21 19:00:00+00:00,0.0643226
2021-08-21 20:00:00+00:00,0.06944829999999999
2021-08-21 21:00:00+00:00,0.08608615
2021-08-21 22:00:00+00:00,0.068482
2021-08-21 23:00:00+00:00,0.0966342
2021-08-22 00:00:00+00:00,0.06721225
2021-08-22 01:00:00+00:00,0.039579199999999995
2021-08-22 02:00:00+00:00,0.0371782
2021-08-22 03:00:00+00:00,0.027857
2021-08-22 04:00:00+00:00,0.03599255
2021-08-22 05:00:00+00:00,0.037867450000000004
2021-08-22 06:00:00+00:00,0.02302535
2021-08-22 07:00:00+00:00,0.00836875
2021-08-22 08:00:00+00:00,0.00177565
2021-08-22 09:00:00+00:00,0.0
2021-08-22 10:00:00+00:00,0.0
2021-08-22 11:00:00+00:00,0.0
2021-08-22 12:00:00+00:00,0.0
2021-08-22 13:00:00+00:00,0.0015670999999999999
2021-08-22 14:00:00+00:00,0.0026421
2021-08-22 15:00:00+00:00,0.0035589
2021-08-22 16:00:00+00:00,0.0042055
2021-08-22 17:00:00+00:00,0.00281345
2021-08-22 18:00:00+00:00,0.0016651
2021-08-22 19:00:00+00:00,0.009766
2021-08-22 20:00:00+00:00,0.02429595
2021-08-22 21:00:00+00:00,0.0137204
2021-08-22 22:00:00+00:00,0.006913249999999999
2021-08-22 23:00:00+00:00,0.0
2021-08-23 00:00:00+00:00,0.00400115
2021-08-23 01:00:00+00:00,0.0059518
2021-08-23 02:00:00+00:00,0.010477150000000001
2021-08-23 03:00:00+00:00,0.02018535
2021-08-23 04:00:00+00:00,0.0407765
2021-08-23 05:00:00+00:00,0.10071615
2021-08-23 06:00:00+00:00,0.14397245
2021-08-23 07:00:00+00:00,0.18887015
2021-08-23 08:00:00+00:00,0.1409477
2021-08-23 09:00:00+00:00,0.26121525
2021-08-23 10:00:00+00:00,0.2729296
2021-08-23 11:00:00+00:00,0.51457505
2021-08-23 12:00:00+00:00,0.28421125
2021-08-23 13:00:00+00:00,0.0557386
2021-08-23 14:00:00+00:00,0.0224504
2021-08-23 15:00:00+00:00,0.009733799999999999
2021-08-23 16:00:00+00:00,0.0204767
2021-08-23 17:00:00+00:00,0.06656045000000001
2021-08-23 18:00:00+00:00,0.08996205
2021-08-23 19:00:00+00:00,0.10364245000000001
2021-08-23 20:00:00+00:00,0.0899328
2021-08-23 21:00:00+00:00,0.0772904
2021-08-23 22:00:00+00:00,0.06933655
2021-08-23 23:00:00+00:00,0.050538400000000004
2021-08-24 00:00:00+00:00,0.0379202
2021-08-24 01:00:00+00:00,0.055483000000000005
2021-08-24 02:00:00+00:00,0.0781153
2021-08-24 03:00:00+00:00,0.1055722
2021-08-24 04:00:00+00:00,0.0958718
2021-08-24 05:00:00+00:00,0.07524665
2021-08-24 06:00:00+00:00,0.0818605
2021-08-24 07:00:00+00:00,0.0994954
2021-08-24 08:00:00+00:00,0.1093368
2021-08-24 09:00:00+00:00,0.1310983
2021-08-24 10:00:00+00:00,0.1192713
2021-08-24 11:00:00+00:00,0.07322329999999999
2021-08-24 12:00:00+00:00,0.07030685
2021-08-24 13:00:00+00:00,0.0526159
2021-08-24 14:00:00+00:00,0.0427016
2021-08-24 15:00:00+00:00,0.032885899999999996
2021-08-24 16:00:00+00:00,0.01523185
2021-08-24 17:00:00+00:00,0.00078415
2021-08-24 18:00:00+00:00,0.0288387
2021-08-24 19:00:00+00:00,0.07905075
2021-08-24 20:00:00+00:00,0.11453975000000001
2021-08-24 21:00:00+00:00,0.0976032
2021-08-24 22:00:00+00:00,0.0768033
2021-08-24 23:00:00+00:00,0.056008749999999996
2021-08-25 00:00:00+00:00,0.03051205
2021-08-25 01:00:00+00:00,0.01814785
2021-08-25 02:00:00+00:00,0.0062257
2021-08-25 03:00:00+00:00,0.0
2021-08-25 04:00:00+00:00,0.0
2021-08-25 05:00:00+00:00,0.0
2021-08-25 06:00:00+00:00,0.0024397999999999998
2021-08-25 07:00:00+00:00,0.013800550000000002
2021-08-25 08:00:00+00:00,0.029507799999999997
2021-08-25 09:00:00+00:00,0.0295534
2021-08-25 10:00:00+00:00,0.054030600000000005
2021-08-25 11:00:00+00:00,0.07277185
2021-08-25 12:00:00+00:00,0.09946745
2021-08-25 13:00:00+00:00,0.1507386
2021-08-25 14:00:00+00:00,0.2073317
2021-08-25 15:00:00+00:00,0.29628180000000004
2021-08-25 16:00:00+00:00,0.34430865
2021-08-25 17:00:00+00:00,0.4038642
2021-08-25 18:00:00+00:00,0.25924155
2021-08-25 19:00:00+00:00,0.2639278
2021-08-25 20:00:00+00:00,0.3159182
2021-08-25 21:00:00+00:00,0.29243965
2021-08-25 22:00:00+00:00,0.34816585
2021-08-25 23:00:00+00:00,0.19371855000000002
2021-08-26 00:00:00+00:00,0.12036385000000001
2021-08-26 01:00:00+00:00,0.12506045
2021-08-26 02:00:00+00:00,0.107446
2021-08-26 03:00:00+00:00,0.11326869999999999
2021-08-26 04:00:00+00:00,0.11044894999999999
2021-08-26 05:00:00+00:00,0.10932795000000001
2021-08-26 06:00:00+00:00,0.09948475
2021-08-26 07:00:00+00:00,0.07397759999999999
2021-08-26 08:00:00+00:00,0.0915571
2021-08-26 09:00:00+00:00,0.0827138
2021-08-26 10:00:00+00:00,0.13382215
2021-08-26 11:00:00+00:00,0.37142405
2021-08-26 12:00:00+00:00,0.185601
2021-08-26 13:00:00+00:00,0.13359135
2021-08-26 14:00:00+00:00,0.0798261
2021-08-26 15:00:00+00:00,0.043516950000000006
2021-08-26 16:00:00+00:00,0.0766513
2021-08-26 17:00:00+00:00,0.10290745
2021-08-26 18:00:00+00:00,0.10326344999999999
2021-08-26 19:00:00+00:00,0.17391310000000001
2021-08-26 20:00:00+00:00,0.1642487
2021-08-26 21:00:00+00:00,0.1416855
2021-08-26 22:00:00+00:00,0.08966375
2021-08-26 23:00:00+00:00,0.0740605
2021-08-27 00:00:00+00:00,0.059400350000000005
2021-08-27 01:00:00+00:00,0.0454183
2021-08-27 02:00:00+00:00,0.05721905000000001
2021-08-27 03:00:00+00:00,0.10031520000000001
2021-08-27 04:00:00+00:00,0.0751489
2021-08-27 05:00:00+00:00,0.11205295000000001
2021-08-27 06:00:00+00:00,0.0847019
2021-08-27 07:00:00+00:00,0.06381065
2021-08-27 08:00:00+00:00,0.05573535
2021-08-27 09:00:00+00:00,0.0383323
2021-08-27 10:00:00+00:00,0.01301525
2021-08-27 11:00:00+00:00,0.00535925
2021-08-27 12:00:00+00:00,0.0028073
2021-08-27 13:00:00+00:00,0.0134396
2021-08-27 14:00:00+00:00,0.0141382
2021-08-27 15:00:00+00:00,0.0
2021-08-27 16:00:00+00:00,0.0026046
2021-08-27 17:00:00+00:00,0.0095071
2021-08-27 18:00:00+00:00,0.02301595
2021-08-27 19:00:00+00:00,0.02156715
2021-08-27 20:00:00+00:00,0.01909815
2021-08-27 21:00:00+00:00,0.024799449999999997
2021-08-27 22:00:00+00:00,0.0202945
2021-08-27 23:00:00+00:00,0.02656415
2021-08-28 00:00:00+00:00,0.0223298
2021-08-28 01:00:00+00:00,0.03224905
2021-08-28 02:00:00+00:00,0.0259104
2021-08-28 03:00:00+00:00,0.01983615
2021-08-28 04:00:00+00:00,0.0152066
2021-08-28 05:00:00+00:00,0.010443000000000001
2021-08-28 06:00:00+00:00,0.017772200000000002
2021-08-28 07:00:00+00:00,0.04211955
2021-08-28 08:00:00+00:00,0.014275999999999999
2021-08-28 09:00:00+00:00,0.0111728
2021-08-28 10:00:00+00:00,0.0121914
2021-08-28 11:00:00+00:00,0.00746235
2021-08-28 12:00:00+00:00,0.0148648
2021-08-28 13:00:00+00:00,0.00180575
2021-08-28 14:00:00+00:00,0.00813155
2021-08-28 15:00:00+00:00,0.00544755
2021-08-28 16:00:00+00:00,0.007094199999999999
2021-08-28 17:00:00+00:00,0.00061605
2021-08-28 18:00:00+00:00,0.00189745
2021-08-28 19:00:00+00:00,0.01014835
2021-08-28 20:00:00+00:00,0.010819849999999999
2021-08-28 21:00:00+00:00,0.00592485
2021-08-28 22:00:00+00:00,0.0103365
2021-08-28 23:00:00+00:00,0.0022735499999999996
2021-08-29 00:00:00+00:00,0.004249
2021-08-29 01:00:00+00:00,0.00042305
2021-08-29 02:00:00+00:00,0.0
2021-08-29 03:00:00+00:00,0.0
2021-08-29 04:00:00+00:00,0.0
2021-08-29 05:00:00+00:00,0.0
2021-08-29 06:00:00+00:00,0.0
2021-08-29 07:00:00+00:00,0.0
2021-08-29 08:00:00+00:00,0.0
2021-08-29 09:00:00+00:00,0.0
2021-08-29 10:00:00+00:00,0.0051399
2021-08-29 11:00:00+00:00,0.00064745
2021-08-29 12:00:00+00:00,0.0
2021-08-29 13:00:00+00:00,0.0016408999999999998
2021-08-29 14:00:00+00:00,0.01094405
2021-08-29 15:00:00+00:00,0.0062905
2021-08-29 16:00:00+00:00,0.00254865
2021-08-29 17:00:00+00:00,0.0074126999999999995
2021-08-29 18:00:00+00:00,0.0026513
2021-08-29 19:00:00+00:00,0.0
2021-08-29 20:00:00+00:00,0.0
2021-08-29 21:00:00+00:00,0.0
2021-08-29 22:00:00+00:00,0.0051265
2021-08-29 23:00:00+00:00,0.00615625
2021-08-30 00:00:00+00:00,0.01207605
2021-08-30 01:00:00+00:00,0.00052045
2021-08-30 02:00:00+00:00,0.00836635
2021-08-30 03:00:00+00:00,0.03355815
2021-08-30 04:00:00+00:00,0.0249529
2021-08-30 05:00:00+00:00,0.0100244
2021-08-30 06:00:00+00:00,0.0053984
2021-08-30 07:00:00+00:00,0.0
2021-08-30 08:00:00+00:00,0.0
2021-08-30 09:00:00+00:00,0.005104849999999999
2021-08-30 10:00:00+00:00,0.016736400000000002
2021-08-30 11:00:00+00:00,0.02295455
2021-08-30 12:00:00+00:00,0.0201773
2021-08-30 13:00:00+00:00,0.0221263
2021-08-30 14:00:00+00:00,0.0348284
2021-08-30 15:00:00+00:00,0.07321875
2021-08-30 16:00:00+00:00,0.08598725
2021-08-30 17:00:00+00:00,0.17221985
2021-08-30 18:00:00+00:00,0.16732059999999999
2021-08-30 19:00:00+00:00,0.17130499999999999
2021-08-30 20:00:00+00:00,0.19564435000000002
2021-08-30 21:00:00+00:00,0.17411095000000001
2021-08-30 22:00:00+00:00,0.1153996
2021-08-30 23:00:00+00:00,0.18679035
2021-08-31 00:00:00+00:00,0.1320524
2021-08-31 01:00:00+00:00,0.1203536
2021-08-31 02:00:00+00:00,0.10077165
2021-08-31 03:00:00+00:00,0.1251687
2021-08-31 04:00:00+00:00,0.13980165
2021-08-31 05:00:00+00:00,0.09775825
2021-08-31 06:00:00+00:00,0.08019305
2021-08-31 07:00:00+00:00,0.0831234
2021-08-31 08:00:00+00:00,0.0713594
2021-08-31 09:00:00+00:00,0.07993965
2021-08-31 10:00:00+00:00,0.08213039999999999
2021-08-31 11:00:00+00:00,0.10164695
2021-08-31 12:00:00+00:00,0.1319774
2021-08-31 13:00:00+00:00,0.2376151
2021-08-31 14:00:00+00:00,0.1986118
2021-08-31 15:00:00+00:00,0.18590975
2021-08-31 16:00:00+00:00,0.0949484
2021-08-31 17:00:00+00:00,0.09971895
2021-08-31 18:00:00+00:00,0.07813819999999999
2021-08-31 19:00:00+00:00,0.08973525
2021-08-31 20:00:00+00:00,0.0281197
2021-08-31 21:00:00+00:00,0.02272355
2021-08-31 22:00:00+00:00,0.028952
2021-08-31 23:00:00+00:00,0.02272825
2021-09-01 00:00:00+00:00,0.0680591
2021-09-01 01:00:00+00:00,0.10357315
2021-09-01 02:00:00+00:00,0.1173545
2021-09-01 03:00:00+00:00,0.07229814999999999
2021-09-01 04:00:00+00:00,0.12401005
2021-09-01 05:00:00+00:00,0.11153595000000001
2021-09-01 06:00:00+00:00,0.06628099999999999
2021-09-01 07:00:00+00:00,0.0719641
2021-09-01 08:00:00+00:00,0.0543523
2021-09-01 09:00:00+00:00,0.0435789
2021-09-01 10:00:00+00:00,0.0378542
2021-09-01 11:00:00+00:00,0.0429358
2021-09-01 12:00:00+00:00,0.0602466
2021-09-01 13:00:00+00:00,0.053346950000000004
2021-09-01 14:00:00+00:00,0.06016205
2021-09-01 15:00:00+00:00,0.0376961
2021-09-01 16:00:00+00:00,0.0161145
2021-09-01 17:00:00+00:00,0.012922149999999999
2021-09-01 18:00:00+00:00,0.022072249999999998
2021-09-01 19:00:00+00:00,0.0317669
2021-09-01 20:00:00+00:00,0.055535799999999996
2021-09-01 21:00:00+00:00,0.061430849999999995
2021-09-01 22:00:00+00:00,0.0575825
2021-09-01 23:00:00+00:00,0.030797050000000003
2021-09-02 00:00:00+00:00,0.0250836
2021-09-02 01:00:00+00:00,0.020502600000000003
2021-09-02 02:00:00+00:00,0.05120535
2021-09-02 03:00:00+00:00,0.029010950000000004
2021-09-02 04:00:00+00:00,0.03187655
2021-09-02 05:00:00+00:00,0.01738315
2021-09-02 06:00:00+00:00,0.0009439
2021-09-02 07:00:00+00:00,0.0
2021-09-02 08:00:00+00:00,0.0
2021-09-02 09:00:00+00:00,0.0053813
2021-09-02 10:00:00+00:00,0.01038665
2021-09-02 11:00:00+00:00,0.01425255
2021-09-02 12:00:00+00:00,0.019966249999999998
2021-09-02 13:00:00+00:00,0.02390425
2021-09-02 14:00:00+00:00,0.01919395
2021-09-02 15:00:00+00:00,0.017174000000000002
2021-09-02 16:00:00+00:00,0.01128265
2021-09-02 17:00:00+00:00,0.0121072
2021-09-02 18:00:00+00:00,0.0166845
2021-09-02 19:00:00+00:00,0.018642
2021-09-02 20:00:00+00:00,0.0031115500000000003
2021-09-02 21:00:00+00:00,0.0
2021-09-02 22:00:00+00:00,0.0
2021-09-02 23:00:00+00:00,0.0
2021-09-03 00:00:00+00:00,0.0
2021-09-03 01:00:00+00:00,0.0009273999999999999
2021-09-03 02:00:00+00:00,0.00558245
2021-09-03 03:00:00+00:00,0.00630245
2021-09-03 04:00:00+00:00,0.02307285
2021-09-03 05:00:00+00:00,0.05736585
2021-09-03 06:00:00+00:00,0.03416805
2021-09-03 07:00:00+00:00,0.01828315
2021-09-03 08:00:00+00:00,0.04134075
2021-09-03 09:00:00+00:00,0.057084
2021-09-03 10:00:00+00:00,0.08522705
2021-09-03 11:00:00+00:00,0.07740505
2021-09-03 12:00:00+00:00,0.06267435
2021-09-03 13:00:00+00:00,0.04518295
2021-09-03 14:00:00+00:00,0.0353572
2021-09-03 15:00:00+00:00,0.03241115
2021-09-03 16:00:00+00:00,0.0260976
2021-09-03 17:00:00+00:00,0.032072949999999996
2021-09-03 18:00:00+00:00,0.025867200000000003
2021-09-03 19:00:00+00:00,0.0226462
2021-09-03 20:00:00+00:00,0.017953
2021-09-03 21:00:00+00:00,0.0164743
2021-09-03 22:00:00+00:00,0.03413785
2021-09-03 23:00:00+00:00,0.0444219
2021-09-04 00:00:00+00:00,0.023950299999999997
2021-09-04 01:00:00+00:00,0.0322283
2021-09-04 02:00:00+00:00,0.0219359
2021-09-04 03:00:00+00:00,0.014101949999999999
2021-09-04 04:00:00+00:00,0.04785985
2021-09-04 05:00:00+00:00,0.052194550000000006
2021-09-04 06:00:00+00:00,0.016261949999999997
2021-09-04 07:00:00+00:00,0.0457945
2021-09-04 08:00:00+00:00,0.03995945
2021-09-04 09:00:00+00:00,0.03082835
2021-09-04 10:00:00+00:00,0.01645985
2021-09-04 11:00:00+00:00,0.00723905
2021-09-04 12:00:00+00:00,0.00351145
2021-09-04 13:00:00+00:00,0.00538505
2021-09-04 14:00:00+00:00,0.0053762
2021-09-04 15:00:00+00:00,0.0044179
2021-09-04 16:00:00+00:00,0.00994105
2021-09-04 17:00:00+00:00,0.0256852
2021-09-04 18:00:00+00:00,0.029927350000000002
2021-09-04 19:00:00+00:00,0.0220945
2021-09-04 20:00:00+00:00,0.007104000000000001
2021-09-04 21:00:00+00:00,0.0
2021-09-04 22:00:00+00:00,0.0
2021-09-04 23:00:00+00:00,0.0016178999999999998
2021-09-05 00:00:00+00:00,0.0
2021-09-05 01:00:00+00:00,0.0
2021-09-05 02:00:00+00:00,0.0
2021-09-05 03:00:00+00:00,0.0
2021-09-05 04:00:00+00:00,0.0
2021-09-05 05:00:00+00:00,0.0
2021-09-05 06:00:00+00:00,0.0
2021-09-05 07:00:00+00:00,0.0
2021-09-05 08:00:00+00:00,0.0
2021-09-05 09:00:00+00:00,0.0
2021-09-05 10:00:00+00:00,0.0
2021-09-05 11:00:00+00:00,0.0
2021-09-05 12:00:00+00:00,0.0009186999999999999
2021-09-05 13:00:00+00:00,0.0008919
2021-09-05 14:00:00+00:00,0.0
2021-09-05 15:00:00+00:00,0.0028498
2021-09-05 16:00:00+00:00,0.0009160500000000001
2021-09-05 17:00:00+00:00,0.00952385
2021-09-05 18:00:00+00:00,0.0250839
2021-09-05 19:00:00+00:00,0.02402965
2021-09-05 20:00:00+00:00,0.0073711
2021-09-05 21:00:00+00:00,0.0215134
2021-09-05 22:00:00+00:00,0.0139054
2021-09-05 23:00:00+00:00,0.0101371
2021-09-06 00:00:00+00:00,0.01708045
2021-09-06 01:00:00+00:00,0.014869499999999999
2021-09-06 02:00:00+00:00,0.0005966
2021-09-06 03:00:00+00:00,0.0
2021-09-06 04:00:00+00:00,0.0
2021-09-06 05:00:00+00:00,0.0
2021-09-06 06:00:00+00:00,0.00068705
2021-09-06 07:00:00+00:00,0.00295615
2021-09-06 08:00:00+00:00,0.0
2021-09-06 09:00:00+00:00,0.0
2021-09-06 10:00:00+00:00,0.0
2021-09-06 11:00:00+00:00,0.0
2021-09-06 12:00:00+00:00,0.0007752
2021-09-06 13:00:00+00:00,0.00529955
2021-09-06 14:00:00+00:00,0.00965775
2021-09-06 15:00:00+00:00,0.00168475
2021-09-06 16:00:00+00:00,0.0018336
2021-09-06 17:00:00+00:00,0.0005451
2021-09-06 18:00:00+00:00,0.0
2021-09-06 19:00:00+00:00,0.0061185
2021-09-06 20:00:00+00:00,0.04602795
2021-09-06 21:00:00+00:00,0.0494123
2021-09-06 22:00:00+00:00,0.059013699999999995
2021-09-06 23:00:00+00:00,0.0253784
2021-09-07 00:00:00+00:00,0.0117912
2021-09-07 01:00:00+00:00,0.0056146500000000005
2021-09-07 02:00:00+00:00,0.0038039000000000002
2021-09-07 03:00:00+00:00,0.0062453000000000005
2021-09-07 04:00:00+00:00,0.025757350000000002
2021-09-07 05:00:00+00:00,0.014268649999999999
2021-09-07 06:00:00+00:00,0.00279715
2021-09-07 07:00:00+00:00,0.0
2021-09-07 08:00:00+00:00,0.00258195
2021-09-07 09:00:00+00:00,0.00438105
2021-09-07 10:00:00+00:00,0.0062664999999999995
2021-09-07 11:00:00+00:00,0.008933
2021-09-07 12:00:00+00:00,0.0035616
2021-09-07 13:00:00+00:00,0.0
2021-09-07 14:00:00+00:00,0.0008623
2021-09-07 15:00:00+00:00,0.0
2021-09-07 16:00:00+00:00,0.00414665
2021-09-07 17:00:00+00:00,0.01596645
2021-09-07 18:00:00+00:00,0.0215944
2021-09-07 19:00:00+00:00,0.015305850000000001
2021-09-07 20:00:00+00:00,0.0005187
2021-09-07 21:00:00+00:00,0.0
2021-09-07 22:00:00+00:00,0.0
2021-09-07 23:00:00+00:00,0.00137155
2021-09-08 00:00:00+00:00,0.00154285
2021-09-08 01:00:00+00:00,0.0028259
2021-09-08 02:00:00+00:00,0.0111521
2021-09-08 03:00:00+00:00,0.0063693
2021-09-08 04:00:00+00:00,0.0
2021-09-08 05:00:00+00:00,0.0
2021-09-08 06:00:00+00:00,0.0
2021-09-08 07:00:00+00:00,0.0008064500000000001
2021-09-08 08:00:00+00:00,0.012027949999999999
2021-09-08 09:00:00+00:00,0.031556150000000005
2021-09-08 10:00:00+00:00,0.0238949
2021-09-08 11:00:00+00:00,0.01783075
2021-09-08 12:00:00+00:00,0.01217085
2021-09-08 13:00:00+00:00,0.01682065
2021-09-08 14:00:00+00:00,0.013919999999999998
2021-09-08 15:00:00+00:00,0.0253976
2021-09-08 16:00:00+00:00,0.02615275
2021-09-08 17:00:00+00:00,0.0788868
2021-09-08 18:00:00+00:00,0.08627945
2021-09-08 19:00:00+00:00,0.09351894999999999
2021-09-08 20:00:00+00:00,0.14862875
2021-09-08 21:00:00+00:00,0.17926720000000002
2021-09-08 22:00:00+00:00,0.20460785
2021-09-08 23:00:00+00:00,0.1185339
2021-09-09 00:00:00+00:00,0.08225615
2021-09-09 01:00:00+00:00,0.0871333
2021-09-09 02:00:00+00:00,0.11550385
2021-09-09 03:00:00+00:00,0.15174915
2021-09-09 04:00:00+00:00,0.14384255
2021-09-09 05:00:00+00:00,0.1438883
2021-09-09 06:00:00+00:00,0.053645450000000004
2021-09-09 07:00:00+00:00,0.0094744
2021-09-09 08:00:00+00:00,0.00087505
2021-09-09 09:00:00+00:00,0.0017640499999999999
2021-09-09 10:00:00+00:00,0.0046114
2021-09-09 11:00:00+00:00,0.014105449999999999
2021-09-09 12:00:00+00:00,0.052968100000000004
2021-09-09 13:00:00+00:00,0.06683145
2021-09-09 14:00:00+00:00,0.0354666
2021-09-09 15:00:00+00:00,0.0353199
2021-09-09 16:00:00+00:00,0.0484774
2021-09-09 17:00:00+00:00,0.052776800000000006
2021-09-09 18:00:00+00:00,0.1311188
2021-09-09 19:00:00+00:00,0.14195245
2021-09-09 20:00:00+00:00,0.10090775
2021-09-09 21:00:00+00:00,0.0587293
2021-09-09 22:00:00+00:00,0.03815995
2021-09-09 23:00:00+00:00,0.028343049999999998
2021-09-10 00:00:00+00:00,0.028312349999999997
2021-09-10 01:00:00+00:00,0.02633765
2021-09-10 02:00:00+00:00,0.01942565
2021-09-10 03:00:00+00:00,0.02727195
2021-09-10 04:00:00+00:00,0.02728055
2021-09-10 05:00:00+00:00,0.02430335
2021-09-10 06:00:00+00:00,0.00961805
2021-09-10 07:00:00+00:00,0.0009465999999999999
2021-09-10 08:00:00+00:00,0.0
2021-09-10 09:00:00+00:00,0.00090165
2021-09-10 10:00:00+00:00,0.011848850000000001
2021-09-10 11:00:00+00:00,0.0419725
2021-09-10 12:00:00+00:00,0.0298028
2021-09-10 13:00:00+00:00,0.03453145
2021-09-10 14:00:00+00:00,0.02661215
2021-09-10 15:00:00+00:00,0.007416849999999999
2021-09-10 16:00:00+00:00,0.00860595
2021-09-10 17:00:00+00:00,0.00655005
2021-09-10 18:00:00+00:00,0.0184766
2021-09-10 19:00:00+00:00,0.03055055
2021-09-10 20:00:00+00:00,0.021692
2021-09-10 21:00:00+00:00,0.0437469
2021-09-10 22:00:00+00:00,0.038298149999999996
2021-09-10 23:00:00+00:00,0.0161781
2021-09-11 00:00:00+00:00,0.061477300000000006
2021-09-11 01:00:00+00:00,0.0724002
2021-09-11 02:00:00+00:00,0.08763035
2021-09-11 03:00:00+00:00,0.053252
2021-09-11 04:00:00+00:00,0.028877100000000003
2021-09-11 05:00:00+00:00,0.04962795
2021-09-11 06:00:00+00:00,0.0154545
2021-09-11 07:00:00+00:00,0.0027999500000000003
2021-09-11 08:00:00+00:00,0.0016854500000000002
2021-09-11 09:00:00+00:00,0.01594595
2021-09-11 10:00:00+00:00,0.013701300000000001
2021-09-11 11:00:00+00:00,0.0218785
2021-09-11 12:00:00+00:00,0.01686145
2021-09-11 13:00:00+00:00,0.0702439
2021-09-11 14:00:00+00:00,0.0
2021-09-11 15:00:00+00:00,0.0
2021-09-11 16:00:00+00:00,0.00393915
2021-09-11 17:00:00+00:00,0.0
2021-09-11 18:00:00+00:00,0.0123991
2021-09-11 19:00:00+00:00,0.0274816
2021-09-11 20:00:00+00:00,0.0428628
2021-09-11 21:00:00+00:00,0.07871605
2021-09-11 22:00:00+00:00,0.07069679999999999
2021-09-11 23:00:00+00:00,0.04034815
2021-09-12 00:00:00+00:00,0.0334193
2021-09-12 01:00:00+00:00,0.0234422
2021-09-12 02:00:00+00:00,0.05614745
2021-09-12 03:00:00+00:00,0.1570184
2021-09-12 04:00:00+00:00,0.0553853
2021-09-12 05:00:00+00:00,0.035601
2021-09-12 06:00:00+00:00,0.05520625
2021-09-12 07:00:00+00:00,0.0209061
2021-09-12 08:00:00+00:00,0.01982775
2021-09-12 09:00:00+00:00,0.01999005
2021-09-12 10:00:00+00:00,0.017793899999999998
2021-09-12 11:00:00+00:00,0.00638555
2021-09-12 12:00:00+00:00,0.013024899999999999
2021-09-12 13:00:00+00:00,0.017755899999999998
2021-09-12 14:00:00+00:00,0.12182899999999999
2021-09-12 15:00:00+00:00,0.010635200000000001
2021-09-12 16:00:00+00:00,0.0
2021-09-12 17:00:00+00:00,0.01238005
2021-09-12 18:00:00+00:00,0.031005849999999998
2021-09-12 19:00:00+00:00,0.035995400000000004
2021-09-12 20:00:00+00:00,0.0671102
2021-09-12 21:00:00+00:00,0.07872894999999999
2021-09-12 22:00:00+00:00,0.049260000000000005
2021-09-12 23:00:00+00:00,0.062233050000000005
2021-09-13 00:00:00+00:00,0.06621875
2021-09-13 01:00:00+00:00,0.060330999999999996
2021-09-13 02:00:00+00:00,0.03168675
2021-09-13 03:00:00+00:00,0.0179399
2021-09-13 04:00:00+00:00,0.016235
2021-09-13 05:00:00+00:00,0.02222085
2021-09-13 06:00:00+00:00,0.021887450000000003
2021-09-13 07:00:00+00:00,0.0155887
2021-09-13 08:00:00+00:00,0.0199071
2021-09-13 09:00:00+00:00,0.0284483
2021-09-13 10:00:00+00:00,0.01713005
2021-09-13 11:00:00+00:00,0.0189743
2021-09-13 12:00:00+00:00,0.01412785
2021-09-13 13:00:00+00:00,0.005489
2021-09-13 14:00:00+00:00,0.007263800000000001
2021-09-13 15:00:00+00:00,0.00735665
2021-09-13 16:00:00+00:00,0.0025488499999999996
2021-09-13 17:00:00+00:00,0.014200049999999999
2021-09-13 18:00:00+00:00,0.024012350000000002
2021-09-13 19:00:00+00:00,0.04357745
2021-09-13 20:00:00+00:00,0.028000749999999998
2021-09-13 21:00:00+00:00,0.01692825
2021-09-13 22:00:00+00:00,0.03205805
2021-09-13 23:00:00+00:00,0.0241716
2021-09-14 00:00:00+00:00,0.01431325
2021-09-14 01:00:00+00:00,0.026051150000000002
2021-09-14 02:00:00+00:00,0.03674735
2021-09-14 03:00:00+00:00,0.0755287
2021-09-14 04:00:00+00:00,0.0551395
2021-09-14 05:00:00+00:00,0.03685645
2021-09-14 06:00:00+00:00,0.0163612
2021-09-14 07:00:00+00:00,0.00619515
2021-09-14 08:00:00+00:00,0.009891
2021-09-14 09:00:00+00:00,0.0195515
2021-09-14 10:00:00+00:00,0.0177828
2021-09-14 11:00:00+00:00,0.01207525
2021-09-14 12:00:00+00:00,0.01112315
2021-09-14 13:00:00+00:00,0.01390195
2021-09-14 14:00:00+00:00,0.023284899999999997
2021-09-14 15:00:00+00:00,0.03244555
2021-09-14 16:00:00+00:00,0.03440745
2021-09-14 17:00:00+00:00,0.05201635
2021-09-14 18:00:00+00:00,0.13488645
2021-09-14 19:00:00+00:00,0.16634175
2021-09-14 20:00:00+00:00,0.18682435
2021-09-14 21:00:00+00:00,0.1622981
2021-09-14 22:00:00+00:00,0.13091995
2021-09-14 23:00:00+00:00,0.10270725
2021-09-15 00:00:00+00:00,0.0967411
2021-09-15 01:00:00+00:00,0.0938213
2021-09-15 02:00:00+00:00,0.0937758
2021-09-15 03:00:00+00:00,0.07032859999999999
2021-09-15 04:00:00+00:00,0.06538095
2021-09-15 05:00:00+00:00,0.08980865
2021-09-15 06:00:00+00:00,0.10358524999999999
2021-09-15 07:00:00+00:00,0.04259955
2021-09-15 08:00:00+00:00,0.0375121
2021-09-15 09:00:00+00:00,0.03289755
2021-09-15 10:00:00+00:00,0.07611875
2021-09-15 11:00:00+00:00,0.15458985
2021-09-15 12:00:00+00:00,0.00967665
2021-09-15 13:00:00+00:00,0.0641726
2021-09-15 14:00:00+00:00,0.08494940000000001
2021-09-15 15:00:00+00:00,0.078321
2021-09-15 16:00:00+00:00,0.07732005
2021-09-15 17:00:00+00:00,0.05960035
2021-09-15 18:00:00+00:00,0.055765300000000004
2021-09-15 19:00:00+00:00,0.0293164
2021-09-15 20:00:00+00:00,0.03214035
2021-09-15 21:00:00+00:00,0.0820793
2021-09-15 22:00:00+00:00,0.08797954999999999
2021-09-15 23:00:00+00:00,0.06339895
2021-09-16 00:00:00+00:00,0.1181123
2021-09-16 01:00:00+00:00,0.10536675
2021-09-16 02:00:00+00:00,0.06426765000000001
2021-09-16 03:00:00+00:00,0.075975
2021-09-16 04:00:00+00:00,0.08184655
2021-09-16 05:00:00+00:00,0.054447749999999996
2021-09-16 06:00:00+00:00,0.05307185
2021-09-16 07:00:00+00:00,0.054205550000000005
2021-09-16 08:00:00+00:00,0.09945265
2021-09-16 09:00:00+00:00,0.0994703
2021-09-16 10:00:00+00:00,0.1328531
2021-09-16 11:00:00+00:00,0.18106785
2021-09-16 12:00:00+00:00,0.1331003
2021-09-16 13:00:00+00:00,0.1258372
2021-09-16 14:00:00+00:00,0.13381845
2021-09-16 15:00:00+00:00,0.0867782
2021-09-16 16:00:00+00:00,0.1022072
2021-09-16 17:00:00+00:00,0.04645365
2021-09-16 18:00:00+00:00,0.0506925
2021-09-16 19:00:00+00:00,0.15444705
2021-09-16 20:00:00+00:00,0.19761130000000002
2021-09-16 21:00:00+00:00,0.2393408
2021-09-16 22:00:00+00:00,0.17114749999999998
2021-09-16 23:00:00+00:00,0.15639455
2021-09-17 00:00:00+00:00,0.22854245
2021-09-17 01:00:00+00:00,0.18369615
2021-09-17 02:00:00+00:00,0.19234104999999999
2021-09-17 03:00:00+00:00,0.1689646
2021-09-17 04:00:00+00:00,0.21623449999999997
2021-09-17 05:00:00+00:00,0.21704949999999998
2021-09-17 06:00:00+00:00,0.17208635
2021-09-17 07:00:00+00:00,0.12892935
2021-09-17 08:00:00+00:00,0.18392975
2021-09-17 09:00:00+00:00,0.11540530000000002
2021-09-17 10:00:00+00:00,0.1662238
2021-09-17 11:00:00+00:00,0.17880905
2021-09-17 12:00:00+00:00,0.20828069999999999
2021-09-17 13:00:00+00:00,0.09086255
2021-09-17 14:00:00+00:00,0.11352965
2021-09-17 15:00:00+00:00,0.053538499999999996
2021-09-17 16:00:00+00:00,0.04571395
2021-09-17 17:00:00+00:00,0.0270255
2021-09-17 18:00:00+00:00,0.03187815
2021-09-17 19:00:00+00:00,0.05444865
2021-09-17 20:00:00+00:00,0.05051565
2021-09-17 21:00:00+00:00,0.045654450000000006
2021-09-17 22:00:00+00:00,0.04740205
2021-09-17 23:00:00+00:00,0.0278945
2021-09-18 00:00:00+00:00,0.028957
2021-09-18 01:00:00+00:00,0.04169995
2021-09-18 02:00:00+00:00,0.03094305
2021-09-18 03:00:00+00:00,0.06213869999999999
2021-09-18 04:00:00+00:00,0.074929
2021-09-18 05:00:00+00:00,0.0554106
2021-09-18 06:00:00+00:00,0.0474401
2021-09-18 07:00:00+00:00,0.04559505
2021-09-18 08:00:00+00:00,0.0434776
2021-09-18 09:00:00+00:00,0.0250053
2021-09-18 10:00:00+00:00,0.01224245
2021-09-18 11:00:00+00:00,0.0232682
2021-09-18 12:00:00+00:00,0.02307505
2021-09-18 13:00:00+00:00,0.03616445
2021-09-18 14:00:00+00:00,0.0469211
2021-09-18 15:00:00+00:00,0.03809335
2021-09-18 16:00:00+00:00,0.0125541
2021-09-18 17:00:00+00:00,0.0233496
2021-09-18 18:00:00+00:00,0.0406686
2021-09-18 19:00:00+00:00,0.026709300000000002
2021-09-18 20:00:00+00:00,0.039365449999999996
2021-09-18 21:00:00+00:00,0.025926400000000002
2021-09-18 22:00:00+00:00,0.01920855
2021-09-18 23:00:00+00:00,0.0319517
2021-09-19 00:00:00+00:00,0.0337243
2021-09-19 01:00:00+00:00,0.01427185
2021-09-19 02:00:00+00:00,0.012281499999999999
2021-09-19 03:00:00+00:00,0.02178045
2021-09-19 04:00:00+00:00,0.0190432
2021-09-19 05:00:00+00:00,0.01776925
2021-09-19 06:00:00+00:00,0.01112525
2021-09-19 07:00:00+00:00,0.008361450000000001
2021-09-19 08:00:00+00:00,0.0026498
2021-09-19 09:00:00+00:00,0.0130066
2021-09-19 10:00:00+00:00,0.0227112
2021-09-19 11:00:00+00:00,0.01195165
2021-09-19 12:00:00+00:00,0.0070389499999999995
2021-09-19 13:00:00+00:00,0.006355400000000001
2021-09-19 14:00:00+00:00,0.005321800000000001
2021-09-19 15:00:00+00:00,0.0043409500000000005
2021-09-19 16:00:00+00:00,0.0
2021-09-19 17:00:00+00:00,0.0094964
2021-09-19 18:00:00+00:00,0.0326128
2021-09-19 19:00:00+00:00,0.01831455
2021-09-19 20:00:00+00:00,0.019252000000000002
2021-09-19 21:00:00+00:00,0.02203135
2021-09-19 22:00:00+00:00,0.02202635
2021-09-19 23:00:00+00:00,0.027834249999999998
2021-09-20 00:00:00+00:00,0.02594965
2021-09-20 01:00:00+00:00,0.0230014
2021-09-20 02:00:00+00:00,0.0132417
2021-09-20 03:00:00+00:00,0.00944305
2021-09-20 04:00:00+00:00,0.00463695
2021-09-20 05:00:00+00:00,0.004437
2021-09-20 06:00:00+00:00,0.0084416
2021-09-20 07:00:00+00:00,0.00446555
2021-09-20 08:00:00+00:00,0.0007372
2021-09-20 09:00:00+00:00,0.0
2021-09-20 10:00:00+00:00,0.0
2021-09-20 11:00:00+00:00,0.0
2021-09-20 12:00:00+00:00,0.0
2021-09-20 13:00:00+00:00,0.0
2021-09-20 14:00:00+00:00,0.0
2021-09-20 15:00:00+00:00,0.0
2021-09-20 16:00:00+00:00,0.0
2021-09-20 17:00:00+00:00,0.0
2021-09-20 18:00:00+00:00,0.0
2021-09-20 19:00:00+00:00,0.0
2021-09-20 20:00:00+00:00,0.0
2021-09-20 21:00:00+00:00,0.0
2021-09-20 22:00:00+00:00,0.0
2021-09-20 23:00:00+00:00,0.0
2021-09-21 00:00:00+00:00,0.0
2021-09-21 01:00:00+00:00,0.0
2021-09-21 02:00:00+00:00,0.00170785
2021-09-21 03:00:00+00:00,0.00539565
2021-09-21 04:00:00+00:00,0.00792375
2021-09-21 05:00:00+00:00,0.01078155
2021-09-21 06:00:00+00:00,0.00615425
2021-09-21 07:00:00+00:00,0.0016152
2021-09-21 08:00:00+00:00,0.00076685
2021-09-21 09:00:00+00:00,0.0110838
2021-09-21 10:00:00+00:00,0.02667015
2021-09-21 11:00:00+00:00,0.0086893
2021-09-21 12:00:00+00:00,0.0624158
2021-09-21 13:00:00+00:00,0.11465565
2021-09-21 14:00:00+00:00,0.09303035
2021-09-21 15:00:00+00:00,0.10030295
2021-09-21 16:00:00+00:00,0.057991049999999995
2021-09-21 17:00:00+00:00,0.03882095
2021-09-21 18:00:00+00:00,0.12419955
2021-09-21 19:00:00+00:00,0.25457455
2021-09-21 20:00:00+00:00,0.30288035
2021-09-21 21:00:00+00:00,0.2841839
2021-09-21 22:00:00+00:00,0.19088565000000002
2021-09-21 23:00:00+00:00,0.22679565
2021-09-22 00:00:00+00:00,0.1535255
2021-09-22 01:00:00+00:00,0.10696615
2021-09-22 02:00:00+00:00,0.09303575
2021-09-22 03:00:00+00:00,0.07274610000000001
2021-09-22 04:00:00+00:00,0.06240435
2021-09-22 05:00:00+00:00,0.06331225
2021-09-22 06:00:00+00:00,0.0462179
2021-09-22 07:00:00+00:00,0.031142700000000002
2021-09-22 08:00:00+00:00,0.0132764
2021-09-22 09:00:00+00:00,0.0240738
2021-09-22 10:00:00+00:00,0.01142795
2021-09-22 11:00:00+00:00,0.00944175
2021-09-22 12:00:00+00:00,0.0248237
2021-09-22 13:00:00+00:00,0.024848949999999998
2021-09-22 14:00:00+00:00,0.025071299999999998
2021-09-22 15:00:00+00:00,0.01736325
2021-09-22 16:00:00+00:00,0.0221816
2021-09-22 17:00:00+00:00,0.01761985
2021-09-22 18:00:00+00:00,0.00750715
2021-09-22 19:00:00+00:00,0.02854085
2021-09-22 20:00:00+00:00,0.079336
2021-09-22 21:00:00+00:00,0.0724494
2021-09-22 22:00:00+00:00,0.14794960000000001
2021-09-22 23:00:00+00:00,0.14205335
2021-09-23 00:00:00+00:00,0.1704827
2021-09-23 01:00:00+00:00,0.09052045
2021-09-23 02:00:00+00:00,0.11609755000000001
2021-09-23 03:00:00+00:00,0.1141349
2021-09-23 04:00:00+00:00,0.1490254
2021-09-23 05:00:00+00:00,0.07969015
2021-09-23 06:00:00+00:00,0.05412265
2021-09-23 07:00:00+00:00,0.0889184
2021-09-23 08:00:00+00:00,0.07457325
2021-09-23 09:00:00+00:00,0.15133755000000002
2021-09-23 10:00:00+00:00,0.16203535
2021-09-23 11:00:00+00:00,0.2395066
2021-09-23 12:00:00+00:00,0.23291125000000001
2021-09-23 13:00:00+00:00,0.5541698500000001
2021-09-23 14:00:00+00:00,0.5081718
2021-09-23 15:00:00+00:00,0.21170034999999998
2021-09-23 16:00:00+00:00,0.4506098
2021-09-23 17:00:00+00:00,0.9385526
2021-09-23 18:00:00+00:00,0.9056762
2021-09-23 19:00:00+00:00,0.9758626
2021-09-23 20:00:00+00:00,0.80355605
2021-09-23 21:00:00+00:00,0.6491283999999999
2021-09-23 22:00:00+00:00,0.6362668499999999
2021-09-23 23:00:00+00:00,0.529474
2021-09-24 00:00:00+00:00,0.44822155
2021-09-24 01:00:00+00:00,0.29628745
2021-09-24 02:00:00+00:00,0.40158865
2021-09-24 03:00:00+00:00,0.3903656
2021-09-24 04:00:00+00:00,0.34026405
2021-09-24 05:00:00+00:00,0.28039765
2021-09-24 06:00:00+00:00,0.33180909999999997
2021-09-24 07:00:00+00:00,0.20496599999999998
2021-09-24 08:00:00+00:00,0.24139775
2021-09-24 09:00:00+00:00,0.18425924999999999
2021-09-24 10:00:00+00:00,0.23323385
2021-09-24 11:00:00+00:00,0.31798495
2021-09-24 12:00:00+00:00,0.26616745
2021-09-24 13:00:00+00:00,0.1941763
2021-09-24 14:00:00+00:00,0.16810295
2021-09-24 15:00:00+00:00,0.0877419
2021-09-24 16:00:00+00:00,0.0812278
2021-09-24 17:00:00+00:00,0.11233230000000001
2021-09-24 18:00:00+00:00,0.08968525
2021-09-24 19:00:00+00:00,0.0810952
2021-09-24 20:00:00+00:00,0.10146445
2021-09-24 21:00:00+00:00,0.12649545
2021-09-24 22:00:00+00:00,0.1316582
2021-09-24 23:00:00+00:00,0.160521
2021-09-25 00:00:00+00:00,0.1901376
2021-09-25 01:00:00+00:00,0.1863038
2021-09-25 02:00:00+00:00,0.2023174
2021-09-25 03:00:00+00:00,0.14092829999999998
2021-09-25 04:00:00+00:00,0.08273225
2021-09-25 05:00:00+00:00,0.097187
2021-09-25 06:00:00+00:00,0.10402315000000001
2021-09-25 07:00:00+00:00,0.10615999999999999
2021-09-25 08:00:00+00:00,0.06421115
2021-09-25 09:00:00+00:00,0.07787564999999999
2021-09-25 10:00:00+00:00,0.06363780000000001
2021-09-25 11:00:00+00:00,0.042496
2021-09-25 12:00:00+00:00,0.046179950000000004
2021-09-25 13:00:00+00:00,0.0263016
2021-09-25 14:00:00+00:00,0.0117964
2021-09-25 15:00:00+00:00,0.0013962
2021-09-25 16:00:00+00:00,5.8450000000000005e-05
2021-09-25 17:00:00+00:00,0.00158975
2021-09-25 18:00:00+00:00,0.00016115
2021-09-25 19:00:00+00:00,0.0
2021-09-25 20:00:00+00:00,0.0
2021-09-25 21:00:00+00:00,0.0
2021-09-25 22:00:00+00:00,0.000113
2021-09-25 23:00:00+00:00,0.0029907
2021-09-26 00:00:00+00:00,0.01616485
2021-09-26 01:00:00+00:00,0.043386
2021-09-26 02:00:00+00:00,0.07086885
2021-09-26 03:00:00+00:00,0.07570115
2021-09-26 04:00:00+00:00,0.08168755
2021-09-26 05:00:00+00:00,0.07281214999999999
2021-09-26 06:00:00+00:00,0.09237614999999999
2021-09-26 07:00:00+00:00,0.0422643
2021-09-26 08:00:00+00:00,0.015507749999999999
2021-09-26 09:00:00+00:00,0.02281975
2021-09-26 10:00:00+00:00,0.0376345
2021-09-26 11:00:00+00:00,0.061598450000000006
2021-09-26 12:00:00+00:00,0.0757857
2021-09-26 13:00:00+00:00,0.06566885
2021-09-26 14:00:00+00:00,0.05587675
2021-09-26 15:00:00+00:00,0.0371673
2021-09-26 16:00:00+00:00,0.035949
2021-09-26 17:00:00+00:00,0.11248945
2021-09-26 18:00:00+00:00,0.10761875
2021-09-26 19:00:00+00:00,0.0997274
2021-09-26 20:00:00+00:00,0.09255795
2021-09-26 21:00:00+00:00,0.05739690000000001
2021-09-26 22:00:00+00:00,0.06641725
2021-09-26 23:00:00+00:00,0.0660414
2021-09-27 00:00:00+00:00,0.06489965
2021-09-27 01:00:00+00:00,0.07742205
2021-09-27 02:00:00+00:00,0.22664659999999998
2021-09-27 03:00:00+00:00,0.09757185
2021-09-27 04:00:00+00:00,0.00417285
2021-09-27 05:00:00+00:00,0.00068715
2021-09-27 06:00:00+00:00,0.0
2021-09-27 07:00:00+00:00,0.0062479
2021-09-27 08:00:00+00:00,0.00072805
2021-09-27 09:00:00+00:00,0.0122154
2021-09-27 10:00:00+00:00,0.0112006
2021-09-27 11:00:00+00:00,0.0101005
2021-09-27 12:00:00+00:00,0.0142
2021-09-27 13:00:00+00:00,0.0118955
2021-09-27 14:00:00+00:00,0.0018682500000000001
2021-09-27 15:00:00+00:00,0.0033972
2021-09-27 16:00:00+00:00,0.0062415
2021-09-27 17:00:00+00:00,0.0156733
2021-09-27 18:00:00+00:00,0.027581650000000003
2021-09-27 19:00:00+00:00,0.02243425
2021-09-27 20:00:00+00:00,0.014753049999999998
2021-09-27 21:00:00+00:00,0.026436750000000002
2021-09-27 22:00:00+00:00,0.02978295
2021-09-27 23:00:00+00:00,0.1003869
2021-09-28 00:00:00+00:00,0.0656872
2021-09-28 01:00:00+00:00,0.08332105000000001
2021-09-28 02:00:00+00:00,0.0919564
2021-09-28 03:00:00+00:00,0.08106415
2021-09-28 04:00:00+00:00,0.08411545
2021-09-28 05:00:00+00:00,0.11134559999999999
2021-09-28 06:00:00+00:00,0.08015114999999999
2021-09-28 07:00:00+00:00,0.03312255
2021-09-28 08:00:00+00:00,0.03628625
2021-09-28 09:00:00+00:00,0.0080309
2021-09-28 10:00:00+00:00,0.00740315
2021-09-28 11:00:00+00:00,0.00731165
2021-09-28 12:00:00+00:00,0.00413035
2021-09-28 13:00:00+00:00,0.0006992
2021-09-28 14:00:00+00:00,0.0
2021-09-28 15:00:00+00:00,0.0
2021-09-28 16:00:00+00:00,0.0
2021-09-28 17:00:00+00:00,0.007276049999999999
2021-09-28 18:00:00+00:00,0.0184857
2021-09-28 19:00:00+00:00,0.0096357
2021-09-28 20:00:00+00:00,0.01964195
2021-09-28 21:00:00+00:00,0.01114235
2021-09-28 22:00:00+00:00,0.00023065000000000002
2021-09-28 23:00:00+00:00,1.1e-05
2021-09-29 00:00:00+00:00,0.0027276
2021-09-29 01:00:00+00:00,0.00811335
2021-09-29 02:00:00+00:00,0.01995245
2021-09-29 03:00:00+00:00,0.0559116
2021-09-29 04:00:00+00:00,0.0637708
2021-09-29 05:00:00+00:00,0.0815304
2021-09-29 06:00:00+00:00,0.0329754
2021-09-29 07:00:00+00:00,0.013703950000000001
2021-09-29 08:00:00+00:00,0.0129039
2021-09-29 09:00:00+00:00,0.0299988
2021-09-29 10:00:00+00:00,0.040776400000000004
2021-09-29 11:00:00+00:00,0.0345779
2021-09-29 12:00:00+00:00,0.03224265
2021-09-29 13:00:00+00:00,0.04729745
2021-09-29 14:00:00+00:00,0.0682942
2021-09-29 15:00:00+00:00,0.0327444
2021-09-29 16:00:00+00:00,0.07833055
2021-09-29 17:00:00+00:00,0.30162655
2021-09-29 18:00:00+00:00,0.2256587
2021-09-29 19:00:00+00:00,0.13687695
2021-09-29 20:00:00+00:00,0.14980345
2021-09-29 21:00:00+00:00,0.2799511
2021-09-29 22:00:00+00:00,0.48091035000000004
2021-09-29 23:00:00+00:00,0.2638004
2021-09-30 00:00:00+00:00,0.25545255
2021-09-30 01:00:00+00:00,0.1601532
2021-09-30 02:00:00+00:00,0.21870695
2021-09-30 03:00:00+00:00,0.2086569
2021-09-30 04:00:00+00:00,0.21691359999999998
2021-09-30 05:00:00+00:00,0.23807415
2021-09-30 06:00:00+00:00,0.22321480000000002
2021-09-30 07:00:00+00:00,0.16818205
2021-09-30 08:00:00+00:00,0.18926325
2021-09-30 09:00:00+00:00,0.24073640000000002
2021-09-30 10:00:00+00:00,0.24421464999999998
2021-09-30 11:00:00+00:00,0.1635433
2021-09-30 12:00:00+00:00,0.1049243
2021-09-30 13:00:00+00:00,0.079075
2021-09-30 14:00:00+00:00,0.0736308
2021-09-30 15:00:00+00:00,0.0547803
2021-09-30 16:00:00+00:00,0.0408133
2021-09-30 17:00:00+00:00,0.0550919
2021-09-30 18:00:00+00:00,0.07834855
2021-09-30 19:00:00+00:00,0.07427235
2021-09-30 20:00:00+00:00,0.08171005
2021-09-30 21:00:00+00:00,0.04592405
2021-09-30 22:00:00+00:00,0.0524867
2021-09-30 23:00:00+00:00,0.0439883
2021-10-01 00:00:00+00:00,0.0320409
2021-10-01 01:00:00+00:00,0.031323250000000004
2021-10-01 02:00:00+00:00,0.04273685
2021-10-01 03:00:00+00:00,0.06576230000000001
2021-10-01 04:00:00+00:00,0.0844792
2021-10-01 05:00:00+00:00,0.08676645
2021-10-01 06:00:00+00:00,0.0736703
2021-10-01 07:00:00+00:00,0.06260075000000001
2021-10-01 08:00:00+00:00,0.03590035
2021-10-01 09:00:00+00:00,0.0429646
2021-10-01 10:00:00+00:00,0.0840965
2021-10-01 11:00:00+00:00,0.00887935
2021-10-01 12:00:00+00:00,0.10257550000000001
2021-10-01 13:00:00+00:00,0.1503643
2021-10-01 14:00:00+00:00,0.1602133
2021-10-01 15:00:00+00:00,0.1648193
2021-10-01 16:00:00+00:00,0.1854373
2021-10-01 17:00:00+00:00,0.28560315000000003
2021-10-01 18:00:00+00:00,0.2975683
2021-10-01 19:00:00+00:00,0.28383015
2021-10-01 20:00:00+00:00,0.23241585
2021-10-01 21:00:00+00:00,0.1322045
2021-10-01 22:00:00+00:00,0.09890750000000001
2021-10-01 23:00:00+00:00,0.1076164
2021-10-02 00:00:00+00:00,0.07289095
2021-10-02 01:00:00+00:00,0.0453227
2021-10-02 02:00:00+00:00,0.0377753
2021-10-02 03:00:00+00:00,0.043488
2021-10-02 04:00:00+00:00,0.0492818
2021-10-02 05:00:00+00:00,0.05134505
2021-10-02 06:00:00+00:00,0.06159475
2021-10-02 07:00:00+00:00,0.03756495
2021-10-02 08:00:00+00:00,0.0382916
2021-10-02 09:00:00+00:00,0.057174649999999994
2021-10-02 10:00:00+00:00,0.06222735
2021-10-02 11:00:00+00:00,0.1016919
2021-10-02 12:00:00+00:00,0.11410415
2021-10-02 13:00:00+00:00,0.03409725
2021-10-02 14:00:00+00:00,0.0293838
2021-10-02 15:00:00+00:00,0.0372682
2021-10-02 16:00:00+00:00,0.10094990000000001
2021-10-02 17:00:00+00:00,0.1566052
2021-10-02 18:00:00+00:00,0.13072715000000001
2021-10-02 19:00:00+00:00,0.40682505
2021-10-02 20:00:00+00:00,0.40502665000000004
2021-10-02 21:00:00+00:00,0.3387083
2021-10-02 22:00:00+00:00,0.1079
2021-10-02 23:00:00+00:00,0.2786761
2021-10-03 00:00:00+00:00,0.30105794999999996
2021-10-03 01:00:00+00:00,0.3722929
2021-10-03 02:00:00+00:00,0.3714847
2021-10-03 03:00:00+00:00,0.39150189999999996
2021-10-03 04:00:00+00:00,0.3305308
2021-10-03 05:00:00+00:00,0.2566451
2021-10-03 06:00:00+00:00,0.2820754
2021-10-03 07:00:00+00:00,0.2841382
2021-10-03 08:00:00+00:00,0.24561895
2021-10-03 09:00:00+00:00,0.22685055
2021-10-03 10:00:00+00:00,0.1980174
2021-10-03 11:00:00+00:00,0.12047605000000002
2021-10-03 12:00:00+00:00,0.253418
2021-10-03 13:00:00+00:00,0.1901537
2021-10-03 14:00:00+00:00,0.1590345
2021-10-03 15:00:00+00:00,0.10522255
2021-10-03 16:00:00+00:00,0.0595621
2021-10-03 17:00:00+00:00,0.14004815
2021-10-03 18:00:00+00:00,0.0973048
2021-10-03 19:00:00+00:00,0.088116
2021-10-03 20:00:00+00:00,0.04298105
2021-10-03 21:00:00+00:00,0.1016884
2021-10-03 22:00:00+00:00,0.12346289999999999
2021-10-03 23:00:00+00:00,0.104922
2021-10-04 00:00:00+00:00,0.08360845
2021-10-04 01:00:00+00:00,0.13369955
2021-10-04 02:00:00+00:00,0.059660450000000004
2021-10-04 03:00:00+00:00,0.0742825
2021-10-04 04:00:00+00:00,0.03390965
2021-10-04 05:00:00+00:00,0.016223249999999998
2021-10-04 06:00:00+00:00,0.0151855
2021-10-04 07:00:00+00:00,0.01515035
2021-10-04 08:00:00+00:00,0.00556845
2021-10-04 09:00:00+00:00,0.01020265
2021-10-04 10:00:00+00:00,0.0036683999999999996
2021-10-04 11:00:00+00:00,0.00195215
2021-10-04 12:00:00+00:00,0.00122365
2021-10-04 13:00:00+00:00,0.00063
2021-10-04 14:00:00+00:00,0.00083125
2021-10-04 15:00:00+00:00,0.0077195499999999995
2021-10-04 16:00:00+00:00,0.01099995
2021-10-04 17:00:00+00:00,0.00926785
2021-10-04 18:00:00+00:00,0.0013235
2021-10-04 19:00:00+00:00,0.0
2021-10-04 20:00:00+00:00,0.0
2021-10-04 21:00:00+00:00,0.0
2021-10-04 22:00:00+00:00,0.0
2021-10-04 23:00:00+00:00,0.0022668500000000004
2021-10-05 00:00:00+00:00,0.00960475
2021-10-05 01:00:00+00:00,0.028921350000000002
2021-10-05 02:00:00+00:00,0.0301162
2021-10-05 03:00:00+00:00,0.036937849999999994
2021-10-05 04:00:00+00:00,0.05598895
2021-10-05 05:00:00+00:00,0.05078315
2021-10-05 06:00:00+00:00,0.0504263
2021-10-05 07:00:00+00:00,0.0066952
2021-10-05 08:00:00+00:00,0.0
2021-10-05 09:00:00+00:00,0.001486
2021-10-05 10:00:00+00:00,0.0
2021-10-05 11:00:00+00:00,0.0005126999999999999
2021-10-05 12:00:00+00:00,0.00164485
2021-10-05 13:00:00+00:00,0.04398995
2021-10-05 14:00:00+00:00,0.05360995
2021-10-05 15:00:00+00:00,0.06694305
2021-10-05 16:00:00+00:00,0.031651
2021-10-05 17:00:00+00:00,0.0258738
2021-10-05 18:00:00+00:00,0.03703315
2021-10-05 19:00:00+00:00,0.049048
2021-10-05 20:00:00+00:00,0.057469000000000006
2021-10-05 21:00:00+00:00,0.062196249999999995
2021-10-05 22:00:00+00:00,0.04417455
2021-10-05 23:00:00+00:00,0.051564149999999996
2021-10-06 00:00:00+00:00,0.04691085
2021-10-06 01:00:00+00:00,0.062449300000000006
2021-10-06 02:00:00+00:00,0.10452315000000001
2021-10-06 03:00:00+00:00,0.09437915000000001
2021-10-06 04:00:00+00:00,0.11426434999999999
2021-10-06 05:00:00+00:00,0.0938179
2021-10-06 06:00:00+00:00,0.08020405
2021-10-06 07:00:00+00:00,0.05646810000000001
2021-10-06 08:00:00+00:00,0.04483605
2021-10-06 09:00:00+00:00,0.053687649999999996
2021-10-06 10:00:00+00:00,0.04292095
2021-10-06 11:00:00+00:00,0.0496743
2021-10-06 12:00:00+00:00,0.0480214
2021-10-06 13:00:00+00:00,0.025952350000000003
2021-10-06 14:00:00+00:00,0.02744395
2021-10-06 15:00:00+00:00,0.022309350000000002
2021-10-06 16:00:00+00:00,0.0128804
2021-10-06 17:00:00+00:00,0.0194382
2021-10-06 18:00:00+00:00,0.01624085
2021-10-06 19:00:00+00:00,0.0168697
2021-10-06 20:00:00+00:00,0.0195054
2021-10-06 21:00:00+00:00,0.0193581
2021-10-06 22:00:00+00:00,0.0250635
2021-10-06 23:00:00+00:00,0.01202695
2021-10-07 00:00:00+00:00,0.0156961
2021-10-07 01:00:00+00:00,0.00081
2021-10-07 02:00:00+00:00,0.0
2021-10-07 03:00:00+00:00,0.0
2021-10-07 04:00:00+00:00,0.0
2021-10-07 05:00:00+00:00,0.0
2021-10-07 06:00:00+00:00,0.0
2021-10-07 07:00:00+00:00,0.0
2021-10-07 08:00:00+00:00,0.0
2021-10-07 09:00:00+00:00,0.0
2021-10-07 10:00:00+00:00,0.0
2021-10-07 11:00:00+00:00,0.0
2021-10-07 12:00:00+00:00,0.0
2021-10-07 13:00:00+00:00,0.0
2021-10-07 14:00:00+00:00,0.0
2021-10-07 15:00:00+00:00,1.94e-05
2021-10-07 16:00:00+00:00,0.00176145
2021-10-07 17:00:00+00:00,0.00081
2021-10-07 18:00:00+00:00,0.0088763
2021-10-07 19:00:00+00:00,0.02507795
2021-10-07 20:00:00+00:00,0.04494485
2021-10-07 21:00:00+00:00,0.043640899999999996
2021-10-07 22:00:00+00:00,0.0342508
2021-10-07 23:00:00+00:00,0.0251059
2021-10-08 00:00:00+00:00,0.025737200000000002
2021-10-08 01:00:00+00:00,0.0247884
2021-10-08 02:00:00+00:00,0.018459700000000002
2021-10-08 03:00:00+00:00,0.02941925
2021-10-08 04:00:00+00:00,0.07376369999999999
2021-10-08 05:00:00+00:00,0.0559976
2021-10-08 06:00:00+00:00,0.0245561
2021-10-08 07:00:00+00:00,0.011375749999999999
2021-10-08 08:00:00+00:00,0.00897025
2021-10-08 09:00:00+00:00,0.024097749999999998
2021-10-08 10:00:00+00:00,0.02766795
2021-10-08 11:00:00+00:00,0.0346064
2021-10-08 12:00:00+00:00,0.02340555
2021-10-08 13:00:00+00:00,0.0178681
2021-10-08 14:00:00+00:00,0.0313534
2021-10-08 15:00:00+00:00,0.050174
2021-10-08 16:00:00+00:00,0.0653317
2021-10-08 17:00:00+00:00,0.1024625
2021-10-08 18:00:00+00:00,0.0964485
2021-10-08 19:00:00+00:00,0.1459203
2021-10-08 20:00:00+00:00,0.12713025
2021-10-08 21:00:00+00:00,0.09784445
2021-10-08 22:00:00+00:00,0.07149125
2021-10-08 23:00:00+00:00,0.11140364999999999
2021-10-09 00:00:00+00:00,0.15463364999999998
2021-10-09 01:00:00+00:00,0.12122725000000001
2021-10-09 02:00:00+00:00,0.12227539999999999
2021-10-09 03:00:00+00:00,0.1461247
2021-10-09 04:00:00+00:00,0.0982281
2021-10-09 05:00:00+00:00,0.09316925
2021-10-09 06:00:00+00:00,0.13619965
2021-10-09 07:00:00+00:00,0.12678455
2021-10-09 08:00:00+00:00,0.12095875
2021-10-09 09:00:00+00:00,0.20309255
2021-10-09 10:00:00+00:00,0.2070934
2021-10-09 11:00:00+00:00,0.18783095
2021-10-09 12:00:00+00:00,0.21576645
2021-10-09 13:00:00+00:00,0.10146224999999999
2021-10-09 14:00:00+00:00,0.1010746
2021-10-09 15:00:00+00:00,0.10357475
2021-10-09 16:00:00+00:00,0.0641944
2021-10-09 17:00:00+00:00,0.21249830000000003
2021-10-09 18:00:00+00:00,0.23844864999999998
2021-10-09 19:00:00+00:00,0.16209300000000001
2021-10-09 20:00:00+00:00,0.13289605
2021-10-09 21:00:00+00:00,0.1490521
2021-10-09 22:00:00+00:00,0.19696955
2021-10-09 23:00:00+00:00,0.21870255000000002
2021-10-10 00:00:00+00:00,0.24987015
2021-10-10 01:00:00+00:00,0.22711595
2021-10-10 02:00:00+00:00,0.17460820000000002
2021-10-10 03:00:00+00:00,0.08591889999999999
2021-10-10 04:00:00+00:00,0.0354254
2021-10-10 05:00:00+00:00,0.028187
2021-10-10 06:00:00+00:00,0.0374156
2021-10-10 07:00:00+00:00,0.02259685
2021-10-10 08:00:00+00:00,0.0004471
2021-10-10 09:00:00+00:00,0.0
2021-10-10 10:00:00+00:00,0.0188557
2021-10-10 11:00:00+00:00,0.04161445
2021-10-10 12:00:00+00:00,0.0227976
2021-10-10 13:00:00+00:00,0.00949615
2021-10-10 14:00:00+00:00,0.00062265
2021-10-10 15:00:00+00:00,0.00231015
2021-10-10 16:00:00+00:00,0.0150705
2021-10-10 17:00:00+00:00,0.02140015
2021-10-10 18:00:00+00:00,0.009076850000000001
2021-10-10 19:00:00+00:00,0.01040805
2021-10-10 20:00:00+00:00,0.01561805
2021-10-10 21:00:00+00:00,0.03346345
2021-10-10 22:00:00+00:00,0.04582485
2021-10-10 23:00:00+00:00,0.05971035
2021-10-11 00:00:00+00:00,0.07057155
2021-10-11 01:00:00+00:00,0.08727225
2021-10-11 02:00:00+00:00,0.07322525
2021-10-11 03:00:00+00:00,0.1021093
2021-10-11 04:00:00+00:00,0.16160445
2021-10-11 05:00:00+00:00,0.1134068
2021-10-11 06:00:00+00:00,0.0860089
2021-10-11 07:00:00+00:00,0.12056655000000001
2021-10-11 08:00:00+00:00,0.05501015
2021-10-11 09:00:00+00:00,0.04918095
2021-10-11 10:00:00+00:00,0.013869300000000001
2021-10-11 11:00:00+00:00,0.014027449999999999
2021-10-11 12:00:00+00:00,0.0638421
2021-10-11 13:00:00+00:00,0.10901765000000001
2021-10-11 14:00:00+00:00,0.06916815
2021-10-11 15:00:00+00:00,0.035103699999999995
2021-10-11 16:00:00+00:00,0.06706155
2021-10-11 17:00:00+00:00,0.1167801
2021-10-11 18:00:00+00:00,0.1119587
2021-10-11 19:00:00+00:00,0.2634851
2021-10-11 20:00:00+00:00,0.2407345
2021-10-11 21:00:00+00:00,0.20392470000000001
2021-10-11 22:00:00+00:00,0.1698424
2021-10-11 23:00:00+00:00,0.19990845
2021-10-12 00:00:00+00:00,0.2721429
2021-10-12 01:00:00+00:00,0.3083663
2021-10-12 02:00:00+00:00,0.2219875
2021-10-12 03:00:00+00:00,0.23831149999999998
2021-10-12 04:00:00+00:00,0.1571918
2021-10-12 05:00:00+00:00,0.144831
2021-10-12 06:00:00+00:00,0.17294825
2021-10-12 07:00:00+00:00,0.12621235
2021-10-12 08:00:00+00:00,0.13101765
2021-10-12 09:00:00+00:00,0.13572774999999998
2021-10-12 10:00:00+00:00,0.15813595
2021-10-12 11:00:00+00:00,0.14583775000000002
2021-10-12 12:00:00+00:00,0.17694155
2021-10-12 13:00:00+00:00,0.1826843
2021-10-12 14:00:00+00:00,0.20090615
2021-10-12 15:00:00+00:00,0.1638888
2021-10-12 16:00:00+00:00,0.1418844
2021-10-12 17:00:00+00:00,0.11045805
2021-10-12 18:00:00+00:00,0.1458802
2021-10-12 19:00:00+00:00,0.1411354
2021-10-12 20:00:00+00:00,0.11526125
2021-10-12 21:00:00+00:00,0.10093055000000001
2021-10-12 22:00:00+00:00,0.11184845
2021-10-12 23:00:00+00:00,0.1224135
2021-10-13 00:00:00+00:00,0.12525350000000002
2021-10-13 01:00:00+00:00,0.1321706
2021-10-13 02:00:00+00:00,0.14736175
2021-10-13 03:00:00+00:00,0.1705372
2021-10-13 04:00:00+00:00,0.1797301
2021-10-13 05:00:00+00:00,0.15106485
2021-10-13 06:00:00+00:00,0.1379121
2021-10-13 07:00:00+00:00,0.06303505
2021-10-13 08:00:00+00:00,0.05138275
2021-10-13 09:00:00+00:00,0.07593205
2021-10-13 10:00:00+00:00,0.0647271
2021-10-13 11:00:00+00:00,0.05649969999999999
2021-10-13 12:00:00+00:00,0.07195915
2021-10-13 13:00:00+00:00,0.06827609999999999
2021-10-13 14:00:00+00:00,0.054846799999999994
2021-10-13 15:00:00+00:00,0.033584699999999995
2021-10-13 16:00:00+00:00,0.01013205
2021-10-13 17:00:00+00:00,0.01187195
2021-10-13 18:00:00+00:00,0.035287650000000004
2021-10-13 19:00:00+00:00,0.0669898
2021-10-13 20:00:00+00:00,0.1056357
2021-10-13 21:00:00+00:00,0.0978625
2021-10-13 22:00:00+00:00,0.0871895
2021-10-13 23:00:00+00:00,0.05952915
2021-10-14 00:00:00+00:00,0.046116750000000005
2021-10-14 01:00:00+00:00,0.050260849999999996
2021-10-14 02:00:00+00:00,0.052004949999999994
2021-10-14 03:00:00+00:00,0.0511036
2021-10-14 04:00:00+00:00,0.0668068
2021-10-14 05:00:00+00:00,0.08882804999999999
2021-10-14 06:00:00+00:00,0.06929339999999999
2021-10-14 07:00:00+00:00,0.0773826
2021-10-14 08:00:00+00:00,0.0412034
2021-10-14 09:00:00+00:00,0.05738325
2021-10-14 10:00:00+00:00,0.15858989999999998
2021-10-14 11:00:00+00:00,0.23924205
2021-10-14 12:00:00+00:00,0.16991815
2021-10-14 13:00:00+00:00,0.1153819
2021-10-14 14:00:00+00:00,0.15792095
2021-10-14 15:00:00+00:00,0.1391255
2021-10-14 16:00:00+00:00,0.169192
2021-10-14 17:00:00+00:00,0.10894114999999999
2021-10-14 18:00:00+00:00,0.12441990000000001
2021-10-14 19:00:00+00:00,0.1272649
2021-10-14 20:00:00+00:00,0.09372325
2021-10-14 21:00:00+00:00,0.08832340000000001
2021-10-14 22:00:00+00:00,0.09915689999999999
2021-10-14 23:00:00+00:00,0.1241417
2021-10-15 00:00:00+00:00,0.14780295000000002
2021-10-15 01:00:00+00:00,0.113272
2021-10-15 02:00:00+00:00,0.1524963
2021-10-15 03:00:00+00:00,0.23117064999999998
2021-10-15 04:00:00+00:00,0.1919256
2021-10-15 05:00:00+00:00,0.2230491
2021-10-15 06:00:00+00:00,0.32642635
2021-10-15 07:00:00+00:00,0.3516205
2021-10-15 08:00:00+00:00,0.5301192
2021-10-15 09:00:00+00:00,0.45574560000000003
2021-10-15 10:00:00+00:00,0.4159905
2021-10-15 11:00:00+00:00,0.4245597
2021-10-15 12:00:00+00:00,0.28591350000000004
2021-10-15 13:00:00+00:00,0.10556099999999999
2021-10-15 14:00:00+00:00,0.16454929999999998
2021-10-15 15:00:00+00:00,0.12010635
2021-10-15 16:00:00+00:00,0.1964344
2021-10-15 17:00:00+00:00,0.3132268
2021-10-15 18:00:00+00:00,0.33897089999999996
2021-10-15 19:00:00+00:00,0.26459325
2021-10-15 20:00:00+00:00,0.20592824999999998
2021-10-15 21:00:00+00:00,0.17060175
2021-10-15 22:00:00+00:00,0.13325820000000002
2021-10-15 23:00:00+00:00,0.12576435
2021-10-16 00:00:00+00:00,0.1050741
2021-10-16 01:00:00+00:00,0.1309315
2021-10-16 02:00:00+00:00,0.0737915
2021-10-16 03:00:00+00:00,0.0495715
2021-10-16 04:00:00+00:00,0.03809975
2021-10-16 05:00:00+00:00,0.0470504
2021-10-16 06:00:00+00:00,0.028375749999999998
2021-10-16 07:00:00+00:00,0.018806200000000002
2021-10-16 08:00:00+00:00,0.0091152
2021-10-16 09:00:00+00:00,0.00608935
2021-10-16 10:00:00+00:00,0.0195071
2021-10-16 11:00:00+00:00,0.01014435
2021-10-16 12:00:00+00:00,0.01534725
2021-10-16 13:00:00+00:00,0.016324
2021-10-16 14:00:00+00:00,0.023585400000000003
2021-10-16 15:00:00+00:00,0.00017250000000000002
2021-10-16 16:00:00+00:00,0.0
2021-10-16 17:00:00+00:00,0.0
2021-10-16 18:00:00+00:00,3.3350000000000004e-05
2021-10-16 19:00:00+00:00,0.00298735
2021-10-16 20:00:00+00:00,0.014654499999999999
2021-10-16 21:00:00+00:00,0.009848850000000001
2021-10-16 22:00:00+00:00,0.013670449999999999
2021-10-16 23:00:00+00:00,0.038181799999999995
2021-10-17 00:00:00+00:00,0.03942195
2021-10-17 01:00:00+00:00,0.0395614
2021-10-17 02:00:00+00:00,0.0133005
2021-10-17 03:00:00+00:00,0.01360825
2021-10-17 04:00:00+00:00,0.03295885
2021-10-17 05:00:00+00:00,0.0881593
2021-10-17 06:00:00+00:00,0.04408605
2021-10-17 07:00:00+00:00,0.0313567
2021-10-17 08:00:00+00:00,0.02392535
2021-10-17 09:00:00+00:00,0.013398150000000001
2021-10-17 10:00:00+00:00,0.06269175
2021-10-17 11:00:00+00:00,0.0626445
2021-10-17 12:00:00+00:00,0.05191735
2021-10-17 13:00:00+00:00,0.03858635
2021-10-17 14:00:00+00:00,0.032776299999999994
2021-10-17 15:00:00+00:00,0.0475916
2021-10-17 16:00:00+00:00,0.05570525
2021-10-17 17:00:00+00:00,0.04394955
2021-10-17 18:00:00+00:00,0.0790418
2021-10-17 19:00:00+00:00,0.1258508
2021-10-17 20:00:00+00:00,0.08880905
2021-10-17 21:00:00+00:00,0.0711434
2021-10-17 22:00:00+00:00,0.0343938
2021-10-17 23:00:00+00:00,0.0335337
2021-10-18 00:00:00+00:00,0.049005349999999996
2021-10-18 01:00:00+00:00,0.05737025
2021-10-18 02:00:00+00:00,0.046778
2021-10-18 03:00:00+00:00,0.03211715
2021-10-18 04:00:00+00:00,0.03531365
2021-10-18 05:00:00+00:00,0.0455637
2021-10-18 06:00:00+00:00,0.060365049999999996
2021-10-18 07:00:00+00:00,0.0283632
2021-10-18 08:00:00+00:00,0.017200999999999998
2021-10-18 09:00:00+00:00,0.02539795
2021-10-18 10:00:00+00:00,0.026249400000000003
2021-10-18 11:00:00+00:00,0.033183300000000006
2021-10-18 12:00:00+00:00,0.024098150000000002
2021-10-18 13:00:00+00:00,0.015867199999999998
2021-10-18 14:00:00+00:00,0.015075299999999998
2021-10-18 15:00:00+00:00,0.02786575
2021-10-18 16:00:00+00:00,0.03532105
2021-10-18 17:00:00+00:00,0.04303435
2021-10-18 18:00:00+00:00,0.04523145
2021-10-18 19:00:00+00:00,0.07193685000000001
2021-10-18 20:00:00+00:00,0.07686805000000001
2021-10-18 21:00:00+00:00,0.05873635000000001
2021-10-18 22:00:00+00:00,0.056417600000000005
2021-10-18 23:00:00+00:00,0.0794232
2021-10-19 00:00:00+00:00,0.052091
2021-10-19 01:00:00+00:00,0.0661187
2021-10-19 02:00:00+00:00,0.1434833
2021-10-19 03:00:00+00:00,0.12991945000000002
2021-10-19 04:00:00+00:00,0.11768350000000001
2021-10-19 05:00:00+00:00,0.08975035
2021-10-19 06:00:00+00:00,0.09972105
2021-10-19 07:00:00+00:00,0.0657198
2021-10-19 08:00:00+00:00,0.0692349
2021-10-19 09:00:00+00:00,0.07756055
2021-10-19 10:00:00+00:00,0.10346324999999999
2021-10-19 11:00:00+00:00,0.12238520000000001
2021-10-19 12:00:00+00:00,0.13502325
2021-10-19 13:00:00+00:00,0.10126895
2021-10-19 14:00:00+00:00,0.21445005
2021-10-19 15:00:00+00:00,0.1663808
2021-10-19 16:00:00+00:00,0.21640279999999998
2021-10-19 17:00:00+00:00,0.1840755
2021-10-19 18:00:00+00:00,0.16807339999999998
2021-10-19 19:00:00+00:00,0.21424795
2021-10-19 20:00:00+00:00,0.19397045000000002
2021-10-19 21:00:00+00:00,0.17924535
2021-10-19 22:00:00+00:00,0.23392205
2021-10-19 23:00:00+00:00,0.21093255
2021-10-20 00:00:00+00:00,0.22114340000000002
2021-10-20 01:00:00+00:00,0.22707555000000001
2021-10-20 02:00:00+00:00,0.25205035
2021-10-20 03:00:00+00:00,0.2134945
2021-10-20 04:00:00+00:00,0.16949305
2021-10-20 05:00:00+00:00,0.15906800000000001
2021-10-20 06:00:00+00:00,0.27463045
2021-10-20 07:00:00+00:00,0.23927955
2021-10-20 08:00:00+00:00,0.2981808
2021-10-20 09:00:00+00:00,0.2411536
2021-10-20 10:00:00+00:00,0.30417595000000003
2021-10-20 11:00:00+00:00,0.291704
2021-10-20 12:00:00+00:00,0.303185
2021-10-20 13:00:00+00:00,0.27330495
2021-10-20 14:00:00+00:00,0.69368555
2021-10-20 15:00:00+00:00,0.74108795
2021-10-20 16:00:00+00:00,0.7010816
2021-10-20 17:00:00+00:00,0.43921855
2021-10-20 18:00:00+00:00,0.43122965
2021-10-20 19:00:00+00:00,0.5863796
2021-10-20 20:00:00+00:00,0.5956457500000001
2021-10-20 21:00:00+00:00,0.49092235
2021-10-20 22:00:00+00:00,0.24697185
2021-10-20 23:00:00+00:00,0.10170485
2021-10-21 00:00:00+00:00,0.23916075
2021-10-21 01:00:00+00:00,0.2588565
2021-10-21 02:00:00+00:00,0.2580848
2021-10-21 03:00:00+00:00,0.78290625
2021-10-21 04:00:00+00:00,0.83331335
2021-10-21 05:00:00+00:00,0.9022892
2021-10-21 06:00:00+00:00,0.9842283
2021-10-21 07:00:00+00:00,0.98844825
2021-10-21 08:00:00+00:00,0.9901450500000001
2021-10-21 09:00:00+00:00,0.9892567499999999
2021-10-21 10:00:00+00:00,0.9888487499999999
2021-10-21 11:00:00+00:00,0.9905709999999999
2021-10-21 12:00:00+00:00,0.9674343000000001
2021-10-21 13:00:00+00:00,0.97798995
2021-10-21 14:00:00+00:00,0.90606765
2021-10-21 15:00:00+00:00,0.9754497
2021-10-21 16:00:00+00:00,0.9650290000000001
2021-10-21 17:00:00+00:00,0.9086599
2021-10-21 18:00:00+00:00,0.62311425
2021-10-21 19:00:00+00:00,0.510049
2021-10-21 20:00:00+00:00,0.7285307
2021-10-21 21:00:00+00:00,0.56589605
2021-10-21 22:00:00+00:00,0.6265808
2021-10-21 23:00:00+00:00,0.3899294
2021-10-22 00:00:00+00:00,0.4684614
2021-10-22 01:00:00+00:00,0.390642
2021-10-22 02:00:00+00:00,0.39817915
2021-10-22 03:00:00+00:00,0.27272585
2021-10-22 04:00:00+00:00,0.2720161
2021-10-22 05:00:00+00:00,0.2690358
2021-10-22 06:00:00+00:00,0.40893694999999997
2021-10-22 07:00:00+00:00,0.5734993
2021-10-22 08:00:00+00:00,0.74451465
2021-10-22 09:00:00+00:00,0.68968885
2021-10-22 10:00:00+00:00,0.7780464
2021-10-22 11:00:00+00:00,0.6314291
2021-10-22 12:00:00+00:00,0.78019395
2021-10-22 13:00:00+00:00,0.6636514
2021-10-22 14:00:00+00:00,0.68106035
2021-10-22 15:00:00+00:00,0.80434615
2021-10-22 16:00:00+00:00,0.82565985
2021-10-22 17:00:00+00:00,0.6596735499999999
2021-10-22 18:00:00+00:00,0.84737305
2021-10-22 19:00:00+00:00,0.49288345
2021-10-22 20:00:00+00:00,0.4273113
2021-10-22 21:00:00+00:00,0.3875789
2021-10-22 22:00:00+00:00,0.5172501500000001
2021-10-22 23:00:00+00:00,0.5955766
2021-10-23 00:00:00+00:00,0.73151165
2021-10-23 01:00:00+00:00,0.6447523000000001
2021-10-23 02:00:00+00:00,0.6521446
2021-10-23 03:00:00+00:00,0.47965484999999997
2021-10-23 04:00:00+00:00,0.52509085
2021-10-23 05:00:00+00:00,0.38580295000000003
2021-10-23 06:00:00+00:00,0.44390150000000006
2021-10-23 07:00:00+00:00,0.3887696
2021-10-23 08:00:00+00:00,0.36512095
2021-10-23 09:00:00+00:00,0.37493305
2021-10-23 10:00:00+00:00,0.32224005
2021-10-23 11:00:00+00:00,0.26340205
2021-10-23 12:00:00+00:00,0.17679445000000002
2021-10-23 13:00:00+00:00,0.10992004999999999
2021-10-23 14:00:00+00:00,0.1256804
2021-10-23 15:00:00+00:00,0.0957216
2021-10-23 16:00:00+00:00,0.14903365
2021-10-23 17:00:00+00:00,0.04183535
2021-10-23 18:00:00+00:00,0.10631665
2021-10-23 19:00:00+00:00,0.07503965
2021-10-23 20:00:00+00:00,0.04858465
2021-10-23 21:00:00+00:00,0.014444450000000001
2021-10-23 22:00:00+00:00,0.0042064500000000005
2021-10-23 23:00:00+00:00,0.00521935
2021-10-24 00:00:00+00:00,0.00047154999999999994
2021-10-24 01:00:00+00:00,0.0
2021-10-24 02:00:00+00:00,0.00018925000000000002
2021-10-24 03:00:00+00:00,0.007565850000000001
2021-10-24 04:00:00+00:00,0.00156275
2021-10-24 05:00:00+00:00,0.0125771
2021-10-24 06:00:00+00:00,0.01522955
2021-10-24 07:00:00+00:00,0.030057499999999997
2021-10-24 08:00:00+00:00,0.05146205
2021-10-24 09:00:00+00:00,0.04281
2021-10-24 10:00:00+00:00,0.0399315
2021-10-24 11:00:00+00:00,0.00759615
2021-10-24 12:00:00+00:00,0.0006480500000000001
2021-10-24 13:00:00+00:00,0.10243495
2021-10-24 14:00:00+00:00,0.1042893
2021-10-24 15:00:00+00:00,0.0823697
2021-10-24 16:00:00+00:00,0.2000394
2021-10-24 17:00:00+00:00,0.29392945
2021-10-24 18:00:00+00:00,0.2500947
2021-10-24 19:00:00+00:00,0.26222555000000003
2021-10-24 20:00:00+00:00,0.21064075
2021-10-24 21:00:00+00:00,0.17236955
2021-10-24 22:00:00+00:00,0.23310830000000002
2021-10-24 23:00:00+00:00,0.21048515
2021-10-25 00:00:00+00:00,0.1724863
2021-10-25 01:00:00+00:00,0.12325979999999999
2021-10-25 02:00:00+00:00,0.09935365
2021-10-25 03:00:00+00:00,0.13465675000000002
2021-10-25 04:00:00+00:00,0.1015033
2021-10-25 05:00:00+00:00,0.08110235
2021-10-25 06:00:00+00:00,0.07019985000000001
2021-10-25 07:00:00+00:00,0.04732475
2021-10-25 08:00:00+00:00,0.04547195
2021-10-25 09:00:00+00:00,0.02533225
2021-10-25 10:00:00+00:00,0.015278899999999998
2021-10-25 11:00:00+00:00,0.02021335
2021-10-25 12:00:00+00:00,0.01862625
2021-10-25 13:00:00+00:00,0.008847750000000001
2021-10-25 14:00:00+00:00,0.019209800000000003
2021-10-25 15:00:00+00:00,0.01973145
2021-10-25 16:00:00+00:00,0.0382974
2021-10-25 17:00:00+00:00,0.0365071
2021-10-25 18:00:00+00:00,0.061581949999999996
2021-10-25 19:00:00+00:00,0.03884205
2021-10-25 20:00:00+00:00,0.03369335
2021-10-25 21:00:00+00:00,0.06518075
2021-10-25 22:00:00+00:00,0.0746398
2021-10-25 23:00:00+00:00,0.0771953
2021-10-26 00:00:00+00:00,0.06930965
2021-10-26 01:00:00+00:00,0.0904273
2021-10-26 02:00:00+00:00,0.0955221
2021-10-26 03:00:00+00:00,0.1024172
2021-10-26 04:00:00+00:00,0.11127695000000001
2021-10-26 05:00:00+00:00,0.0475009
2021-10-26 06:00:00+00:00,0.056635500000000005
2021-10-26 07:00:00+00:00,0.0588346
2021-10-26 08:00:00+00:00,0.038423450000000005
2021-10-26 09:00:00+00:00,0.0235844
2021-10-26 10:00:00+00:00,0.027136849999999997
2021-10-26 11:00:00+00:00,0.03270795
2021-10-26 12:00:00+00:00,0.05519825
2021-10-26 13:00:00+00:00,0.08419199999999999
2021-10-26 14:00:00+00:00,0.13621824999999999
2021-10-26 15:00:00+00:00,0.084185
2021-10-26 16:00:00+00:00,0.06898715
2021-10-26 17:00:00+00:00,0.096465
2021-10-26 18:00:00+00:00,0.0995467
2021-10-26 19:00:00+00:00,0.11502005
2021-10-26 20:00:00+00:00,0.12526165
2021-10-26 21:00:00+00:00,0.12905105
2021-10-26 22:00:00+00:00,0.14520740000000001
2021-10-26 23:00:00+00:00,0.14144925
2021-10-27 00:00:00+00:00,0.1114126
2021-10-27 01:00:00+00:00,0.13144885
2021-10-27 02:00:00+00:00,0.107976
2021-10-27 03:00:00+00:00,0.10259069999999999
2021-10-27 04:00:00+00:00,0.18109525
2021-10-27 05:00:00+00:00,0.15564395
2021-10-27 06:00:00+00:00,0.1229098
2021-10-27 07:00:00+00:00,0.0926815
2021-10-27 08:00:00+00:00,0.11913515
2021-10-27 09:00:00+00:00,0.0903565
2021-10-27 10:00:00+00:00,0.06260650000000001
2021-10-27 11:00:00+00:00,0.0449692
2021-10-27 12:00:00+00:00,0.0439806
2021-10-27 13:00:00+00:00,0.04128555
2021-10-27 14:00:00+00:00,0.06807440000000001
2021-10-27 15:00:00+00:00,0.0672042
2021-10-27 16:00:00+00:00,0.0520558
2021-10-27 17:00:00+00:00,0.06335165
2021-10-27 18:00:00+00:00,0.07127235
2021-10-27 19:00:00+00:00,0.04549615
2021-10-27 20:00:00+00:00,0.0340188
2021-10-27 21:00:00+00:00,0.0452885
2021-10-27 22:00:00+00:00,0.04318675
2021-10-27 23:00:00+00:00,0.048713400000000004
2021-10-28 00:00:00+00:00,0.06568260000000001
2021-10-28 01:00:00+00:00,0.0310485
2021-10-28 02:00:00+00:00,0.0211253
2021-10-28 03:00:00+00:00,0.0167091
2021-10-28 04:00:00+00:00,0.0162946
2021-10-28 05:00:00+00:00,0.01180845
2021-10-28 06:00:00+00:00,0.0160634
2021-10-28 07:00:00+00:00,0.01727895
2021-10-28 08:00:00+00:00,0.02258145
2021-10-28 09:00:00+00:00,0.01725325
2021-10-28 10:00:00+00:00,0.0227706
2021-10-28 11:00:00+00:00,0.0178397
2021-10-28 12:00:00+00:00,0.01095595
2021-10-28 13:00:00+00:00,0.03600245
2021-10-28 14:00:00+00:00,0.06012955
2021-10-28 15:00:00+00:00,0.10795775
2021-10-28 16:00:00+00:00,0.2838505
2021-10-28 17:00:00+00:00,0.24603485
2021-10-28 18:00:00+00:00,0.2898752
2021-10-28 19:00:00+00:00,0.19296265
2021-10-28 20:00:00+00:00,0.1431035
2021-10-28 21:00:00+00:00,0.09994335
2021-10-28 22:00:00+00:00,0.10549565
2021-10-28 23:00:00+00:00,0.1009692
2021-10-29 00:00:00+00:00,0.12798455
2021-10-29 01:00:00+00:00,0.11602470000000001
2021-10-29 02:00:00+00:00,0.0928393
2021-10-29 03:00:00+00:00,0.05880335
2021-10-29 04:00:00+00:00,0.0425738
2021-10-29 05:00:00+00:00,0.04349725
2021-10-29 06:00:00+00:00,0.0435115
2021-10-29 07:00:00+00:00,0.038556400000000005
2021-10-29 08:00:00+00:00,0.0208954
2021-10-29 09:00:00+00:00,0.01940695
2021-10-29 10:00:00+00:00,0.005773449999999999
2021-10-29 11:00:00+00:00,0.0165804
2021-10-29 12:00:00+00:00,0.02894395
2021-10-29 13:00:00+00:00,0.022768299999999998
2021-10-29 14:00:00+00:00,0.05177565
2021-10-29 15:00:00+00:00,0.1141388
2021-10-29 16:00:00+00:00,0.1975147
2021-10-29 17:00:00+00:00,0.17629085
2021-10-29 18:00:00+00:00,0.13189875
2021-10-29 19:00:00+00:00,0.17653435
2021-10-29 20:00:00+00:00,0.1401261
2021-10-29 21:00:00+00:00,0.0658662
2021-10-29 22:00:00+00:00,0.06984225
2021-10-29 23:00:00+00:00,0.09154085
2021-10-30 00:00:00+00:00,0.12219305
2021-10-30 01:00:00+00:00,0.1269152
2021-10-30 02:00:00+00:00,0.1285826
2021-10-30 03:00:00+00:00,0.125058
2021-10-30 04:00:00+00:00,0.1495706
2021-10-30 05:00:00+00:00,0.24337314999999998
2021-10-30 06:00:00+00:00,0.24873895000000001
2021-10-30 07:00:00+00:00,0.1958409
2021-10-30 08:00:00+00:00,0.08499775
2021-10-30 09:00:00+00:00,0.06325505000000001
2021-10-30 10:00:00+00:00,0.12462315000000002
2021-10-30 11:00:00+00:00,0.10984875
2021-10-30 12:00:00+00:00,0.1418401
2021-10-30 13:00:00+00:00,0.1828458
2021-10-30 14:00:00+00:00,0.1491399
2021-10-30 15:00:00+00:00,0.19989085
2021-10-30 16:00:00+00:00,0.279752
2021-10-30 17:00:00+00:00,0.17783744999999998
2021-10-30 18:00:00+00:00,0.0996678
2021-10-30 19:00:00+00:00,0.11667260000000002
2021-10-30 20:00:00+00:00,0.16500495
2021-10-30 21:00:00+00:00,0.1313252
2021-10-30 22:00:00+00:00,0.12125799999999999
2021-10-30 23:00:00+00:00,0.12599735
2021-10-31 00:00:00+00:00,0.09579815
2021-10-31 01:00:00+00:00,0.0872263
2021-10-31 02:00:00+00:00,0.08958115
2021-10-31 03:00:00+00:00,0.07209349999999999
2021-10-31 04:00:00+00:00,0.0366257
2021-10-31 05:00:00+00:00,0.0527785
2021-10-31 06:00:00+00:00,0.0629127
2021-10-31 07:00:00+00:00,0.061981150000000006
2021-10-31 08:00:00+00:00,0.03433485
2021-10-31 09:00:00+00:00,0.026337450000000002
2021-10-31 10:00:00+00:00,0.0429388
2021-10-31 11:00:00+00:00,0.028250599999999997
2021-10-31 12:00:00+00:00,0.05205585
2021-10-31 13:00:00+00:00,0.06590884999999999
2021-10-31 14:00:00+00:00,0.24108090000000001
2021-10-31 15:00:00+00:00,0.24188600000000002
2021-10-31 16:00:00+00:00,0.3066163
2021-10-31 17:00:00+00:00,0.33888524999999997
2021-10-31 18:00:00+00:00,0.15702825
2021-10-31 19:00:00+00:00,0.0
2021-10-31 20:00:00+00:00,0.3296063
2021-10-31 21:00:00+00:00,0.20916329999999997
2021-10-31 22:00:00+00:00,0.28325115
2021-10-31 23:00:00+00:00,0.34396925
2021-11-01 00:00:00+00:00,0.3137837
2021-11-01 01:00:00+00:00,0.23048865000000002
2021-11-01 02:00:00+00:00,0.1711874
2021-11-01 03:00:00+00:00,0.10749505
2021-11-01 04:00:00+00:00,0.0945148
2021-11-01 05:00:00+00:00,0.09076295
2021-11-01 06:00:00+00:00,0.07301015
2021-11-01 07:00:00+00:00,0.06204335
2021-11-01 08:00:00+00:00,0.0676386
2021-11-01 09:00:00+00:00,0.052095050000000004
2021-11-01 10:00:00+00:00,0.0722238
2021-11-01 11:00:00+00:00,0.0439753
2021-11-01 12:00:00+00:00,0.03299455
2021-11-01 13:00:00+00:00,0.036689
2021-11-01 14:00:00+00:00,0.05665175
2021-11-01 15:00:00+00:00,0.05954645000000001
2021-11-01 16:00:00+00:00,0.0663039
2021-11-01 17:00:00+00:00,0.04122775
2021-11-01 18:00:00+00:00,0.03142065
2021-11-01 19:00:00+00:00,0.0365134
2021-11-01 20:00:00+00:00,0.0299517
2021-11-01 21:00:00+00:00,0.0275563
2021-11-01 22:00:00+00:00,0.03327095
2021-11-01 23:00:00+00:00,0.0425315
2021-11-02 00:00:00+00:00,0.02332905
2021-11-02 01:00:00+00:00,0.009512999999999999
2021-11-02 02:00:00+00:00,0.0169885
2021-11-02 03:00:00+00:00,0.0009284499999999999
2021-11-02 04:00:00+00:00,0.0011336
2021-11-02 05:00:00+00:00,0.00027215
2021-11-02 06:00:00+00:00,0.00036459999999999997
2021-11-02 07:00:00+00:00,0.00386445
2021-11-02 08:00:00+00:00,0.00829335
2021-11-02 09:00:00+00:00,0.008552200000000001
2021-11-02 10:00:00+00:00,0.017431600000000002
2021-11-02 11:00:00+00:00,0.0047106000000000006
2021-11-02 12:00:00+00:00,0.009762350000000001
2021-11-02 13:00:00+00:00,0.002003
2021-11-02 14:00:00+00:00,0.00026565
2021-11-02 15:00:00+00:00,0.00030485
2021-11-02 16:00:00+00:00,0.0033302
2021-11-02 17:00:00+00:00,0.00515925
2021-11-02 18:00:00+00:00,0.02248595
2021-11-02 19:00:00+00:00,0.0061625
2021-11-02 20:00:00+00:00,0.01596515
2021-11-02 21:00:00+00:00,0.01450485
2021-11-02 22:00:00+00:00,0.01033925
2021-11-02 23:00:00+00:00,0.0150842
2021-11-03 00:00:00+00:00,0.022552799999999998
2021-11-03 01:00:00+00:00,0.02523785
2021-11-03 02:00:00+00:00,0.0251513
2021-11-03 03:00:00+00:00,0.0411242
2021-11-03 04:00:00+00:00,0.0177793
2021-11-03 05:00:00+00:00,0.00558115
2021-11-03 06:00:00+00:00,0.01858205
2021-11-03 07:00:00+00:00,0.014801650000000001
2021-11-03 08:00:00+00:00,0.0038404000000000003
2021-11-03 09:00:00+00:00,1.825e-05
2021-11-03 10:00:00+00:00,0.00367395
2021-11-03 11:00:00+00:00,0.0020731
2021-11-03 12:00:00+00:00,0.006752200000000001
2021-11-03 13:00:00+00:00,0.036669850000000004
2021-11-03 14:00:00+00:00,0.031738350000000005
2021-11-03 15:00:00+00:00,0.03548365
2021-11-03 16:00:00+00:00,0.06821705
2021-11-03 17:00:00+00:00,0.0560008
2021-11-03 18:00:00+00:00,0.0480096
2021-11-03 19:00:00+00:00,0.052743700000000004
2021-11-03 20:00:00+00:00,0.04548215
2021-11-03 21:00:00+00:00,0.0244762
2021-11-03 22:00:00+00:00,0.0124438
2021-11-03 23:00:00+00:00,0.0319046
2021-11-04 00:00:00+00:00,0.0266372
2021-11-04 01:00:00+00:00,0.0156956
2021-11-04 02:00:00+00:00,0.01762145
2021-11-04 03:00:00+00:00,0.015877449999999998
2021-11-04 04:00:00+00:00,0.015476849999999999
2021-11-04 05:00:00+00:00,0.0127955
2021-11-04 06:00:00+00:00,0.05502635
2021-11-04 07:00:00+00:00,0.0511714
2021-11-04 08:00:00+00:00,0.08657045000000001
2021-11-04 09:00:00+00:00,0.17315319999999998
2021-11-04 10:00:00+00:00,0.16698985
2021-11-04 11:00:00+00:00,0.1330186
2021-11-04 12:00:00+00:00,0.2833171
2021-11-04 13:00:00+00:00,0.5390486
2021-11-04 14:00:00+00:00,0.4825772
2021-11-04 15:00:00+00:00,0.6722497000000001
2021-11-04 16:00:00+00:00,0.85733305
2021-11-04 17:00:00+00:00,0.8690124499999999
2021-11-04 18:00:00+00:00,0.8727376
2021-11-04 19:00:00+00:00,0.8476405
2021-11-04 20:00:00+00:00,0.5254537
2021-11-04 21:00:00+00:00,0.60785035
2021-11-04 22:00:00+00:00,0.4442294
2021-11-04 23:00:00+00:00,0.3419615
2021-11-05 00:00:00+00:00,0.29485925
2021-11-05 01:00:00+00:00,0.21588074999999998
2021-11-05 02:00:00+00:00,0.08317625000000001
2021-11-05 03:00:00+00:00,0.11017065
2021-11-05 04:00:00+00:00,0.17768475
2021-11-05 05:00:00+00:00,0.2173625
2021-11-05 06:00:00+00:00,0.27952089999999996
2021-11-05 07:00:00+00:00,0.22236385
2021-11-05 08:00:00+00:00,0.16522525000000002
2021-11-05 09:00:00+00:00,0.13192125000000002
2021-11-05 10:00:00+00:00,0.1453006
2021-11-05 11:00:00+00:00,0.1495789
2021-11-05 12:00:00+00:00,0.10297515
2021-11-05 13:00:00+00:00,0.0671484
2021-11-05 14:00:00+00:00,0.09280575
2021-11-05 15:00:00+00:00,0.0882447
2021-11-05 16:00:00+00:00,0.09348490000000001
2021-11-05 17:00:00+00:00,0.0912916
2021-11-05 18:00:00+00:00,0.11357515000000001
2021-11-05 19:00:00+00:00,0.12395675
2021-11-05 20:00:00+00:00,0.101146
2021-11-05 21:00:00+00:00,0.15863005
2021-11-05 22:00:00+00:00,0.1263008
2021-11-05 23:00:00+00:00,0.13601785
2021-11-06 00:00:00+00:00,0.1818209
2021-11-06 01:00:00+00:00,0.2107812
2021-11-06 02:00:00+00:00,0.23446095
2021-11-06 03:00:00+00:00,0.22442335
2021-11-06 04:00:00+00:00,0.17440465
2021-11-06 05:00:00+00:00,0.13135845
2021-11-06 06:00:00+00:00,0.11947505000000001
2021-11-06 07:00:00+00:00,0.10583775000000001
2021-11-06 08:00:00+00:00,0.11121505
2021-11-06 09:00:00+00:00,0.08908440000000001
2021-11-06 10:00:00+00:00,0.07801645
2021-11-06 11:00:00+00:00,0.06554845000000001
2021-11-06 12:00:00+00:00,0.0801986
2021-11-06 13:00:00+00:00,0.0807986
2021-11-06 14:00:00+00:00,0.11318199999999999
2021-11-06 15:00:00+00:00,0.13101125
2021-11-06 16:00:00+00:00,0.1035026
2021-11-06 17:00:00+00:00,0.14092380000000002
2021-11-06 18:00:00+00:00,0.21284865
2021-11-06 19:00:00+00:00,0.22469835
2021-11-06 20:00:00+00:00,0.2861182
2021-11-06 21:00:00+00:00,0.27832585
2021-11-06 22:00:00+00:00,0.0119147
2021-11-06 23:00:00+00:00,0.005885049999999999
2021-11-07 00:00:00+00:00,0.01183745
2021-11-07 01:00:00+00:00,0.0354609
2021-11-07 02:00:00+00:00,0.06673615
2021-11-07 03:00:00+00:00,0.1328271
2021-11-07 04:00:00+00:00,0.1635584
2021-11-07 05:00:00+00:00,0.1622247
2021-11-07 06:00:00+00:00,0.1434386
2021-11-07 07:00:00+00:00,0.10601189999999999
2021-11-07 08:00:00+00:00,0.0891194
2021-11-07 09:00:00+00:00,0.0580703
2021-11-07 10:00:00+00:00,0.11358465000000001
2021-11-07 11:00:00+00:00,0.09047065
2021-11-07 12:00:00+00:00,0.20360455
2021-11-07 13:00:00+00:00,0.23166894999999998
2021-11-07 14:00:00+00:00,0.25138895
2021-11-07 15:00:00+00:00,0.27728615
2021-11-07 16:00:00+00:00,0.2682047
2021-11-07 17:00:00+00:00,0.2830731
2021-11-07 18:00:00+00:00,0.2529327
2021-11-07 19:00:00+00:00,0.26049855
2021-11-07 20:00:00+00:00,0.25179965000000004
2021-11-07 21:00:00+00:00,0.1918471
2021-11-07 22:00:00+00:00,0.25298885
2021-11-07 23:00:00+00:00,0.27118125
2021-11-08 00:00:00+00:00,0.19598685
2021-11-08 01:00:00+00:00,0.21133200000000002
2021-11-08 02:00:00+00:00,0.1990256
2021-11-08 03:00:00+00:00,0.37514319999999995
2021-11-08 04:00:00+00:00,0.5181994
2021-11-08 05:00:00+00:00,0.47658684999999995
2021-11-08 06:00:00+00:00,0.28084915
2021-11-08 07:00:00+00:00,0.19466485
2021-11-08 08:00:00+00:00,0.12402584999999999
2021-11-08 09:00:00+00:00,0.1578732
2021-11-08 10:00:00+00:00,0.12975375
2021-11-08 11:00:00+00:00,0.1734923
2021-11-08 12:00:00+00:00,0.1328072
2021-11-08 13:00:00+00:00,0.07715645
2021-11-08 14:00:00+00:00,0.05804615
2021-11-08 15:00:00+00:00,0.04589765
2021-11-08 16:00:00+00:00,0.04093965
2021-11-08 17:00:00+00:00,0.042386099999999996
2021-11-08 18:00:00+00:00,0.028328500000000003
2021-11-08 19:00:00+00:00,0.12205250000000001
2021-11-08 20:00:00+00:00,0.09246855000000001
2021-11-08 21:00:00+00:00,0.04252625
2021-11-08 22:00:00+00:00,0.04593275
2021-11-08 23:00:00+00:00,0.081028
2021-11-09 00:00:00+00:00,0.06589265
2021-11-09 01:00:00+00:00,0.028347949999999997
2021-11-09 02:00:00+00:00,0.0111561
2021-11-09 03:00:00+00:00,0.01621645
2021-11-09 04:00:00+00:00,0.01210785
2021-11-09 05:00:00+00:00,0.00741005
2021-11-09 06:00:00+00:00,0.0124157
2021-11-09 07:00:00+00:00,0.0091968
2021-11-09 08:00:00+00:00,0.0052688000000000006
2021-11-09 09:00:00+00:00,0.0066111500000000005
2021-11-09 10:00:00+00:00,0.0120089
2021-11-09 11:00:00+00:00,0.00657405
2021-11-09 12:00:00+00:00,0.0055424
2021-11-09 13:00:00+00:00,0.0372291
2021-11-09 14:00:00+00:00,0.04432495
2021-11-09 15:00:00+00:00,0.04553115
2021-11-09 16:00:00+00:00,0.0681278
2021-11-09 17:00:00+00:00,0.16428015
2021-11-09 18:00:00+00:00,0.19121565000000001
2021-11-09 19:00:00+00:00,0.101339
2021-11-09 20:00:00+00:00,0.08821285000000001
2021-11-09 21:00:00+00:00,0.12613535
2021-11-09 22:00:00+00:00,0.1025696
2021-11-09 23:00:00+00:00,0.0765556
2021-11-10 00:00:00+00:00,0.05705725
2021-11-10 01:00:00+00:00,0.031165949999999998
2021-11-10 02:00:00+00:00,0.01145965
2021-11-10 03:00:00+00:00,0.01595185
2021-11-10 04:00:00+00:00,0.0375306
2021-11-10 05:00:00+00:00,0.02923245
2021-11-10 06:00:00+00:00,0.04652805
2021-11-10 07:00:00+00:00,0.04885485
2021-11-10 08:00:00+00:00,0.03023065
2021-11-10 09:00:00+00:00,0.01030145
2021-11-10 10:00:00+00:00,0.0038808500000000004
2021-11-10 11:00:00+00:00,0.0035506500000000002
2021-11-10 12:00:00+00:00,0.0059729
2021-11-10 13:00:00+00:00,0.00134825
2021-11-10 14:00:00+00:00,0.00228105
2021-11-10 15:00:00+00:00,0.0141999
2021-11-10 16:00:00+00:00,0.0084394
2021-11-10 17:00:00+00:00,0.00463265
2021-11-10 18:00:00+00:00,0.006862600000000001
2021-11-10 19:00:00+00:00,0.01947375
2021-11-10 20:00:00+00:00,0.051583050000000005
2021-11-10 21:00:00+00:00,0.0285387
2021-11-10 22:00:00+00:00,0.00336075
2021-11-10 23:00:00+00:00,0.00292005
2021-11-11 00:00:00+00:00,0.00515595
2021-11-11 01:00:00+00:00,0.0001773
2021-11-11 02:00:00+00:00,0.0
2021-11-11 03:00:00+00:00,0.0
2021-11-11 04:00:00+00:00,0.0
2021-11-11 05:00:00+00:00,0.0
2021-11-11 06:00:00+00:00,0.0
2021-11-11 07:00:00+00:00,0.0
2021-11-11 08:00:00+00:00,0.0018003499999999998
2021-11-11 09:00:00+00:00,0.00635315
2021-11-11 10:00:00+00:00,0.0015515000000000001
2021-11-11 11:00:00+00:00,0.0
2021-11-11 12:00:00+00:00,0.0
2021-11-11 13:00:00+00:00,0.00076395
2021-11-11 14:00:00+00:00,0.007686849999999999
2021-11-11 15:00:00+00:00,0.0173147
2021-11-11 16:00:00+00:00,0.0056535
2021-11-11 17:00:00+00:00,0.00022850000000000002
2021-11-11 18:00:00+00:00,0.0
2021-11-11 19:00:00+00:00,0.0
2021-11-11 20:00:00+00:00,0.00065295
2021-11-11 21:00:00+00:00,0.00495075
2021-11-11 22:00:00+00:00,0.0180637
2021-11-11 23:00:00+00:00,0.0036237
2021-11-12 00:00:00+00:00,0.0043277
2021-11-12 01:00:00+00:00,5.769999999999999e-05
2021-11-12 02:00:00+00:00,0.0
2021-11-12 03:00:00+00:00,0.00524075
2021-11-12 04:00:00+00:00,0.0119139
2021-11-12 05:00:00+00:00,0.00721065
2021-11-12 06:00:00+00:00,0.004459599999999999
2021-11-12 07:00:00+00:00,0.005623749999999999
2021-11-12 08:00:00+00:00,0.025101750000000003
2021-11-12 09:00:00+00:00,0.056228549999999995
2021-11-12 10:00:00+00:00,0.050588799999999996
2021-11-12 11:00:00+00:00,0.028233150000000002
2021-11-12 12:00:00+00:00,0.02772985
2021-11-12 13:00:00+00:00,0.01196275
2021-11-12 14:00:00+00:00,0.03579275
2021-11-12 15:00:00+00:00,0.04576495
2021-11-12 16:00:00+00:00,0.05122775
2021-11-12 17:00:00+00:00,0.08394285
2021-11-12 18:00:00+00:00,0.0848719
2021-11-12 19:00:00+00:00,0.12886355000000002
2021-11-12 20:00:00+00:00,0.071699
2021-11-12 21:00:00+00:00,0.02868055
2021-11-12 22:00:00+00:00,0.0153724
2021-11-12 23:00:00+00:00,0.0159784
2021-11-13 00:00:00+00:00,0.0387751
2021-11-13 01:00:00+00:00,0.04068975
2021-11-13 02:00:00+00:00,0.014569
2021-11-13 03:00:00+00:00,0.0405764
2021-11-13 04:00:00+00:00,0.05336775
2021-11-13 05:00:00+00:00,0.0445887
2021-11-13 06:00:00+00:00,0.06928229999999999
2021-11-13 07:00:00+00:00,0.0711563
2021-11-13 08:00:00+00:00,0.0989467
2021-11-13 09:00:00+00:00,0.04834795
2021-11-13 10:00:00+00:00,0.025813299999999997
2021-11-13 11:00:00+00:00,0.020831549999999997
2021-11-13 12:00:00+00:00,0.00896685
2021-11-13 13:00:00+00:00,0.00987975
2021-11-13 14:00:00+00:00,0.00588695
2021-11-13 15:00:00+00:00,0.00515265
2021-11-13 16:00:00+00:00,0.00301865
2021-11-13 17:00:00+00:00,0.0010464
2021-11-13 18:00:00+00:00,0.0060082
2021-11-13 19:00:00+00:00,0.0013151
2021-11-13 20:00:00+00:00,0.0016483000000000001
2021-11-13 21:00:00+00:00,0.0028262
2021-11-13 22:00:00+00:00,0.0021836
2021-11-13 23:00:00+00:00,3.985e-05
2021-11-14 00:00:00+00:00,0.0
2021-11-14 01:00:00+00:00,0.0010234999999999999
2021-11-14 02:00:00+00:00,0.0
2021-11-14 03:00:00+00:00,0.0
2021-11-14 04:00:00+00:00,0.0
2021-11-14 05:00:00+00:00,8.949999999999999e-06
2021-11-14 06:00:00+00:00,0.0033302999999999996
2021-11-14 07:00:00+00:00,0.00164385
2021-11-14 08:00:00+00:00,0.00018235
2021-11-14 09:00:00+00:00,0.0
2021-11-14 10:00:00+00:00,0.0064218
2021-11-14 11:00:00+00:00,0.00804185
2021-11-14 12:00:00+00:00,0.0053325000000000004
2021-11-14 13:00:00+00:00,0.0146406
2021-11-14 14:00:00+00:00,0.01859555
2021-11-14 15:00:00+00:00,0.02460275
2021-11-14 16:00:00+00:00,0.030718000000000002
2021-11-14 17:00:00+00:00,0.03236505
2021-11-14 18:00:00+00:00,0.0292589
2021-11-14 19:00:00+00:00,0.0354378
2021-11-14 20:00:00+00:00,0.0359406
2021-11-14 21:00:00+00:00,0.04338735
2021-11-14 22:00:00+00:00,0.06295915
2021-11-14 23:00:00+00:00,0.04750415
2021-11-15 00:00:00+00:00,0.0405974
2021-11-15 01:00:00+00:00,0.038706849999999994
2021-11-15 02:00:00+00:00,0.0524255
2021-11-15 03:00:00+00:00,0.039056099999999996
2021-11-15 04:00:00+00:00,0.0392648
2021-11-15 05:00:00+00:00,0.04703865
2021-11-15 06:00:00+00:00,0.0411891
2021-11-15 07:00:00+00:00,0.048082
2021-11-15 08:00:00+00:00,0.06178945
2021-11-15 09:00:00+00:00,0.10263815
2021-11-15 10:00:00+00:00,0.16357639999999998
2021-11-15 11:00:00+00:00,0.1266326
2021-11-15 12:00:00+00:00,0.10769685
2021-11-15 13:00:00+00:00,0.03883005
2021-11-15 14:00:00+00:00,0.0375658
2021-11-15 15:00:00+00:00,0.0422373
2021-11-15 16:00:00+00:00,0.03601835
2021-11-15 17:00:00+00:00,0.04003445
2021-11-15 18:00:00+00:00,0.0389913
2021-11-15 19:00:00+00:00,0.0468261
2021-11-15 20:00:00+00:00,0.0275624
2021-11-15 21:00:00+00:00,0.02141575
2021-11-15 22:00:00+00:00,0.018577350000000003
2021-11-15 23:00:00+00:00,0.02930365
2021-11-16 00:00:00+00:00,0.01073785
2021-11-16 01:00:00+00:00,0.013203550000000001
2021-11-16 02:00:00+00:00,0.01462245
2021-11-16 03:00:00+00:00,0.033912849999999994
2021-11-16 04:00:00+00:00,0.07192405
2021-11-16 05:00:00+00:00,0.07980375
2021-11-16 06:00:00+00:00,0.06270695
2021-11-16 07:00:00+00:00,0.014876599999999999
2021-11-16 08:00:00+00:00,0.00529645
2021-11-16 09:00:00+00:00,0.01304845
2021-11-16 10:00:00+00:00,0.0012660500000000001
2021-11-16 11:00:00+00:00,0.0
2021-11-16 12:00:00+00:00,0.0
2021-11-16 13:00:00+00:00,9.4e-06
2021-11-16 14:00:00+00:00,0.0014638
2021-11-16 15:00:00+00:00,0.0031366
2021-11-16 16:00:00+00:00,0.010710850000000001
2021-11-16 17:00:00+00:00,0.0115591
2021-11-16 18:00:00+00:00,0.0038699
2021-11-16 19:00:00+00:00,0.0011258
2021-11-16 20:00:00+00:00,0.0005601
2021-11-16 21:00:00+00:00,0.0021216
2021-11-16 22:00:00+00:00,0.00233385
2021-11-16 23:00:00+00:00,0.006096
2021-11-17 00:00:00+00:00,0.0125492
2021-11-17 01:00:00+00:00,0.013815000000000001
2021-11-17 02:00:00+00:00,0.0064373500000000005
2021-11-17 03:00:00+00:00,0.0059479500000000005
2021-11-17 04:00:00+00:00,0.0035919
2021-11-17 05:00:00+00:00,0.0176212
2021-11-17 06:00:00+00:00,0.016032050000000003
2021-11-17 07:00:00+00:00,0.01586625
2021-11-17 08:00:00+00:00,0.0390977
2021-11-17 09:00:00+00:00,0.0360151
2021-11-17 10:00:00+00:00,0.04664195
2021-11-17 11:00:00+00:00,0.0741904
2021-11-17 12:00:00+00:00,0.0695559
2021-11-17 13:00:00+00:00,0.061523800000000003
2021-11-17 14:00:00+00:00,0.08769335
2021-11-17 15:00:00+00:00,0.11125625
2021-11-17 16:00:00+00:00,0.11837094999999999
2021-11-17 17:00:00+00:00,0.1304815
2021-11-17 18:00:00+00:00,0.13567555
2021-11-17 19:00:00+00:00,0.1160664
2021-11-17 20:00:00+00:00,0.17588225
2021-11-17 21:00:00+00:00,0.13013765000000002
2021-11-17 22:00:00+00:00,0.1510298
2021-11-17 23:00:00+00:00,0.20051155
2021-11-18 00:00:00+00:00,0.19945785000000002
2021-11-18 01:00:00+00:00,0.21237820000000002
2021-11-18 02:00:00+00:00,0.1785605
2021-11-18 03:00:00+00:00,0.20607645000000002
2021-11-18 04:00:00+00:00,0.18276645
2021-11-18 05:00:00+00:00,0.17562505
2021-11-18 06:00:00+00:00,0.21457734999999997
2021-11-18 07:00:00+00:00,0.2951052
2021-11-18 08:00:00+00:00,0.16857275
2021-11-18 09:00:00+00:00,0.25084455
2021-11-18 10:00:00+00:00,0.3007943
2021-11-18 11:00:00+00:00,0.28625085
2021-11-18 12:00:00+00:00,0.2575017
2021-11-18 13:00:00+00:00,0.3180967
2021-11-18 14:00:00+00:00,0.34663625000000003
2021-11-18 15:00:00+00:00,0.3310824
2021-11-18 16:00:00+00:00,0.22485975
2021-11-18 17:00:00+00:00,0.26740875000000003
2021-11-18 18:00:00+00:00,0.2397186
2021-11-18 19:00:00+00:00,0.3247812
2021-11-18 20:00:00+00:00,0.45993975
2021-11-18 21:00:00+00:00,0.46196729999999997
2021-11-18 22:00:00+00:00,0.45682815
2021-11-18 23:00:00+00:00,0.35677815
2021-11-19 00:00:00+00:00,0.36563665
2021-11-19 01:00:00+00:00,0.45473605
2021-11-19 02:00:00+00:00,0.3069784
2021-11-19 03:00:00+00:00,0.3110929
2021-11-19 04:00:00+00:00,0.39506405
2021-11-19 05:00:00+00:00,0.33510680000000004
2021-11-19 06:00:00+00:00,0.3431278
2021-11-19 07:00:00+00:00,0.3833414
2021-11-19 08:00:00+00:00,0.3582847
2021-11-19 09:00:00+00:00,0.35881035
2021-11-19 10:00:00+00:00,0.3023875
2021-11-19 11:00:00+00:00,0.46950559999999997
2021-11-19 12:00:00+00:00,0.4619671
2021-11-19 13:00:00+00:00,0.49078890000000003
2021-11-19 14:00:00+00:00,0.5367887
2021-11-19 15:00:00+00:00,0.39747354999999995
2021-11-19 16:00:00+00:00,0.31973995
2021-11-19 17:00:00+00:00,0.40154645
2021-11-19 18:00:00+00:00,0.4012899
2021-11-19 19:00:00+00:00,0.31123615
2021-11-19 20:00:00+00:00,0.43258215
2021-11-19 21:00:00+00:00,0.40711905000000004
2021-11-19 22:00:00+00:00,0.2944073
2021-11-19 23:00:00+00:00,0.40987295
2021-11-20 00:00:00+00:00,0.4242855
2021-11-20 01:00:00+00:00,0.45143835
2021-11-20 02:00:00+00:00,0.31875414999999996
2021-11-20 03:00:00+00:00,0.28132314999999997
2021-11-20 04:00:00+00:00,0.23581354999999998
2021-11-20 05:00:00+00:00,0.1720275
2021-11-20 06:00:00+00:00,0.15053334999999998
2021-11-20 07:00:00+00:00,0.10732185
2021-11-20 08:00:00+00:00,0.105124
2021-11-20 09:00:00+00:00,0.12465844999999999
2021-11-20 10:00:00+00:00,0.11774404999999999
2021-11-20 11:00:00+00:00,0.12001279999999999
2021-11-20 12:00:00+00:00,0.11551030000000001
2021-11-20 13:00:00+00:00,0.12016289999999999
2021-11-20 14:00:00+00:00,0.0983807
2021-11-20 15:00:00+00:00,0.1070046
2021-11-20 16:00:00+00:00,0.08847945
2021-11-20 17:00:00+00:00,0.048088900000000004
2021-11-20 18:00:00+00:00,0.0697222
2021-11-20 19:00:00+00:00,0.0958755
2021-11-20 20:00:00+00:00,0.0690631
2021-11-20 21:00:00+00:00,0.08156305
2021-11-20 22:00:00+00:00,0.08620825
2021-11-20 23:00:00+00:00,0.05850535
2021-11-21 00:00:00+00:00,0.09784365
2021-11-21 01:00:00+00:00,0.055728599999999996
2021-11-21 02:00:00+00:00,0.08286825
2021-11-21 03:00:00+00:00,0.10894975
2021-11-21 04:00:00+00:00,0.07529105
2021-11-21 05:00:00+00:00,0.0907904
2021-11-21 06:00:00+00:00,0.10491784999999999
2021-11-21 07:00:00+00:00,0.0947852
2021-11-21 08:00:00+00:00,0.08837065
2021-11-21 09:00:00+00:00,0.0463907
2021-11-21 10:00:00+00:00,0.08855275
2021-11-21 11:00:00+00:00,0.0689273
2021-11-21 12:00:00+00:00,0.03526545
2021-11-21 13:00:00+00:00,0.027655650000000004
2021-11-21 14:00:00+00:00,0.02408555
2021-11-21 15:00:00+00:00,0.018234800000000002
2021-11-21 16:00:00+00:00,0.015979550000000002
2021-11-21 17:00:00+00:00,0.0279795
2021-11-21 18:00:00+00:00,0.0515659
2021-11-21 19:00:00+00:00,0.10660245
2021-11-21 20:00:00+00:00,0.0758226
2021-11-21 21:00:00+00:00,0.05799565
2021-11-21 22:00:00+00:00,0.044169099999999996
2021-11-21 23:00:00+00:00,0.058767200000000006
2021-11-22 00:00:00+00:00,0.0383632
2021-11-22 01:00:00+00:00,0.0194304
2021-11-22 02:00:00+00:00,0.03267235
2021-11-22 03:00:00+00:00,0.0200707
2021-11-22 04:00:00+00:00,0.042156349999999995
2021-11-22 05:00:00+00:00,0.04903585
2021-11-22 06:00:00+00:00,0.0401052
2021-11-22 07:00:00+00:00,0.0427102
2021-11-22 08:00:00+00:00,0.0540545
2021-11-22 09:00:00+00:00,0.03178725
2021-11-22 10:00:00+00:00,0.02575985
2021-11-22 11:00:00+00:00,0.037848599999999996
2021-11-22 12:00:00+00:00,0.057255650000000005
2021-11-22 13:00:00+00:00,0.0398355
2021-11-22 14:00:00+00:00,0.03907945
2021-11-22 15:00:00+00:00,0.0539968
2021-11-22 16:00:00+00:00,0.0515211
2021-11-22 17:00:00+00:00,0.0403273
2021-11-22 18:00:00+00:00,0.02870225
2021-11-22 19:00:00+00:00,0.0250504
2021-11-22 20:00:00+00:00,0.047194099999999996
2021-11-22 21:00:00+00:00,0.14834885
2021-11-22 22:00:00+00:00,0.1905981
2021-11-22 23:00:00+00:00,0.14007075
2021-11-23 00:00:00+00:00,0.17391345
2021-11-23 01:00:00+00:00,0.2397109
2021-11-23 02:00:00+00:00,0.1572177
2021-11-23 03:00:00+00:00,0.12818155
2021-11-23 04:00:00+00:00,0.13892735
2021-11-23 05:00:00+00:00,0.1480387
2021-11-23 06:00:00+00:00,0.1372377
2021-11-23 07:00:00+00:00,0.0914056
2021-11-23 08:00:00+00:00,0.10898
2021-11-23 09:00:00+00:00,0.05751155
2021-11-23 10:00:00+00:00,0.0619242
2021-11-23 11:00:00+00:00,0.07748965
2021-11-23 12:00:00+00:00,0.10178515
2021-11-23 13:00:00+00:00,0.06835735
2021-11-23 14:00:00+00:00,0.0628451
2021-11-23 15:00:00+00:00,0.060862099999999995
2021-11-23 16:00:00+00:00,0.06223645
2021-11-23 17:00:00+00:00,0.06911035
2021-11-23 18:00:00+00:00,0.06928835
2021-11-23 19:00:00+00:00,0.06423365
2021-11-23 20:00:00+00:00,0.04553485
2021-11-23 21:00:00+00:00,0.060316499999999995
2021-11-23 22:00:00+00:00,0.04581455
2021-11-23 23:00:00+00:00,0.06112845
2021-11-24 00:00:00+00:00,0.06509205
2021-11-24 01:00:00+00:00,0.0954133
2021-11-24 02:00:00+00:00,0.053127049999999995
2021-11-24 03:00:00+00:00,0.04835105
2021-11-24 04:00:00+00:00,0.032002800000000005
2021-11-24 05:00:00+00:00,0.031361599999999996
2021-11-24 06:00:00+00:00,0.022876050000000002
2021-11-24 07:00:00+00:00,0.0263229
2021-11-24 08:00:00+00:00,0.01609905
2021-11-24 09:00:00+00:00,0.0099478
2021-11-24 10:00:00+00:00,0.0021078499999999997
2021-11-24 11:00:00+00:00,0.0023744
2021-11-24 12:00:00+00:00,0.00103155
2021-11-24 13:00:00+00:00,3.555e-05
2021-11-24 14:00:00+00:00,0.0011597
2021-11-24 15:00:00+00:00,0.0005528999999999999
2021-11-24 16:00:00+00:00,4.155e-05
2021-11-24 17:00:00+00:00,0.0010838
2021-11-24 18:00:00+00:00,0.0055546
2021-11-24 19:00:00+00:00,0.00895365
2021-11-24 20:00:00+00:00,0.010662399999999999
2021-11-24 21:00:00+00:00,0.03517132
2021-11-24 22:00:00+00:00,0.0446431
2021-11-24 23:00:00+00:00,0.044815675
2021-11-25 00:00:00+00:00,0.030610025000000003
2021-11-25 01:00:00+00:00,0.024127449999999998
2021-11-25 02:00:00+00:00,0.0212445
2021-11-25 03:00:00+00:00,0.017374525
2021-11-25 04:00:00+00:00,0.0066541
2021-11-25 05:00:00+00:00,0.0
2021-11-25 06:00:00+00:00,0.00232815
2021-11-25 07:00:00+00:00,0.0065460250000000005
2021-11-25 08:00:00+00:00,0.0079673
2021-11-25 09:00:00+00:00,0.0109898
2021-11-25 10:00:00+00:00,0.015828475
2021-11-25 11:00:00+00:00,0.020165425
2021-11-25 12:00:00+00:00,0.028583375
2021-11-25 13:00:00+00:00,0.030795549999999998
2021-11-25 14:00:00+00:00,0.043243425
2021-11-25 15:00:00+00:00,0.0762766
2021-11-25 16:00:00+00:00,0.0763027
2021-11-25 17:00:00+00:00,0.06909087500000001
2021-11-25 18:00:00+00:00,0.08995935
2021-11-25 19:00:00+00:00,0.07945665
2021-11-25 20:00:00+00:00,0.070924275
2021-11-25 21:00:00+00:00,0.085299625
2021-11-25 22:00:00+00:00,0.083773875
2021-11-25 23:00:00+00:00,0.07323305000000001
2021-11-26 00:00:00+00:00,0.0812833
2021-11-26 01:00:00+00:00,0.1141137
2021-11-26 02:00:00+00:00,0.08983995
2021-11-26 03:00:00+00:00,0.027919625000000003
2021-11-26 04:00:00+00:00,0.0130031
2021-11-26 05:00:00+00:00,0.016223349999999997
2021-11-26 06:00:00+00:00,0.012164675
2021-11-26 07:00:00+00:00,0.012208700000000001
2021-11-26 08:00:00+00:00,0.013270849999999999
2021-11-26 09:00:00+00:00,0.0135507
2021-11-26 10:00:00+00:00,0.018614250000000002
2021-11-26 11:00:00+00:00,0.02774045
2021-11-26 12:00:00+00:00,0.033517775
2021-11-26 13:00:00+00:00,0.037483800000000005
2021-11-26 14:00:00+00:00,0.0466458
2021-11-26 15:00:00+00:00,0.055605875000000006
2021-11-26 16:00:00+00:00,0.053584749999999993
2021-11-26 17:00:00+00:00,0.038487925
2021-11-26 18:00:00+00:00,0.02482875
2021-11-26 19:00:00+00:00,0.017172875
2021-11-26 20:00:00+00:00,0.021666825
2021-11-26 21:00:00+00:00,0.03117265
2021-11-26 22:00:00+00:00,0.0389389
2021-11-26 23:00:00+00:00,0.06400884999999999
2021-11-27 00:00:00+00:00,0.067412925
2021-11-27 01:00:00+00:00,0.043953325
2021-11-27 02:00:00+00:00,0.047753674999999995
2021-11-27 03:00:00+00:00,0.05759325
2021-11-27 04:00:00+00:00,0.04701425
2021-11-27 05:00:00+00:00,0.03443485
2021-11-27 06:00:00+00:00,0.028334449999999997
2021-11-27 07:00:00+00:00,0.027871749999999997
2021-11-27 08:00:00+00:00,0.0304827
2021-11-27 09:00:00+00:00,0.036250675
2021-11-27 10:00:00+00:00,0.030066575
2021-11-27 11:00:00+00:00,0.017181675
2021-11-27 12:00:00+00:00,0.026544549999999997
2021-11-27 13:00:00+00:00,0.030589550000000004
2021-11-27 14:00:00+00:00,0.022180625
2021-11-27 15:00:00+00:00,0.017353225
2021-11-27 16:00:00+00:00,0.015866525
2021-11-27 17:00:00+00:00,0.02264685
2021-11-27 18:00:00+00:00,0.029746224999999998
2021-11-27 19:00:00+00:00,0.03268035
2021-11-27 20:00:00+00:00,0.029363925
2021-11-27 21:00:00+00:00,0.02249905
2021-11-27 22:00:00+00:00,0.01613815
2021-11-27 23:00:00+00:00,0.015575275
2021-11-28 00:00:00+00:00,0.042276
2021-11-28 01:00:00+00:00,0.07688785000000001
2021-11-28 02:00:00+00:00,0.072847675
2021-11-28 03:00:00+00:00,0.057376424999999995
2021-11-28 04:00:00+00:00,0.03455595
2021-11-28 05:00:00+00:00,0.01534095
2021-11-28 06:00:00+00:00,0.02404285
2021-11-28 07:00:00+00:00,0.029308875
2021-11-28 08:00:00+00:00,0.0185998
2021-11-28 09:00:00+00:00,0.0046685749999999995
2021-11-28 10:00:00+00:00,0.00025790000000000003
2021-11-28 11:00:00+00:00,0.0
2021-11-28 12:00:00+00:00,0.0
2021-11-28 13:00:00+00:00,2.8825e-05
2021-11-28 14:00:00+00:00,0.00107535
2021-11-28 15:00:00+00:00,0.004689725
2021-11-28 16:00:00+00:00,0.0037782249999999996
2021-11-28 17:00:00+00:00,0.0019844000000000003
2021-11-28 18:00:00+00:00,0.0029153
2021-11-28 19:00:00+00:00,0.0117596
2021-11-28 20:00:00+00:00,0.01223265
2021-11-28 21:00:00+00:00,0.0024422999999999997
2021-11-28 22:00:00+00:00,0.00394925
2021-11-28 23:00:00+00:00,0.008489125
2021-11-29 00:00:00+00:00,0.02014475
2021-11-29 01:00:00+00:00,0.025112525
2021-11-29 02:00:00+00:00,0.011683625000000001
2021-11-29 03:00:00+00:00,0.011493975
2021-11-29 04:00:00+00:00,0.03137045
2021-11-29 05:00:00+00:00,0.0300442
2021-11-29 06:00:00+00:00,0.0248727
2021-11-29 07:00:00+00:00,0.0453322
2021-11-29 08:00:00+00:00,0.056215575000000004
2021-11-29 09:00:00+00:00,0.064078725
2021-11-29 10:00:00+00:00,0.092093525
2021-11-29 11:00:00+00:00,0.1106424
2021-11-29 12:00:00+00:00,0.0905458
2021-11-29 13:00:00+00:00,0.083131775
2021-11-29 14:00:00+00:00,0.090194025
2021-11-29 15:00:00+00:00,0.07641235
2021-11-29 16:00:00+00:00,0.10306130000000001
2021-11-29 17:00:00+00:00,0.119605325
2021-11-29 18:00:00+00:00,0.09241795
2021-11-29 19:00:00+00:00,0.07717455
2021-11-29 20:00:00+00:00,0.083122025
2021-11-29 21:00:00+00:00,0.103279375
2021-11-29 22:00:00+00:00,0.12736275
2021-11-29 23:00:00+00:00,0.12869472499999998
2021-11-30 00:00:00+00:00,0.110451975
2021-11-30 01:00:00+00:00,0.12184862499999999
2021-11-30 02:00:00+00:00,0.0741193
2021-11-30 03:00:00+00:00,0.039656175
2021-11-30 04:00:00+00:00,0.2112346
2021-11-30 05:00:00+00:00,0.364818975
2021-11-30 06:00:00+00:00,0.3719735
2021-11-30 07:00:00+00:00,0.2991768
2021-11-30 08:00:00+00:00,0.28183402500000004
2021-11-30 09:00:00+00:00,0.5427429500000001
2021-11-30 10:00:00+00:00,0.717599775
2021-11-30 11:00:00+00:00,0.6913058
2021-11-30 12:00:00+00:00,0.7598150499999999
2021-11-30 13:00:00+00:00,0.89795255
2021-11-30 14:00:00+00:00,0.8278296249999999
2021-11-30 15:00:00+00:00,0.6323367750000001
2021-11-30 16:00:00+00:00,0.69161255
2021-11-30 17:00:00+00:00,0.787819975
2021-11-30 18:00:00+00:00,0.711260825
2021-11-30 19:00:00+00:00,0.5267016999999999
2021-11-30 20:00:00+00:00,0.298118975
2021-11-30 21:00:00+00:00,0.184969275
2021-11-30 22:00:00+00:00,0.15913505
2021-11-30 23:00:00+00:00,0.10364575
2021-12-01 00:00:00+00:00,0.071587725
2021-12-01 01:00:00+00:00,0.05471835
2021-12-01 02:00:00+00:00,0.048829674999999996
2021-12-01 03:00:00+00:00,0.084750225
2021-12-01 04:00:00+00:00,0.12532815
2021-12-01 05:00:00+00:00,0.26932914999999996
2021-12-01 06:00:00+00:00,0.40874275
2021-12-01 07:00:00+00:00,0.49498575
2021-12-01 08:00:00+00:00,0.4863269
2021-12-01 09:00:00+00:00,0.367443375
2021-12-01 10:00:00+00:00,0.387795275
2021-12-01 11:00:00+00:00,0.351573275
2021-12-01 12:00:00+00:00,0.343753475
2021-12-01 13:00:00+00:00,0.5077209
2021-12-01 14:00:00+00:00,0.535916925
2021-12-01 15:00:00+00:00,0.3907596
2021-12-01 16:00:00+00:00,0.58073895
2021-12-01 17:00:00+00:00,0.47200732500000003
2021-12-01 18:00:00+00:00,0.07740875
2021-12-01 19:00:00+00:00,0.044566575
2021-12-01 20:00:00+00:00,0.022117349999999997
2021-12-01 21:00:00+00:00,0.027599075
2021-12-01 22:00:00+00:00,0.019558425
2021-12-01 23:00:00+00:00,0.010235375
2021-12-02 00:00:00+00:00,0.420854225
2021-12-02 01:00:00+00:00,0.5363827250000001
2021-12-02 02:00:00+00:00,0.449457625
2021-12-02 03:00:00+00:00,0.7652524
2021-12-02 04:00:00+00:00,0.789585525
2021-12-02 05:00:00+00:00,0.8115102
2021-12-02 06:00:00+00:00,0.7873935000000001
2021-12-02 07:00:00+00:00,0.6318996
2021-12-02 08:00:00+00:00,0.5303993
2021-12-02 09:00:00+00:00,0.421972725
2021-12-02 10:00:00+00:00,0.31045785000000004
2021-12-02 11:00:00+00:00,0.214647525
2021-12-02 12:00:00+00:00,0.208595975
2021-12-02 13:00:00+00:00,0.18877349999999998
2021-12-02 14:00:00+00:00,0.15672819999999998
2021-12-02 15:00:00+00:00,0.130556625
2021-12-02 16:00:00+00:00,0.13024639999999998
2021-12-02 17:00:00+00:00,0.1716724
2021-12-02 18:00:00+00:00,0.1644936
2021-12-02 19:00:00+00:00,0.1359822
2021-12-02 20:00:00+00:00,0.1054537
2021-12-02 21:00:00+00:00,0.108805425
2021-12-02 22:00:00+00:00,0.181182275
2021-12-02 23:00:00+00:00,0.249674925
2021-12-03 00:00:00+00:00,0.233012275
2021-12-03 01:00:00+00:00,0.20324652499999998
2021-12-03 02:00:00+00:00,0.344081925
2021-12-03 03:00:00+00:00,0.43506239999999996
2021-12-03 04:00:00+00:00,0.349021875
2021-12-03 05:00:00+00:00,0.298294025
2021-12-03 06:00:00+00:00,0.292506675
2021-12-03 07:00:00+00:00,0.224695075
2021-12-03 08:00:00+00:00,0.19868485
2021-12-03 09:00:00+00:00,0.22773285000000001
2021-12-03 10:00:00+00:00,0.21533175000000002
2021-12-03 11:00:00+00:00,0.20016677500000002
2021-12-03 12:00:00+00:00,0.20201475
2021-12-03 13:00:00+00:00,0.20458522499999998
2021-12-03 14:00:00+00:00,0.219062475
2021-12-03 15:00:00+00:00,0.286773875
2021-12-03 16:00:00+00:00,0.32036535
2021-12-03 17:00:00+00:00,0.265951475
2021-12-03 18:00:00+00:00,0.1836507
2021-12-03 19:00:00+00:00,0.166486675
2021-12-03 20:00:00+00:00,0.18225229999999998
2021-12-03 21:00:00+00:00,0.170879725
2021-12-03 22:00:00+00:00,0.20679465
2021-12-03 23:00:00+00:00,0.218422975
2021-12-04 00:00:00+00:00,0.159663175
2021-12-04 01:00:00+00:00,0.13405932499999998
2021-12-04 02:00:00+00:00,0.10652360000000001
2021-12-04 03:00:00+00:00,0.06561647500000001
2021-12-04 04:00:00+00:00,0.0468887
2021-12-04 05:00:00+00:00,0.03820365
2021-12-04 06:00:00+00:00,0.034827475
2021-12-04 07:00:00+00:00,0.025863
2021-12-04 08:00:00+00:00,0.0103652
2021-12-04 09:00:00+00:00,0.009578749999999999
2021-12-04 10:00:00+00:00,0.009042675
2021-12-04 11:00:00+00:00,0.0068394499999999995
2021-12-04 12:00:00+00:00,0.014167599999999999
2021-12-04 13:00:00+00:00,0.0428535
2021-12-04 14:00:00+00:00,0.081220875
2021-12-04 15:00:00+00:00,0.105347975
2021-12-04 16:00:00+00:00,0.109733575
2021-12-04 17:00:00+00:00,0.1281777
2021-12-04 18:00:00+00:00,0.1553761
2021-12-04 19:00:00+00:00,0.170623875
2021-12-04 20:00:00+00:00,0.17470145
2021-12-04 21:00:00+00:00,0.12499827499999999
2021-12-04 22:00:00+00:00,0.0613852
2021-12-04 23:00:00+00:00,0.023866599999999998
2021-12-05 00:00:00+00:00,0.00291635
2021-12-05 01:00:00+00:00,0.012084824999999999
2021-12-05 02:00:00+00:00,0.038003550000000004
2021-12-05 03:00:00+00:00,0.04564535
2021-12-05 04:00:00+00:00,0.059795375000000005
2021-12-05 05:00:00+00:00,0.07789795000000001
2021-12-05 06:00:00+00:00,0.06698225
2021-12-05 07:00:00+00:00,0.037441525
2021-12-05 08:00:00+00:00,0.008260675
2021-12-05 09:00:00+00:00,3.0225000000000003e-05
2021-12-05 10:00:00+00:00,0.00432075
2021-12-05 11:00:00+00:00,0.006647
2021-12-05 12:00:00+00:00,0.0024969000000000002
2021-12-05 13:00:00+00:00,0.00042245
2021-12-05 14:00:00+00:00,0.00144495
2021-12-05 15:00:00+00:00,0.00208045
2021-12-05 16:00:00+00:00,0.001607225
2021-12-05 17:00:00+00:00,0.0007096250000000001
2021-12-05 18:00:00+00:00,0.00088095
2021-12-05 19:00:00+00:00,0.00092765
2021-12-05 20:00:00+00:00,0.00010967499999999998
2021-12-05 21:00:00+00:00,0.0063953249999999994
2021-12-05 22:00:00+00:00,0.016544399999999997
2021-12-05 23:00:00+00:00,0.019993975
2021-12-06 00:00:00+00:00,0.019489074999999998
2021-12-06 01:00:00+00:00,0.028263524999999998
2021-12-06 02:00:00+00:00,0.032345675
2021-12-06 03:00:00+00:00,0.025717
2021-12-06 04:00:00+00:00,0.03364965
2021-12-06 05:00:00+00:00,0.0398529
2021-12-06 06:00:00+00:00,0.030310950000000003
2021-12-06 07:00:00+00:00,0.019099775
2021-12-06 08:00:00+00:00,0.0096903
2021-12-06 09:00:00+00:00,0.0031574999999999997
2021-12-06 10:00:00+00:00,0.00038697499999999996
2021-12-06 11:00:00+00:00,0.0
2021-12-06 12:00:00+00:00,0.0
2021-12-06 13:00:00+00:00,0.0
2021-12-06 14:00:00+00:00,0.0
2021-12-06 15:00:00+00:00,1.3350000000000001e-05
2021-12-06 16:00:00+00:00,9.355e-05
2021-12-06 17:00:00+00:00,0.00092205
2021-12-06 18:00:00+00:00,0.006048775
2021-12-06 19:00:00+00:00,0.021846825
2021-12-06 20:00:00+00:00,0.036061925
2021-12-06 21:00:00+00:00,0.063901175
2021-12-06 22:00:00+00:00,0.1173144
2021-12-06 23:00:00+00:00,0.14099245000000002
2021-12-07 00:00:00+00:00,0.138300575
2021-12-07 01:00:00+00:00,0.10601814999999999
2021-12-07 02:00:00+00:00,0.0920495
2021-12-07 03:00:00+00:00,0.10905962500000001
2021-12-07 04:00:00+00:00,0.09136975
2021-12-07 05:00:00+00:00,0.068551625
2021-12-07 06:00:00+00:00,0.0739515
2021-12-07 07:00:00+00:00,0.076422325
2021-12-07 08:00:00+00:00,0.064542475
2021-12-07 09:00:00+00:00,0.07709335
2021-12-07 10:00:00+00:00,0.086560675
2021-12-07 11:00:00+00:00,0.0868908
2021-12-07 12:00:00+00:00,0.074291025
2021-12-07 13:00:00+00:00,0.058781925
2021-12-07 14:00:00+00:00,0.05436894999999999
2021-12-07 15:00:00+00:00,0.048443599999999996
2021-12-07 16:00:00+00:00,0.062143125
2021-12-07 17:00:00+00:00,0.07456955
2021-12-07 18:00:00+00:00,0.091465875
2021-12-07 19:00:00+00:00,0.0915043
2021-12-07 20:00:00+00:00,0.083049275
2021-12-07 21:00:00+00:00,0.075850975
2021-12-07 22:00:00+00:00,0.08953195
2021-12-07 23:00:00+00:00,0.0794684
2021-12-08 00:00:00+00:00,0.01918715
2021-12-08 01:00:00+00:00,0.001112325
2021-12-08 02:00:00+00:00,0.16843395
2021-12-08 03:00:00+00:00,0.335007725
2021-12-08 04:00:00+00:00,0.285266925
2021-12-08 05:00:00+00:00,0.247733875
2021-12-08 06:00:00+00:00,0.220847375
2021-12-08 07:00:00+00:00,0.188300475
2021-12-08 08:00:00+00:00,0.183218875
2021-12-08 09:00:00+00:00,0.15914994999999998
2021-12-08 10:00:00+00:00,0.13952615000000002
2021-12-08 11:00:00+00:00,0.143485575
2021-12-08 12:00:00+00:00,0.125919575
2021-12-08 13:00:00+00:00,0.10282295
2021-12-08 14:00:00+00:00,0.1204831
2021-12-08 15:00:00+00:00,0.185357175
2021-12-08 16:00:00+00:00,0.24299737500000002
2021-12-08 17:00:00+00:00,0.22905419999999999
2021-12-08 18:00:00+00:00,0.18409377500000002
2021-12-08 19:00:00+00:00,0.11554425000000001
2021-12-08 20:00:00+00:00,0.078751975
2021-12-08 21:00:00+00:00,0.077777875
2021-12-08 22:00:00+00:00,0.054785775
2021-12-08 23:00:00+00:00,0.027724799999999997
2021-12-09 00:00:00+00:00,0.015911075
2021-12-09 01:00:00+00:00,0.020714025
2021-12-09 02:00:00+00:00,0.02748955
2021-12-09 03:00:00+00:00,0.022186275000000002
2021-12-09 04:00:00+00:00,0.021587825
2021-12-09 05:00:00+00:00,0.019093225000000002
2021-12-09 06:00:00+00:00,0.0070955
2021-12-09 07:00:00+00:00,0.0024027000000000002
2021-12-09 08:00:00+00:00,0.0025648
2021-12-09 09:00:00+00:00,0.0019473749999999999
2021-12-09 10:00:00+00:00,0.0006464999999999999
2021-12-09 11:00:00+00:00,0.000254975
2021-12-09 12:00:00+00:00,4.965e-05
2021-12-09 13:00:00+00:00,0.0
2021-12-09 14:00:00+00:00,0.0
2021-12-09 15:00:00+00:00,0.0
2021-12-09 16:00:00+00:00,0.0
2021-12-09 17:00:00+00:00,0.0
2021-12-09 18:00:00+00:00,0.0
2021-12-09 19:00:00+00:00,0.0
2021-12-09 20:00:00+00:00,0.0
2021-12-09 21:00:00+00:00,0.0
2021-12-09 22:00:00+00:00,0.0
2021-12-09 23:00:00+00:00,8.0375e-05
2021-12-10 00:00:00+00:00,0.00267335
2021-12-10 01:00:00+00:00,0.00310685
2021-12-10 02:00:00+00:00,0.00076345
2021-12-10 03:00:00+00:00,0.000260175
2021-12-10 04:00:00+00:00,0.0001229
2021-12-10 05:00:00+00:00,0.0004846
2021-12-10 06:00:00+00:00,0.0014053000000000002
2021-12-10 07:00:00+00:00,0.001592375
2021-12-10 08:00:00+00:00,0.002030375
2021-12-10 09:00:00+00:00,0.004055925
2021-12-10 10:00:00+00:00,0.00922595
2021-12-10 11:00:00+00:00,0.009030475
2021-12-10 12:00:00+00:00,0.00338925
2021-12-10 13:00:00+00:00,0.00117735
2021-12-10 14:00:00+00:00,0.002846275
2021-12-10 15:00:00+00:00,0.009713675000000001
2021-12-10 16:00:00+00:00,0.013222575
2021-12-10 17:00:00+00:00,0.0128641
2021-12-10 18:00:00+00:00,0.0199873
2021-12-10 19:00:00+00:00,0.033368875000000006
2021-12-10 20:00:00+00:00,0.028460649999999997
2021-12-10 21:00:00+00:00,0.014783775
2021-12-10 22:00:00+00:00,0.008475
2021-12-10 23:00:00+00:00,0.00222225
2021-12-11 00:00:00+00:00,0.000138425
2021-12-11 01:00:00+00:00,0.0
2021-12-11 02:00:00+00:00,0.0
2021-12-11 03:00:00+00:00,0.0
2021-12-11 04:00:00+00:00,0.0
2021-12-11 05:00:00+00:00,0.0
2021-12-11 06:00:00+00:00,0.0
2021-12-11 07:00:00+00:00,0.0
2021-12-11 08:00:00+00:00,0.0
2021-12-11 09:00:00+00:00,0.0
2021-12-11 10:00:00+00:00,0.0
2021-12-11 11:00:00+00:00,7.730000000000001e-05
2021-12-11 12:00:00+00:00,0.00018485
2021-12-11 13:00:00+00:00,0.0013388249999999999
2021-12-11 14:00:00+00:00,0.00384885
2021-12-11 15:00:00+00:00,0.0040167250000000005
2021-12-11 16:00:00+00:00,0.003315975
2021-12-11 17:00:00+00:00,0.003441675
2021-12-11 18:00:00+00:00,0.004302025
2021-12-11 19:00:00+00:00,0.010727124999999999
2021-12-11 20:00:00+00:00,0.0158769
2021-12-11 21:00:00+00:00,0.016577625000000002
2021-12-11 22:00:00+00:00,0.043936725
2021-12-11 23:00:00+00:00,0.07158247499999999
2021-12-12 00:00:00+00:00,0.06971745
2021-12-12 01:00:00+00:00,0.0607942
2021-12-12 02:00:00+00:00,0.066257825
2021-12-12 03:00:00+00:00,0.10876937499999999
2021-12-12 04:00:00+00:00,0.11603245
2021-12-12 05:00:00+00:00,0.080273825
2021-12-12 06:00:00+00:00,0.074410275
2021-12-12 07:00:00+00:00,0.09223705
2021-12-12 08:00:00+00:00,0.0942305
2021-12-12 09:00:00+00:00,0.0785135
2021-12-12 10:00:00+00:00,0.11326085000000001
2021-12-12 11:00:00+00:00,0.10498885000000001
2021-12-12 12:00:00+00:00,0.06836727499999999
2021-12-12 13:00:00+00:00,0.095038425
2021-12-12 14:00:00+00:00,0.10727650000000001
2021-12-12 15:00:00+00:00,0.114792525
2021-12-12 16:00:00+00:00,0.10355272500000001
2021-12-12 17:00:00+00:00,0.08359565000000001
2021-12-12 18:00:00+00:00,0.08218925
2021-12-12 19:00:00+00:00,0.069714125
2021-12-12 20:00:00+00:00,0.05310815
2021-12-12 21:00:00+00:00,0.0381135
2021-12-12 22:00:00+00:00,0.033160625
2021-12-12 23:00:00+00:00,0.035724975
2021-12-13 00:00:00+00:00,0.026677674999999998
2021-12-13 01:00:00+00:00,0.012625925
2021-12-13 02:00:00+00:00,0.00775185
2021-12-13 03:00:00+00:00,0.015316125
2021-12-13 04:00:00+00:00,0.020583225
2021-12-13 05:00:00+00:00,0.022041875
2021-12-13 06:00:00+00:00,0.040261649999999996
2021-12-13 07:00:00+00:00,0.058915175
2021-12-13 08:00:00+00:00,0.061530125
2021-12-13 09:00:00+00:00,0.0564534
2021-12-13 10:00:00+00:00,0.060276175
2021-12-13 11:00:00+00:00,0.08648512500000001
2021-12-13 12:00:00+00:00,0.091237675
2021-12-13 13:00:00+00:00,0.10152077500000001
2021-12-13 14:00:00+00:00,0.10327312500000001
2021-12-13 15:00:00+00:00,0.0704635
2021-12-13 16:00:00+00:00,0.040434750000000005
2021-12-13 17:00:00+00:00,0.022404725
2021-12-13 18:00:00+00:00,0.023606975
2021-12-13 19:00:00+00:00,0.028631124999999997
2021-12-13 20:00:00+00:00,0.039051175
2021-12-13 21:00:00+00:00,0.0385237
2021-12-13 22:00:00+00:00,0.03221585
2021-12-13 23:00:00+00:00,0.038307625000000005
2021-12-14 00:00:00+00:00,0.048108475
2021-12-14 01:00:00+00:00,0.0681222
2021-12-14 02:00:00+00:00,0.091953675
2021-12-14 03:00:00+00:00,0.0797856
2021-12-14 04:00:00+00:00,0.053966499999999994
2021-12-14 05:00:00+00:00,0.0488486
2021-12-14 06:00:00+00:00,0.04434005
2021-12-14 07:00:00+00:00,0.05207605
2021-12-14 08:00:00+00:00,0.0558099
2021-12-14 09:00:00+00:00,0.0410135
2021-12-14 10:00:00+00:00,0.033379849999999996
2021-12-14 11:00:00+00:00,0.04104625
2021-12-14 12:00:00+00:00,0.050571475
2021-12-14 13:00:00+00:00,0.048054975
2021-12-14 14:00:00+00:00,0.042323525
2021-12-14 15:00:00+00:00,0.039437650000000005
2021-12-14 16:00:00+00:00,0.038023825
2021-12-14 17:00:00+00:00,0.04130835
2021-12-14 18:00:00+00:00,0.044587675
2021-12-14 19:00:00+00:00,0.056564224999999996
2021-12-14 20:00:00+00:00,0.067401875
2021-12-14 21:00:00+00:00,0.049334575
2021-12-14 22:00:00+00:00,0.037797924999999996
2021-12-14 23:00:00+00:00,0.03676965
2021-12-15 00:00:00+00:00,0.039563350000000004
2021-12-15 01:00:00+00:00,0.0462791
2021-12-15 02:00:00+00:00,0.045756775
2021-12-15 03:00:00+00:00,0.056687350000000004
2021-12-15 04:00:00+00:00,0.0701229
2021-12-15 05:00:00+00:00,0.06628455
2021-12-15 06:00:00+00:00,0.061588
2021-12-15 07:00:00+00:00,0.082417875
2021-12-15 08:00:00+00:00,0.09085975
2021-12-15 09:00:00+00:00,0.080594
2021-12-15 10:00:00+00:00,0.0813405
2021-12-15 11:00:00+00:00,0.075573025
2021-12-15 12:00:00+00:00,0.07142335000000001
2021-12-15 13:00:00+00:00,0.069622775
2021-12-15 14:00:00+00:00,0.0759421
2021-12-15 15:00:00+00:00,0.075002925
2021-12-15 16:00:00+00:00,0.08361825
2021-12-15 17:00:00+00:00,0.106413425
2021-12-15 18:00:00+00:00,0.10681355000000001
2021-12-15 19:00:00+00:00,0.10060065
2021-12-15 20:00:00+00:00,0.09545485
2021-12-15 21:00:00+00:00,0.0970875
2021-12-15 22:00:00+00:00,0.14580125
2021-12-15 23:00:00+00:00,0.20260217500000002
2021-12-16 00:00:00+00:00,0.22134522499999998
2021-12-16 01:00:00+00:00,0.19591465
2021-12-16 02:00:00+00:00,0.1780756
2021-12-16 03:00:00+00:00,0.17822515
2021-12-16 04:00:00+00:00,0.138246675
2021-12-16 05:00:00+00:00,0.107117325
2021-12-16 06:00:00+00:00,0.088946975
2021-12-16 07:00:00+00:00,0.0929151
2021-12-16 08:00:00+00:00,0.11079102499999999
2021-12-16 09:00:00+00:00,0.11106857500000002
2021-12-16 10:00:00+00:00,0.101596875
2021-12-16 11:00:00+00:00,0.0972703
2021-12-16 12:00:00+00:00,0.08866067500000001
2021-12-16 13:00:00+00:00,0.0821658
2021-12-16 14:00:00+00:00,0.12370012500000001
2021-12-16 15:00:00+00:00,0.15443105000000001
2021-12-16 16:00:00+00:00,0.1450908
2021-12-16 17:00:00+00:00,0.1825697
2021-12-16 18:00:00+00:00,0.2260169
2021-12-16 19:00:00+00:00,0.194424475
2021-12-16 20:00:00+00:00,0.147688575
2021-12-16 21:00:00+00:00,0.1775256
2021-12-16 22:00:00+00:00,0.21743189999999998
2021-12-16 23:00:00+00:00,0.20899932499999999
2021-12-17 00:00:00+00:00,0.21126215
2021-12-17 01:00:00+00:00,0.200807375
2021-12-17 02:00:00+00:00,0.136381275
2021-12-17 03:00:00+00:00,0.082054275
2021-12-17 04:00:00+00:00,0.072983725
2021-12-17 05:00:00+00:00,0.091891075
2021-12-17 06:00:00+00:00,0.10449375
2021-12-17 07:00:00+00:00,0.1318753
2021-12-17 08:00:00+00:00,0.16519105
2021-12-17 09:00:00+00:00,0.116629275
2021-12-17 10:00:00+00:00,0.053584299999999994
2021-12-17 11:00:00+00:00,0.02736615
2021-12-17 12:00:00+00:00,0.027686975000000003
2021-12-17 13:00:00+00:00,0.04894535
2021-12-17 14:00:00+00:00,0.049267450000000004
2021-12-17 15:00:00+00:00,0.032715100000000004
2021-12-17 16:00:00+00:00,0.0304151
2021-12-17 17:00:00+00:00,0.048256775
2021-12-17 18:00:00+00:00,0.055891525000000004
2021-12-17 19:00:00+00:00,0.0732892
2021-12-17 20:00:00+00:00,0.07224195
2021-12-17 21:00:00+00:00,0.040065924999999995
2021-12-17 22:00:00+00:00,0.023736225
2021-12-17 23:00:00+00:00,0.013058199999999999
2021-12-18 00:00:00+00:00,0.006220775
2021-12-18 01:00:00+00:00,0.008517875
2021-12-18 02:00:00+00:00,0.019402825000000002
2021-12-18 03:00:00+00:00,0.0181873
2021-12-18 04:00:00+00:00,0.020884625
2021-12-18 05:00:00+00:00,0.027402199999999998
2021-12-18 06:00:00+00:00,0.047622649999999996
2021-12-18 07:00:00+00:00,0.08901542500000001
2021-12-18 08:00:00+00:00,0.093867725
2021-12-18 09:00:00+00:00,0.08591345
2021-12-18 10:00:00+00:00,0.08536535
2021-12-18 11:00:00+00:00,0.12150820000000001
2021-12-18 12:00:00+00:00,0.15127335
2021-12-18 13:00:00+00:00,0.13560797500000002
2021-12-18 14:00:00+00:00,0.16197292500000002
2021-12-18 15:00:00+00:00,0.1866699
2021-12-18 16:00:00+00:00,0.170861175
2021-12-18 17:00:00+00:00,0.138429475
2021-12-18 18:00:00+00:00,0.1374973
2021-12-18 19:00:00+00:00,0.17686659999999998
2021-12-18 20:00:00+00:00,0.12049214999999999
2021-12-18 21:00:00+00:00,0.05671319999999999
2021-12-18 22:00:00+00:00,0.09783455
2021-12-18 23:00:00+00:00,0.0764083
2021-12-19 00:00:00+00:00,0.040321625
2021-12-19 01:00:00+00:00,0.057522725000000004
2021-12-19 02:00:00+00:00,0.060519575
2021-12-19 03:00:00+00:00,0.0657585
2021-12-19 04:00:00+00:00,0.071975075
2021-12-19 05:00:00+00:00,0.05515215
2021-12-19 06:00:00+00:00,0.023504925
2021-12-19 07:00:00+00:00,0.052336400000000005
2021-12-19 08:00:00+00:00,0.10921030000000001
2021-12-19 09:00:00+00:00,0.14342027499999999
2021-12-19 10:00:00+00:00,0.15053025
2021-12-19 11:00:00+00:00,0.0833313
2021-12-19 12:00:00+00:00,0.20511515
2021-12-19 13:00:00+00:00,0.36232112499999997
2021-12-19 14:00:00+00:00,0.324388675
2021-12-19 15:00:00+00:00,0.3243004
2021-12-19 16:00:00+00:00,0.28741765
2021-12-19 17:00:00+00:00,0.24018832499999998
2021-12-19 18:00:00+00:00,0.222346025
2021-12-19 19:00:00+00:00,0.178145325
2021-12-19 20:00:00+00:00,0.151582325
2021-12-19 21:00:00+00:00,0.13609805
2021-12-19 22:00:00+00:00,0.138248575
2021-12-19 23:00:00+00:00,0.1688193
2021-12-20 00:00:00+00:00,0.18302417499999998
2021-12-20 01:00:00+00:00,0.24191464999999998
2021-12-20 02:00:00+00:00,0.280699725
2021-12-20 03:00:00+00:00,0.205662025
2021-12-20 04:00:00+00:00,0.155264125
2021-12-20 05:00:00+00:00,0.16150925
2021-12-20 06:00:00+00:00,0.139826575
2021-12-20 07:00:00+00:00,0.09663134999999999
2021-12-20 08:00:00+00:00,0.0821015
2021-12-20 09:00:00+00:00,0.066499225
2021-12-20 10:00:00+00:00,0.054171725000000004
2021-12-20 11:00:00+00:00,0.051550425
2021-12-20 12:00:00+00:00,0.047801474999999996
2021-12-20 13:00:00+00:00,0.043488175000000004
2021-12-20 14:00:00+00:00,0.0445889
2021-12-20 15:00:00+00:00,0.04420615
2021-12-20 16:00:00+00:00,0.036346449999999995
2021-12-20 17:00:00+00:00,0.026500549999999998
2021-12-20 18:00:00+00:00,0.025977800000000002
2021-12-20 19:00:00+00:00,0.030674975
2021-12-20 20:00:00+00:00,0.0319455
2021-12-20 21:00:00+00:00,0.030700650000000003
2021-12-20 22:00:00+00:00,0.01915045
2021-12-20 23:00:00+00:00,0.006577825
2021-12-21 00:00:00+00:00,0.001814275
2021-12-21 01:00:00+00:00,0.00912995
2021-12-21 02:00:00+00:00,0.0263138
2021-12-21 03:00:00+00:00,0.027701
2021-12-21 04:00:00+00:00,0.028121225
2021-12-21 05:00:00+00:00,0.036658974999999996
2021-12-21 06:00:00+00:00,0.035028
2021-12-21 07:00:00+00:00,0.029054399999999998
2021-12-21 08:00:00+00:00,0.016100774999999998
2021-12-21 09:00:00+00:00,0.00434645
2021-12-21 10:00:00+00:00,0.001094975
2021-12-21 11:00:00+00:00,0.00131755
2021-12-21 12:00:00+00:00,0.001777925
2021-12-21 13:00:00+00:00,0.001492525
2021-12-21 14:00:00+00:00,0.00055415
2021-12-21 15:00:00+00:00,0.0
2021-12-21 16:00:00+00:00,0.0
2021-12-21 17:00:00+00:00,5.725e-06
2021-12-21 18:00:00+00:00,0.0008625999999999999
2021-12-21 19:00:00+00:00,0.00534305
2021-12-21 20:00:00+00:00,0.004494375
2021-12-21 21:00:00+00:00,8.200000000000001e-06
2021-12-21 22:00:00+00:00,0.0
2021-12-21 23:00:00+00:00,0.0
2021-12-22 00:00:00+00:00,0.000233425
2021-12-22 01:00:00+00:00,0.0005059
2021-12-22 02:00:00+00:00,0.00031407500000000003
2021-12-22 03:00:00+00:00,0.0021299
2021-12-22 04:00:00+00:00,0.007136625
2021-12-22 05:00:00+00:00,0.014034999999999999
2021-12-22 06:00:00+00:00,0.023681024999999998
2021-12-22 07:00:00+00:00,0.04249335
2021-12-22 08:00:00+00:00,0.04911725
2021-12-22 09:00:00+00:00,0.033548675
2021-12-22 10:00:00+00:00,0.02226115
2021-12-22 11:00:00+00:00,0.011693325000000001
2021-12-22 12:00:00+00:00,0.0036609499999999996
2021-12-22 13:00:00+00:00,0.004498449999999999
2021-12-22 14:00:00+00:00,0.0039533
2021-12-22 15:00:00+00:00,0.008929025
2021-12-22 16:00:00+00:00,0.02197895
2021-12-22 17:00:00+00:00,0.03140665
2021-12-22 18:00:00+00:00,0.038906475
2021-12-22 19:00:00+00:00,0.0526699
2021-12-22 20:00:00+00:00,0.06223815
2021-12-22 21:00:00+00:00,0.06022380000000001
2021-12-22 22:00:00+00:00,0.07970005
2021-12-22 23:00:00+00:00,0.089234275
2021-12-23 00:00:00+00:00,0.075692075
2021-12-23 01:00:00+00:00,0.063497975
2021-12-23 02:00:00+00:00,0.060205224999999994
2021-12-23 03:00:00+00:00,0.0714692
2021-12-23 04:00:00+00:00,0.06761215
2021-12-23 05:00:00+00:00,0.0612206
2021-12-23 06:00:00+00:00,0.06624044999999999
2021-12-23 07:00:00+00:00,0.069325925
2021-12-23 08:00:00+00:00,0.0670821
2021-12-23 09:00:00+00:00,0.09817785
2021-12-23 10:00:00+00:00,0.1237234
2021-12-23 11:00:00+00:00,0.12193937499999999
2021-12-23 12:00:00+00:00,0.118660175
2021-12-23 13:00:00+00:00,0.133335475
2021-12-23 14:00:00+00:00,0.112394975
2021-12-23 15:00:00+00:00,0.10007002499999999
2021-12-23 16:00:00+00:00,0.14231355
2021-12-23 17:00:00+00:00,0.1732335
2021-12-23 18:00:00+00:00,0.197670475
2021-12-23 19:00:00+00:00,0.181622875
2021-12-23 20:00:00+00:00,0.21078665000000002
2021-12-23 21:00:00+00:00,0.268191725
2021-12-23 22:00:00+00:00,0.3065426
2021-12-23 23:00:00+00:00,0.34191095
2021-12-24 00:00:00+00:00,0.317035475
2021-12-24 01:00:00+00:00,0.259078525
2021-12-24 02:00:00+00:00,0.2081858
2021-12-24 03:00:00+00:00,0.174998225
2021-12-24 04:00:00+00:00,0.16426495
2021-12-24 05:00:00+00:00,0.182043525
2021-12-24 06:00:00+00:00,0.22650884999999998
2021-12-24 07:00:00+00:00,0.2653835
2021-12-24 08:00:00+00:00,0.332158175
2021-12-24 09:00:00+00:00,0.48812547500000003
2021-12-24 10:00:00+00:00,0.63773415
2021-12-24 11:00:00+00:00,0.5709587749999999
2021-12-24 12:00:00+00:00,0.36479765000000003
2021-12-24 13:00:00+00:00,0.208100875
2021-12-24 14:00:00+00:00,0.096983975
2021-12-24 15:00:00+00:00,0.056945974999999996
2021-12-24 16:00:00+00:00,0.09723395
2021-12-24 17:00:00+00:00,0.128513825
2021-12-24 18:00:00+00:00,0.12420852500000001
2021-12-24 19:00:00+00:00,0.09939289999999999
2021-12-24 20:00:00+00:00,0.077714775
2021-12-24 21:00:00+00:00,0.06878005000000001
2021-12-24 22:00:00+00:00,0.06383675
2021-12-24 23:00:00+00:00,0.051040499999999996
2021-12-25 00:00:00+00:00,0.024350174999999998
2021-12-25 01:00:00+00:00,0.014133975000000002
2021-12-25 02:00:00+00:00,0.027981400000000003
2021-12-25 03:00:00+00:00,0.050535924999999995
2021-12-25 04:00:00+00:00,0.041624875
2021-12-25 05:00:00+00:00,0.018719399999999997
2021-12-25 06:00:00+00:00,0.011881425
2021-12-25 07:00:00+00:00,0.0135942
2021-12-25 08:00:00+00:00,0.00868525
2021-12-25 09:00:00+00:00,0.00183255
2021-12-25 10:00:00+00:00,0.0010214
2021-12-25 11:00:00+00:00,0.000984275
2021-12-25 12:00:00+00:00,0.00021339999999999998
2021-12-25 13:00:00+00:00,0.0
2021-12-25 14:00:00+00:00,0.0
2021-12-25 15:00:00+00:00,0.0
2021-12-25 16:00:00+00:00,0.0
2021-12-25 17:00:00+00:00,0.00021312500000000002
2021-12-25 18:00:00+00:00,0.001029875
2021-12-25 19:00:00+00:00,0.0048670499999999995
2021-12-25 20:00:00+00:00,0.00653805
2021-12-25 21:00:00+00:00,0.0088629
2021-12-25 22:00:00+00:00,0.016287
2021-12-25 23:00:00+00:00,0.016310724999999998
2021-12-26 00:00:00+00:00,0.015911375000000002
2021-12-26 01:00:00+00:00,0.01933145
2021-12-26 02:00:00+00:00,0.035306975
2021-12-26 03:00:00+00:00,0.06701934999999999
2021-12-26 04:00:00+00:00,0.130583475
2021-12-26 05:00:00+00:00,0.1743863
2021-12-26 06:00:00+00:00,0.15448725
2021-12-26 07:00:00+00:00,0.144404225
2021-12-26 08:00:00+00:00,0.147319475
2021-12-26 09:00:00+00:00,0.11991579999999999
2021-12-26 10:00:00+00:00,0.080000925
2021-12-26 11:00:00+00:00,0.071580175
2021-12-26 12:00:00+00:00,0.084035275
2021-12-26 13:00:00+00:00,0.10550235
2021-12-26 14:00:00+00:00,0.165574
2021-12-26 15:00:00+00:00,0.18716295
2021-12-26 16:00:00+00:00,0.223359125
2021-12-26 17:00:00+00:00,0.2994953
2021-12-26 18:00:00+00:00,0.2937867
2021-12-26 19:00:00+00:00,0.297058375
2021-12-26 20:00:00+00:00,0.307896625
2021-12-26 21:00:00+00:00,0.2887501
2021-12-26 22:00:00+00:00,0.2330158
2021-12-26 23:00:00+00:00,0.15840307499999998
2021-12-27 00:00:00+00:00,0.13770860000000001
2021-12-27 01:00:00+00:00,0.125630825
2021-12-27 02:00:00+00:00,0.12838765000000002
2021-12-27 03:00:00+00:00,0.132092925
2021-12-27 04:00:00+00:00,0.12011692499999999
2021-12-27 05:00:00+00:00,0.1163672
2021-12-27 06:00:00+00:00,0.123697775
2021-12-27 07:00:00+00:00,0.12272437500000001
2021-12-27 08:00:00+00:00,0.10650452499999999
2021-12-27 09:00:00+00:00,0.091476025
2021-12-27 10:00:00+00:00,0.08315109999999999
2021-12-27 11:00:00+00:00,0.075250575
2021-12-27 12:00:00+00:00,0.06993300000000001
2021-12-27 13:00:00+00:00,0.08460242500000001
2021-12-27 14:00:00+00:00,0.11010199999999999
2021-12-27 15:00:00+00:00,0.14297895000000002
2021-12-27 16:00:00+00:00,0.161661425
2021-12-27 17:00:00+00:00,0.12090332499999999
2021-12-27 18:00:00+00:00,0.108142575
2021-12-27 19:00:00+00:00,0.128379625
2021-12-27 20:00:00+00:00,0.134633525
2021-12-27 21:00:00+00:00,0.1475603
2021-12-27 22:00:00+00:00,0.12538385000000002
2021-12-27 23:00:00+00:00,0.10868515
2021-12-28 00:00:00+00:00,0.11385284999999999
2021-12-28 01:00:00+00:00,0.12342687499999999
2021-12-28 02:00:00+00:00,0.1400747
2021-12-28 03:00:00+00:00,0.1309259
2021-12-28 04:00:00+00:00,0.1250368
2021-12-28 05:00:00+00:00,0.1513025
2021-12-28 06:00:00+00:00,0.143754925
2021-12-28 07:00:00+00:00,0.130230025
2021-12-28 08:00:00+00:00,0.154704975
2021-12-28 09:00:00+00:00,0.16493075
2021-12-28 10:00:00+00:00,0.14623119999999998
2021-12-28 11:00:00+00:00,0.145961525
2021-12-28 12:00:00+00:00,0.14276175
2021-12-28 13:00:00+00:00,0.11611747499999998
2021-12-28 14:00:00+00:00,0.15588542500000002
2021-12-28 15:00:00+00:00,0.168083475
2021-12-28 16:00:00+00:00,0.1169088
2021-12-28 17:00:00+00:00,0.10522942499999999
2021-12-28 18:00:00+00:00,0.07179405
2021-12-28 19:00:00+00:00,0.031144824999999998
2021-12-28 20:00:00+00:00,0.0242613
2021-12-28 21:00:00+00:00,0.038027725
2021-12-28 22:00:00+00:00,0.057986875
2021-12-28 23:00:00+00:00,0.06272925
2021-12-29 00:00:00+00:00,0.063348825
2021-12-29 01:00:00+00:00,0.07220155
2021-12-29 02:00:00+00:00,0.072725175
2021-12-29 03:00:00+00:00,0.08015610000000001
2021-12-29 04:00:00+00:00,0.10649659999999998
2021-12-29 05:00:00+00:00,0.085092275
2021-12-29 06:00:00+00:00,0.053068174999999995
2021-12-29 07:00:00+00:00,0.068283325
2021-12-29 08:00:00+00:00,0.058446525
2021-12-29 09:00:00+00:00,0.030173375
2021-12-29 10:00:00+00:00,0.031062325
2021-12-29 11:00:00+00:00,0.039717025
2021-12-29 12:00:00+00:00,0.0692699
2021-12-29 13:00:00+00:00,0.10686517499999999
2021-12-29 14:00:00+00:00,0.095125625
2021-12-29 15:00:00+00:00,0.055302625
2021-12-29 16:00:00+00:00,0.0334972
2021-12-29 17:00:00+00:00,0.02637005
2021-12-29 18:00:00+00:00,0.0156645
2021-12-29 19:00:00+00:00,0.013024025
2021-12-29 20:00:00+00:00,0.023420875
2021-12-29 21:00:00+00:00,0.046185375
2021-12-29 22:00:00+00:00,0.0722629
2021-12-29 23:00:00+00:00,0.0787695
2021-12-30 00:00:00+00:00,0.0782033
2021-12-30 01:00:00+00:00,0.040308550000000005
2021-12-30 02:00:00+00:00,7.32e-05
2021-12-30 03:00:00+00:00,0.082151475
2021-12-30 04:00:00+00:00,0.16509255
2021-12-30 05:00:00+00:00,0.107569975
2021-12-30 06:00:00+00:00,0.06898235
2021-12-30 07:00:00+00:00,0.092202775
2021-12-30 08:00:00+00:00,0.09577480000000001
2021-12-30 09:00:00+00:00,0.0967827
2021-12-30 10:00:00+00:00,0.124831925
2021-12-30 11:00:00+00:00,0.17344245
2021-12-30 12:00:00+00:00,0.19556880000000001
2021-12-30 13:00:00+00:00,0.24732379999999998
2021-12-30 14:00:00+00:00,0.259161975
2021-12-30 15:00:00+00:00,0.2610089
2021-12-30 16:00:00+00:00,0.32701264999999996
2021-12-30 17:00:00+00:00,0.292297775
2021-12-30 18:00:00+00:00,0.23662779999999997
2021-12-30 19:00:00+00:00,0.21715279999999998
2021-12-30 20:00:00+00:00,0.2231187
2021-12-30 21:00:00+00:00,0.2545573
2021-12-30 22:00:00+00:00,0.270770725
2021-12-30 23:00:00+00:00,0.1684343
2021-12-31 00:00:00+00:00,0.025994225
2021-12-31 01:00:00+00:00,0.000670925
2021-12-31 02:00:00+00:00,0.0010977
2021-12-31 03:00:00+00:00,0.150026625
2021-12-31 04:00:00+00:00,0.150209775
2021-12-31 05:00:00+00:00,0.0008664500000000001
2021-12-31 06:00:00+00:00,0.00028145
2021-12-31 07:00:00+00:00,0.0004891250000000001
2021-12-31 08:00:00+00:00,0.0012826
2021-12-31 09:00:00+00:00,0.0011236
2021-12-31 10:00:00+00:00,0.000329375
2021-12-31 11:00:00+00:00,0.10265065
2021-12-31 12:00:00+00:00,0.22533245000000002
2021-12-31 13:00:00+00:00,0.2095308
2021-12-31 14:00:00+00:00,0.208673075
2021-12-31 15:00:00+00:00,0.15563005
2021-12-31 16:00:00+00:00,0.062332000000000005
2021-12-31 17:00:00+00:00,0.10014902499999999
2021-12-31 18:00:00+00:00,0.14917105
2021-12-31 19:00:00+00:00,0.14246475
2021-12-31 20:00:00+00:00,0.102089375
2021-12-31 21:00:00+00:00,0.0894912
2021-12-31 22:00:00+00:00,0.10456420000000001
2021-12-31 23:00:00+00:00,0.1360634
